-6.939056093859716334e+00 -7.157574014778724347e+00 -1.147387888014179680e-01
-6.857511454989542621e+00 -6.535058888636206653e+00 -3.964424941280899617e-01
-6.774691493279116905e+00 -6.593883944809795672e+00 -1.098108059184408347e-01
-7.496462670298047470e+00 -7.007249049529545637e+00 -8.976068689267080458e-02
-6.722364168091517378e+00 -6.526879520335940654e+00 -2.848894034222588800e-01
-7.365366260507340002e+00 -7.361746688043932174e+00 -6.755562223101918562e-02
-6.793331717370152845e+00 -6.940121947011821391e+00 -4.560186690311152091e-01
-6.855618441648211991e+00 -7.175199720470195608e+00 -4.691882701756515672e-01
-7.290010265440979076e+00 -6.939462217372141417e+00 -3.574595096744381806e-02
-7.333363919936759956e+00 -6.962414769559964078e+00 -1.410764551968846092e-01
-6.798573736373745291e+00 -7.122994695567464341e+00 -3.301360220349671692e-01
-6.829859504644538504e+00 -7.224564464395369257e+00 -6.866990342200729458e-02
-6.502728740825572729e+00 -7.073221527506600381e+00 -2.520986271702323478e-01
-7.256431847116393108e+00 -6.847796923492909471e+00 -2.806497867014581260e-01
-7.477413059427278519e+00 -7.487505641930640721e+00 -6.427946384803817637e-02
-6.935860540115013961e+00 -6.935754622153283755e+00 -1.859514881978743261e-01
-6.947887996202275929e+00 -6.602812945699477076e+00 -9.133368477065673119e-02
-7.398619923729259362e+00 -7.415615355522465535e+00 -4.779581776000139115e-01
-6.985625349772025316e+00 -6.946171319687418411e+00 -3.484636303236730015e-01
-6.658011213198131273e+00 -6.929082560857926509e+00 -4.405186409857613228e-01
-7.281275891830311764e+00 -6.785434695619750656e+00 -3.040018922717191430e-01
-7.213638953408517906e+00 -6.653614067217920258e+00 -1.962702651338084081e-01
-5.901162609694695860e+00 -7.485717223955144384e+00 -1.910391156958990422e-01
-6.489274288428362958e+00 -6.805866584156582633e+00 -1.690464419607025093e-01
-6.108602942418713155e+00 -6.653823247842988842e+00 -3.113963673626063411e-01
-6.424912903684860233e+00 -6.545760114472755298e+00 -5.835066056358506614e-02
-5.967416281648690202e+00 -6.567005164414986496e+00 -3.621200169176592709e-01
-5.548391996904554979e+00 -7.337513316162723065e+00 -4.014705274949594838e-01
-6.046571799765523281e+00 -7.119885420816778776e+00 -2.610355558441916912e-01
-6.394387159277714616e+00 -7.220534686327443552e+00 -4.248293364099708924e-01
-5.826810709652779252e+00 -7.382919357378240122e+00 -2.395379524421628048e-01
-6.257996012248157491e+00 -6.519388635084491845e+00 -3.667454874622944061e-01
-6.468079405792209968e+00 -7.341093098627911928e+00 -5.891895957363502134e-03
-5.728051422708087870e+00 -7.397554138786100353e+00 -2.002917499197796047e-01
-5.594466994387788716e+00 -7.164327514639612815e+00 -2.688745575337261329e-01
-5.823614127988777867e+00 -7.054317676539836768e+00 -3.915841128755417344e-01
-6.248452398808165498e+00 -7.497028674089522227e+00 -2.778232124797277436e-01
-6.463448573713787226e+00 -7.290002363780263117e+00 -1.384735035290276528e-01
-5.517939135052491118e+00 -6.892158671962595129e+00 -2.913354193702346606e-01
-5.884142756224624016e+00 -6.647188701447155346e+00 -4.433116705071693531e-01
-5.357153899123748175e+00 -6.625968432650203965e+00 -1.937382260178495130e-01
-4.986408500996627247e+00 -6.500470823121774266e+00 -7.386297024544674628e-02
-4.949709365877953182e+00 -6.803761335387373599e+00 -2.480881530340486307e-01
-4.710388818928075594e+00 -6.675605656223453366e+00 -9.224877523267949186e-02
-4.914232726739625079e+00 -6.925023693231164401e+00 -2.747714271576064959e-01
-5.089071661317282391e+00 -6.585022814978922057e+00 -3.062208981484459969e-01
-4.902500792215287895e+00 -6.789961942955308416e+00 -4.091971851496296608e-01
-5.110864576911879453e+00 -6.702299313394568081e+00 -3.375051748584620981e-01
-5.170752660861572814e+00 -7.342770011528030771e+00 -1.875286271156397788e-01
-4.536950032473919592e+00 -6.672059977250449414e+00 -1.665581406505083351e-01
-5.289432499887297467e+00 -6.724714900433899523e+00 -4.588318617074147454e-01
-5.322383785383861365e+00 -6.962961505938586981e+00 -2.429847626681986839e-01
-4.679391059476551540e+00 -7.401441416682032148e+00 -2.854574960048932297e-01
-5.387655384379701040e+00 -6.510850233403445486e+00 -9.209440451171246877e-02
-5.105493338413560345e+00 -7.114216268138954469e+00 -1.826917070435349899e-01
-4.561578930006435328e+00 -6.708698617183325830e+00 -8.529703566044055663e-02
-4.544058473501034534e+00 -6.515961997003593353e+00 -1.609129738250913988e-02
-4.790952909651736036e+00 -7.047209943633593987e+00 -6.049833792511094543e-02
-4.340616667239758364e+00 -6.702954034011614048e+00 -4.040776820276796855e-01
-3.553750677591135609e+00 -6.944376748113503695e+00 -4.327063984113230788e-01
-3.851280916091903261e+00 -7.166862809803942191e+00 -3.784020795702858209e-02
-4.427056165169234170e+00 -6.578368968483006896e+00 -2.666022188277690219e-01
-4.219457541608417017e+00 -7.196274452544940914e+00 -1.080311752903320155e-01
-3.992435403026975305e+00 -6.513267488421986329e+00 -1.360620984547562529e-01
-3.842882870883598478e+00 -6.981540438606463894e+00 -4.942735058003151494e-01
-4.119721181017960809e+00 -7.242365649983891096e+00 -1.701895479878263728e-01
-3.740887026623965106e+00 -6.838366165593268597e+00 -3.070234346456910401e-01
-4.091986076215714974e+00 -7.110572201614616006e+00 -4.798873857767826934e-01
-4.333943862864832575e+00 -7.318974803507649618e+00 -3.461693244383106105e-01
-4.306432747489012947e+00 -7.007110172124074055e+00 -1.657055151943076510e-02
-4.142640743471316611e+00 -7.068443274704356405e+00 -3.596659748200980999e-01
-3.702326016230045980e+00 -6.993249406177429961e+00 -1.349166106274797272e-01
-3.804414644207755547e+00 -7.226134801044832301e+00 -2.497603193947988132e-01
-3.644963310647894694e+00 -6.805870412198595787e+00 -3.356212814008490142e-01
-3.704358643370136317e+00 -7.299086690356746843e+00 -1.326030230027868129e-01
-3.726053054411852639e+00 -6.835922744231355708e+00 -3.770207673333345610e-01
-3.779549534250798537e+00 -6.876391507652987123e+00 -4.535697426609139882e-01
-3.258552767426476926e+00 -7.421507388289894536e+00 -3.810811388610328976e-01
-3.494847722860422223e+00 -7.226820053119990206e+00 -2.547891590727644484e-01
-3.484453516173518395e+00 -7.039777639362458039e+00 -3.860606736878153811e-01
-2.622918181386745040e+00 -7.092942510474367523e+00 -4.533003452163395508e-01
-2.964735669434324095e+00 -6.675841869255139116e+00 -2.687670279298011167e-01
-2.742083798668041084e+00 -7.233897032050890630e+00 -2.358877517923101408e-01
-2.833163893519867749e+00 -6.643624561627528458e+00 -1.435924930094145680e-03
-2.917634789278324092e+00 -6.648458491088780065e+00 -2.045017007541005682e-02
-2.694179211318211031e+00 -6.762654278110441730e+00 -3.151365962508076990e-01
-2.697478592654798391e+00 -6.878443859682127126e+00 -2.209617676877488890e-01
-3.169164984788529260e+00 -7.318707089209976147e+00 -3.956360492075621238e-01
-2.892729672633295834e+00 -7.481763123128573945e+00 -4.169164878401527830e-01
-3.254791578618736025e+00 -6.875446615563545194e+00 -3.665153264629914531e-01
-3.439951529533501251e+00 -6.593719536328268127e+00 -1.960287792678805374e-01
-3.070515539383412040e+00 -7.412673083995961143e+00 -1.462658836079793190e-01
-2.866223569736055410e+00 -7.306049895429154617e+00 -2.431988394001383114e-01
-2.852536952348135202e+00 -6.998510000533363140e+00 -4.501302102422073403e-01
-3.202587753914508895e+00 -6.905092283614072457e+00 -2.004521223755837411e-01
-1.679941724361858846e+00 -7.484141782233025175e+00 -4.346027812585155914e-01
-2.324054879957440534e+00 -6.535305403193959251e+00 -4.522956929300878670e-01
-1.700910515904727305e+00 -6.921414409715386462e+00 -9.405583117062299436e-02
-1.725910569655154880e+00 -6.851525820166956215e+00 -1.192732226201158596e-01
-1.999199366102494935e+00 -6.815923953238405275e+00 -2.624607818709403517e-01
-2.433471450044007334e+00 -7.282504420621589425e+00 -8.944831846639011985e-02
-2.161259446760915637e+00 -7.370173607599315169e+00 -6.195953493028127923e-02
-1.763733826093954349e+00 -6.875586256602210788e+00 -4.809002207786399197e-01
-1.713703651277195483e+00 -6.841390268830874533e+00 -4.852253330821163502e-01
-2.468293981626738187e+00 -6.744503188261741222e+00 -3.647023092434835689e-01
-1.614762762028437493e+00 -6.761913522889764216e+00 -5.372091491846653355e-02
-2.300892413901475919e+00 -7.254930288304863417e+00 -2.412897008890890760e-01
-1.706481971222157057e+00 -7.381476441075827566e+00 -5.833897388779440973e-02
-2.316027437123124422e+00 -6.689550358480103043e+00 -3.128538433056604617e-03
-2.297059518290486047e+00 -6.987772935836391142e+00 -9.011600348216930456e-02
-2.421148561818220912e+00 -7.394677719170156927e+00 -1.919062479228959006e-01
-1.569799821644560112e+00 -7.479033987656389826e+00 -8.859078083069960030e-03
-2.063093237059224094e+00 -7.356135281779938140e+00 -6.277345538944700820e-02
-1.633522969616309162e+00 -6.598320159827618880e+00 -2.930206263105308295e-01
-1.591265100775564711e+00 -7.006035411557574477e+00 -4.291690643206411693e-01
-1.933181774915230022e+00 -6.552267174919330195e+00 -1.739098161974776957e-01
-1.917217019232664299e+00 -7.209647121529568992e+00 -6.969579325562236249e-02
-1.323259335153734284e+00 -7.254372532263114515e+00 -1.294312135866810820e-01
-1.034999935098388057e+00 -7.426388380517440879e+00 -9.471824748318624643e-02
-1.153622569995807368e+00 -7.248733080998932543e+00 -3.542791258262276699e-01
-1.340832281949266402e+00 -6.659923270271320916e+00 -2.922952143016210869e-01
-7.577800814782458261e-01 -6.957856298382424143e+00 -2.969685161251156558e-02
-1.051069906638881335e+00 -7.385782515886265998e+00 -6.866570668494986762e-02
-8.047650507791228591e-01 -7.111400032515700076e+00 -4.418549803254663288e-01
-1.001676168231377062e+00 -6.584518308539448306e+00 -4.502153710282854604e-01
-6.586535615998609927e-01 -6.929860014446566296e+00 -3.149987765311053067e-01
-1.429925120866007759e+00 -7.148550020806171190e+00 -4.200827759192904409e-02
-5.692066821427932410e-01 -6.661061322438928123e+00 -2.390351538401507270e-01
-1.068917650492492655e+00 -6.613689144448446022e+00 -3.859239992151284326e-01
-7.913293772207357080e-01 -7.378031586526774710e+00 -3.165839921983604199e-01
-1.384406739660198227e+00 -6.771528372091339065e+00 -2.119617185411257765e-01
-1.005761516174600523e+00 -7.026110975601703501e+00 -4.966779295546679407e-01
-1.004480342245974711e+00 -7.440533311144017503e+00 -3.692373509548367849e-01
-7.227692777456500295e-01 -6.552941453202964617e+00 -1.919761029041584521e-01
-8.939344964866826615e-01 -6.642192359860696449e+00 -1.145210584442359902e-01
-1.114006152651683124e+00 -7.177061079310894876e+00 -1.286556897055177728e-01
-4.406672036453294083e-01 -6.756370582510647260e+00 -2.390451293938138377e-01
-3.750711193886875350e-01 -7.255165687596139890e+00 -1.948660424659340862e-01
-2.765497655909845420e-01 -6.972235505886394513e+00 -3.677654240216963188e-01
4.282666202628524488e-01 -6.761003395744710431e+00 -2.865454419430246702e-01
1.232459992379899560e-01 -7.098295575084326181e+00 -3.742590769749227775e-01
6.951203375746661806e-02 -7.301819462751989676e+00 -2.143648936444471076e-01
3.404956791987725495e-01 -7.241688870212612983e+00 -4.209512878987204942e-01
3.712872692574258338e-01 -6.594209996396899420e+00 -3.732970227561711596e-01
3.775263988453589903e-01 -6.835525517201196166e+00 -1.808959756714703104e-01
2.124065388067233329e-01 -7.431512312265849296e+00 -1.791725810595679036e-01
-3.930439111912411576e-01 -6.919749962600037385e+00 -4.180450818644221300e-01
3.184602181119080555e-01 -7.114065117393803206e+00 -3.098906552452458385e-01
2.517870465986637996e-01 -7.200454751997671821e+00 -1.311568381194714306e-01
-2.285836551905706671e-02 -7.470877966353019595e+00 -4.759046682200569478e-01
-3.905029082455824252e-01 -7.350614183156666037e+00 -2.519427394912376883e-01
1.434276278148036710e-01 -6.635836140340797940e+00 -1.917221728392473068e-01
2.362318588918039808e-01 -6.899631994443505612e+00 -1.276764230428764080e-01
6.971700759268539827e-01 -7.081654562910839168e+00 -3.963149317608571920e-01
9.529912494578560711e-01 -6.640727898962503595e+00 -4.316715573967240260e-01
1.231664806354011432e+00 -7.369693895325481137e+00 -3.695901138758479476e-01
7.468955661033298554e-01 -7.369774849912139381e+00 -4.467302940321218330e-01
9.138426805803323560e-01 -6.596264446485474053e+00 -1.215375955287338883e-01
1.426857167092984824e+00 -6.910640693789967592e+00 -1.228823637074576425e-01
1.386056741246884272e+00 -7.195170328912766422e+00 -1.592933721982383588e-01
6.153834371045334706e-01 -7.158787147454536814e+00 -3.887828726405668789e-01
6.249993516256626691e-01 -7.011188310258337886e+00 -3.065144632001377545e-01
7.924201691940204739e-01 -7.221829026413921326e+00 -1.823488113085751650e-01
1.278633898371499100e+00 -7.048596783583815473e+00 -2.424654764829554665e-01
1.287911342150955818e+00 -7.283339857500275016e+00 -1.922726543337809346e-01
1.485330885101648235e+00 -6.594908060835547481e+00 -1.070685555552124413e-01
6.980937377848857039e-01 -6.911396189329626516e+00 -1.641370590900983473e-01
1.108558426259499186e+00 -7.246851437980474486e+00 -2.163251740168092851e-02
5.783934182538494895e-01 -6.745255083871233737e+00 -1.961535778661573914e-01
2.058506070251983289e+00 -6.646368152733424850e+00 -1.888955617739203063e-01
2.420709088701148204e+00 -7.340386851682848324e+00 -3.290104262671285085e-01
1.764602470985792593e+00 -7.293889844783929099e+00 -1.089080671642488340e-01
1.510050088427888682e+00 -7.112690715248125350e+00 -3.072751891148897130e-01
2.415802436887544147e+00 -7.136884569807207868e+00 -3.640113407557770131e-01
1.539110712693139149e+00 -6.884309088497734486e+00 -3.501652211217169963e-01
2.298701408173048577e+00 -7.318771939510496871e+00 -3.839644771583774485e-01
2.227792157563143860e+00 -7.015632879137417177e+00 -1.966610379320155033e-01
2.258148125511652893e+00 -6.842752695135187579e+00 -7.885511540671785724e-02
1.524893512932214534e+00 -6.997178690957813529e+00 -1.001111950779787207e-02
2.200103885346834431e+00 -7.350333099505939494e+00 -1.512021199048163567e-02
1.728640384865402169e+00 -7.273065876445368616e+00 -3.854914638354181022e-01
1.627374871975451498e+00 -7.150911548391134964e+00 -3.144801858103214443e-01
1.891599316730383507e+00 -7.012562789323395940e+00 -3.931735950416594960e-01
1.907000860738200743e+00 -7.360084508372360723e+00 -2.522658853074037921e-01
2.470613124706760644e+00 -7.367195160449922398e+00 -2.774886250794441622e-01
1.935465902000141014e+00 -7.213636616617485231e+00 -1.578569702605339131e-01
2.282659124369859072e+00 -7.482378062557012655e+00 -4.301672729355932034e-01
1.978548811218038495e+00 -6.594376192915881063e+00 -2.804320107969164866e-01
2.105789202059582976e+00 -6.704062206946084679e+00 -3.414251636409098012e-01
1.557959315932951228e+00 -6.600660229564125459e+00 -4.951337069589598627e-01
3.012066775296455390e+00 -7.002921215070466943e+00 -4.465417981455850338e-01
3.416062248865548767e+00 -7.489684325707638202e+00 -1.685955630184370335e-01
3.288524384274127854e+00 -7.171490174842728216e+00 -3.311747314345971915e-01
3.179052002015421152e+00 -6.851853478383318041e+00 -5.297379065220830796e-02
3.419838175306271211e+00 -7.382094199584360084e+00 -4.291419578994180029e-01
3.376715594837969903e+00 -7.040996858725158347e+00 -4.006183071367530601e-02
2.633125346153457613e+00 -6.981628923151651733e+00 -3.709881842117077611e-01
3.016072812569511541e+00 -6.601260963601291110e+00 -2.360668001382499881e-01
2.637680585746835504e+00 -6.907176396146846642e+00 -9.004019298539489569e-02
2.754465386408078587e+00 -7.184210755543457338e+00 -1.363347969845669638e-01
3.431810042006517847e+00 -7.220509608137885671e+00 -1.774516093763747193e-01
3.180091569022692966e+00 -7.195437270988893630e+00 -2.010857863566783976e-02
3.427947978761638481e+00 -6.753429052243787645e+00 -4.350351008667985298e-01
3.139411601724225065e+00 -7.068857256350232099e+00 -5.534186615982150670e-02
3.074483970311753467e+00 -7.282220394607929137e+00 -2.157801310896836355e-01
3.471984865262356834e+00 -6.636923721955981570e+00 -1.027801562303540805e-01
2.903533222663391200e+00 -7.092529872359453869e+00 -2.304930132053542025e-01
3.234171193504721487e+00 -6.789742384362903671e+00 -7.886294483397016108e-02
2.772384040856321619e+00 -7.052984999018844015e+00 -3.543735642936614028e-01
2.827995586938754968e+00 -7.060144901599492151e+00 -1.659022612920200146e-01
3.104651143058646312e+00 -7.344298481764187869e+00 -1.261574351191150356e-01
3.474889946557834008e+00 -6.527333959318305290e+00 -3.287695713418994359e-01
3.371485468278617503e+00 -6.508737055124080406e+00 -3.431349493031632392e-01
2.634375765465961194e+00 -7.064312602713625822e+00 -3.414799016549849853e-01
4.001433463210162245e+00 -6.500486325295147694e+00 -2.046612368485671851e-01
3.715052886853449365e+00 -7.015328770455891316e+00 -3.607617413268737749e-01
4.106455011687783596e+00 -7.150458533882312118e+00 -2.866342987734906700e-01
3.957795046564484664e+00 -6.699641488112193066e+00 -2.636085512086605576e-01
3.817036657131266608e+00 -6.917728241784447896e+00 -3.198856071514573074e-01
3.928379426207738945e+00 -7.126943533872798220e+00 -3.007428794855062648e-01
3.714503129183141183e+00 -7.366315436827937546e+00 -3.158315817376013968e-01
3.851641262258173271e+00 -7.260518210295980879e+00 -4.409660494545093457e-01
4.085605346517915848e+00 -6.814542017098228932e+00 -4.770928779501630856e-01
4.334914909784185255e+00 -7.192986657916732973e+00 -3.221467405408162676e-02
3.800070448928073219e+00 -6.748122462174218406e+00 -2.662414735823439571e-01
4.028310944528463722e+00 -6.977904442682510755e+00 -1.627391876866575160e-01
3.524013061638450850e+00 -6.690813319885903887e+00 -6.981165785471077356e-02
4.637419781316419076e+00 -7.319900122981983337e+00 -9.778996618196877932e-02
4.956275080029339364e+00 -6.790252769023942925e+00 -3.132255756930213408e-02
4.596033781203216151e+00 -7.173273700915076212e+00 -1.801308171198421348e-01
5.239114183316564421e+00 -6.851828903615048816e+00 -1.044181233320298219e-01
4.878444430441028601e+00 -6.742046402983422837e+00 -4.061387629708992364e-01
5.390978931347623515e+00 -7.325436385423627961e+00 -1.783157101231758190e-02
4.607269464660452840e+00 -6.598531530536870804e+00 -1.964098945348613512e-01
4.817388799315914127e+00 -6.803975706011162750e+00 -4.327388610389437673e-01
5.087357387015952526e+00 -7.450335322760680334e+00 -1.891262826746871184e-01
4.506036419197744891e+00 -6.545963932836642130e+00 -5.760681135330791847e-02
5.282386608623262703e+00 -6.792587443954433368e+00 -4.759028789151997785e-01
4.999844489817986570e+00 -6.735291258781384016e+00 -2.925600112675557085e-01
4.842913862287058890e+00 -7.292861633449076564e+00 -1.493967118457657506e-01
5.039337789707342807e+00 -6.961222251181528264e+00 -4.221082750964075814e-01
4.644159715293799451e+00 -7.299213290847499813e+00 -1.893457979213302167e-01
4.522414724604207237e+00 -6.715022028719743297e+00 -1.277756832507641604e-01
5.450850863797725765e+00 -7.079267840786708454e+00 -1.724597199141442161e-02
4.922091457051564589e+00 -7.260541614072224981e+00 -4.113478800058683049e-01
5.034612627848659372e+00 -6.568312366037204697e+00 -1.903381706063083101e-01
5.116676575561019291e+00 -7.239940336108525720e+00 -1.909409486976976211e-02
5.326867136076796072e+00 -6.518749043173055924e+00 -4.141309682205491782e-01
4.904462174399872865e+00 -6.750710097051912051e+00 -2.247216982498763116e-01
4.592327405124342121e+00 -7.453683098175657662e+00 -4.832977885691125408e-01
4.692633694342482897e+00 -6.742917596516351253e+00 -1.217907345937483399e-01
6.059677684941142672e+00 -7.247652071044723421e+00 -8.275956051206279085e-02
6.043047981037377170e+00 -6.530693221695355710e+00 -2.436388846513768414e-01
5.969910472330548501e+00 -7.364285196188811611e+00 -7.488225547025884055e-02
6.048298103721011287e+00 -6.758528191663208062e+00 -1.312928999256097740e-01
6.455625123694609613e+00 -6.566194276172041100e+00 -2.146180299340905151e-01
5.978422513213024203e+00 -6.571598229200001917e+00 -2.121741749552956691e-01
5.785072941956924453e+00 -6.897280415140014220e+00 -6.434620820627579008e-02
5.637312158049390121e+00 -7.426446586401295846e+00 -1.758712928335466330e-01
6.214760740565008490e+00 -7.378221078829520607e+00 -1.693798572463958152e-01
5.613148152939182012e+00 -6.633234165464406473e+00 -2.453764729868357364e-01
6.167464005789680570e+00 -7.481634335237186129e+00 -3.063631173456453638e-01
6.071868077337093439e+00 -7.047895704866986577e+00 -2.954795161744652177e-01
6.161165800773469314e+00 -7.268194982955907157e+00 -4.555657562688146811e-01
5.712861103361987603e+00 -7.065792675428144598e+00 -2.432950532607200955e-01
6.067704789659043030e+00 -6.845154591407728084e+00 -2.762593441729155330e-01
6.231537783279621934e+00 -6.995904503868409563e+00 -4.559936228278633763e-01
5.869507721356765018e+00 -6.607704406831972577e+00 -1.146714995971063189e-01
6.105900766442474037e+00 -6.929986938616226944e+00 -2.355760776769653120e-01
5.837899843263087973e+00 -6.918404562913734068e+00 -2.530440534243005857e-01
6.172865457641062648e+00 -6.628744387296213958e+00 -2.952428133143385480e-01
7.364172064116754512e+00 -6.924486645401387364e+00 -1.621058568149660317e-01
7.189034926928894009e+00 -7.359830354561507804e+00 -1.122611058282778629e-01
7.245444679219552597e+00 -7.472768165486114889e+00 -2.848666310614973440e-01
7.423282357342372961e+00 -6.525033592960840068e+00 -1.575453569127880371e-01
6.604930584061293075e+00 -7.145695803061427931e+00 -4.989202933365373127e-01
6.502816653048828499e+00 -7.113826510342109444e+00 -2.071141574335264579e-01
6.685702194561493172e+00 -7.181839076812812195e+00 -1.484283593116249023e-01
7.353566990710756812e+00 -6.718156433147870032e+00 -3.031559039169025027e-01
7.264496076408189396e+00 -6.947594071155270612e+00 -4.939308288846699924e-01
7.392608202085639846e+00 -6.703637774805282668e+00 -4.765120512924401197e-01
7.127046087655489970e+00 -6.990062310428942105e+00 -4.576176721569957806e-01
6.706173810238970745e+00 -7.015854711451468440e+00 -3.917656455495688306e-03
6.711774617692363165e+00 -6.845862066254254863e+00 -4.568826270095911468e-01
6.518722370539446587e+00 -7.220938886118630329e+00 -3.651234901943638533e-01
7.137509554025552205e+00 -6.795890498201012875e+00 -1.180797282955836636e-04
7.496934250845786352e+00 -6.973208192771642722e+00 -2.397326976184608327e-01
-6.683210726984093242e+00 -6.293699653562081053e+00 -1.128557387252371313e-01
-6.983149597976918699e+00 -5.701462175651633046e+00 -2.903378347688239103e-01
-7.316346065582111535e+00 -6.168628584985619945e+00 -3.384613170481589606e-01
-6.700428583359455459e+00 -5.814732677710266806e+00 -4.683047216970805948e-01
-7.450943974862493491e+00 -6.439913239957603786e+00 -3.960982082940027738e-01
-7.183558953029840488e+00 -6.210489317400744724e+00 -2.642913680611584937e-01
-6.563507110347983620e+00 -6.248521949606402615e+00 -3.718346871151290145e-01
-6.990683369097648203e+00 -5.771108706151105494e+00 -3.457306299252085324e-01
-7.463281744006772023e+00 -6.409938894120686292e+00 -2.462723624561036218e-02
-7.491605744951037593e+00 -5.759126560618343937e+00 -2.657136776630864006e-01
-7.484028647033748705e+00 -5.888322790927521311e+00 -4.148300500699875215e-02
-7.467463013856254328e+00 -6.076611476149064828e+00 -4.265653657916388397e-01
-6.726210261687546321e+00 -5.828728632570043366e+00 -1.768688543212135755e-01
-7.273035404941505355e+00 -6.247067771292540428e+00 -3.169200741350444162e-01
-7.097180945067525393e+00 -5.578743226408431788e+00 -1.051043339684198941e-03
-7.221300183057278943e+00 -6.457686643220642786e+00 -2.807715653178366466e-01
-5.889987254203259859e+00 -5.682127792328418359e+00 -3.020775514562750175e-01
-6.164265703442025846e+00 -6.340708535534442802e+00 -2.340665279196905146e-01
-5.827172523979917251e+00 -6.431943627076657677e+00 -4.962390325879919573e-01
-5.771372466408783097e+00 -5.725937840969294257e+00 -2.371331156865963408e-01
-6.277625332025674076e+00 -5.692608120161858132e+00 -3.548637887662380308e-01
-6.251188820758277309e+00 -5.984394456108158344e+00 -3.461798375857050303e-02
-5.965204661192425206e+00 -5.905550310998755492e+00 -5.801049031541438694e-03
-6.477492704335189977e+00 -5.766246165132504764e+00 -1.579937825407284890e-02
-6.319400208565734367e+00 -6.257153139051976787e+00 -3.822733042310471063e-01
-6.499073290226030863e+00 -6.409378022143221720e+00 -4.648263129924483650e-01
-5.597628156582834968e+00 -5.563666604038239427e+00 -2.019854924260791051e-01
-6.418467248112263768e+00 -5.801851257835090259e+00 -2.607498053494019530e-01
-5.882863806025605768e+00 -6.168655174445606626e+00 -1.271756572724935808e-01
-6.368978269541656800e+00 -5.609928574595503648e+00 -4.918636460647665132e-01
-6.242573548385268900e+00 -5.912151601137359158e+00 -2.905780199109031514e-02
-6.026228378819320497e+00 -6.474553891351562562e+00 -1.115243945694395222e-01
-6.212836051282857319e+00 -6.298498512483283740e+00 -1.404711194829726395e-01
-5.765108390925757220e+00 -5.755767213605435195e+00 -2.207636329195956648e-01
-5.656715267578577233e+00 -5.878264048823597321e+00 -1.147007055630169248e-01
-5.707616377932557050e+00 -6.042547998482785232e+00 -2.425818093228109262e-01
-4.574502261178164275e+00 -5.895624055403060559e+00 -1.358481206749431180e-01
-5.198965161789913303e+00 -6.333026002227760465e+00 -9.901013182581230865e-02
-4.855121577210884887e+00 -5.735721028559016332e+00 -2.898428698883002141e-01
-4.628680503052263084e+00 -5.970742113083590930e+00 -3.560765656106923416e-01
-4.920161210300729948e+00 -5.773049545565852370e+00 -1.777251645727595530e-02
-4.698590453118099752e+00 -6.154123757883124490e+00 -7.268535862417024873e-02
-5.214609366764404008e+00 -6.127327973127566274e+00 -4.733857960034395518e-01
-5.157344374093131734e+00 -6.360381462306542666e+00 -3.570765177898920228e-01
-5.064197342385233114e+00 -6.006875736667233845e+00 -4.885539084727810177e-01
-4.615579402563379396e+00 -5.541994563706578170e+00 -7.982531093017719570e-02
-5.060445766728292938e+00 -6.131300972663066950e+00 -3.000821400773023839e-01
-4.555145656239032448e+00 -5.711578540148405381e+00 -3.418740667654311949e-01
-5.484290532053837097e+00 -5.617563263782277438e+00 -2.907646122186715587e-01
-4.739028953391391852e+00 -6.142440686437842245e+00 -3.093347710512599491e-01
-5.488171952946391485e+00 -5.998799863933967913e+00 -2.455855749364328489e-01
-5.406260228197381501e+00 -6.255972223588202930e+00 -4.561341645321128624e-01
-5.287908762252563122e+00 -6.256954500447421630e+00 -3.747161005706338699e-01
-5.100412557984300044e+00 -6.085299444282827430e+00 -1.978537649459877201e-01
-5.277986665446300130e+00 -6.315672422796351881e+00 -5.134718624743861426e-02
-4.835282240829822165e+00 -6.348094707020172756e+00 -1.209178256709755317e-01
-4.930006667135161003e+00 -5.690705004386258814e+00 -3.706206620320635636e-01
-4.615998505701470300e+00 -5.585475381757017743e+00 -2.379397243489851377e-01
-5.457090081320196795e+00 -5.986974749759810699e+00 -2.333790019377612879e-01
-3.909939316160511158e+00 -5.915768752261951313e+00 -3.327357655936395986e-01
-3.731064099867319683e+00 -5.701979416412000568e+00 -3.332123114307936618e-01
-3.814861643838505678e+00 -6.114564243780677977e+00 -4.364615945084864279e-01
-4.041257098745317577e+00 -5.869131340503979999e+00 -2.165531395527509062e-01
-3.925369526594876923e+00 -5.590835515570935499e+00 -1.395139403571050707e-01
-4.437628725232128701e+00 -6.402407214403737612e+00 -4.655978570127032867e-01
-4.140723409203586058e+00 -6.054622619249952820e+00 -9.486197327919398958e-02
-4.316383848554651514e+00 -6.069605027089245652e+00 -3.011483774598371355e-01
-3.658463909365526678e+00 -5.961096809020884457e+00 -3.058789936728256720e-01
-3.845999785051620989e+00 -5.620730205071669872e+00 -3.505433269721383027e-01
-3.755937087159615828e+00 -5.601894670162717027e+00 -3.049131677419367747e-01
-3.955609287173945443e+00 -6.407909393070209347e+00 -4.012336863836285517e-01
-3.719553740885209514e+00 -5.773482479033844150e+00 -2.889967199294751765e-02
-3.391114792463891803e+00 -5.998823923578669337e+00 -2.112986209218288280e-01
-2.706052933841451846e+00 -6.233552257968844046e+00 -1.243883904954667941e-01
-2.658723822643221268e+00 -6.026073238457246184e+00 -1.854988693184012050e-02
-3.360804364875024319e+00 -6.010312116729369158e+00 -1.331313483232854367e-01
-3.098210569008937654e+00 -5.627040379165936024e+00 -5.717190556283924252e-02
-2.776502000281904081e+00 -6.471267414086493197e+00 -3.748636280757313699e-01
-3.258433825786019256e+00 -6.251620556587796251e+00 -1.975161526742592599e-01
-2.824655882784945504e+00 -6.076396979858032843e+00 -4.458464175708432009e-01
-2.891015760795678347e+00 -5.950045947112538869e+00 -5.254574115587828942e-03
-3.216547475777830734e+00 -5.947625209188703188e+00 -6.934989475733388531e-02
-3.027108041528574489e+00 -6.197790115600591676e+00 -1.056293734336630763e-01
-3.220326211656814763e+00 -5.723945513025284093e+00 -3.253624800526644378e-01
-3.193472603922828057e+00 -5.518937748288600176e+00 -1.871169376962011910e-01
-3.335462653880608919e+00 -6.474564721669398004e+00 -8.794646494000346593e-02
-2.741580801655123523e+00 -5.740992062587586098e+00 -5.896907784505245331e-03
-2.729905976063650819e+00 -5.585213350814655087e+00 -5.739091708936072678e-02
-2.767539656744336440e+00 -5.951777704407902547e+00 -3.316611972179615009e-01
-2.722484255754137550e+00 -5.713957975717200988e+00 -4.315998135476526443e-01
-2.538725150917164441e+00 -5.543600929722877879e+00 -4.318220494081366212e-01
-3.205784207793972662e+00 -6.227007597963732266e+00 -4.724816774845930212e-01
-2.871370934496781047e+00 -5.767770797212340206e+00 -3.889917874883046522e-01
-3.345351301165116809e+00 -6.059755894460329806e+00 -2.991609482985531088e-01
-3.383560892253493435e+00 -6.003191366064572598e+00 -2.129702972859366383e-01
-1.733325631360549401e+00 -6.460051265260478459e+00 -7.629222583264549939e-02
-2.000322986391219970e+00 -6.079698679967432184e+00 -2.667631495291971078e-01
-1.737058211232710647e+00 -6.486073072676245665e+00 -3.045906138920191353e-01
-1.845474244597436808e+00 -5.528476125928479590e+00 -2.014068417352117280e-01
-2.333182670987886453e+00 -6.404835878157621565e+00 -4.143200413972358831e-01
-2.034376863561773163e+00 -5.574036162068205513e+00 -2.708376589539671642e-01
-1.597721743881260537e+00 -6.484774536541673129e+00 -3.472277796793363791e-01
-1.510769285427447706e+00 -6.135487085657135076e+00 -4.231151471465466329e-04
-1.623896169818990209e+00 -6.335403869889208117e+00 -1.638208977959898505e-02
-1.839747372544515258e+00 -6.363743079279244874e+00 -3.475286276663656082e-01
-2.326505044974794600e+00 -5.974602738941937830e+00 -6.082461704904673638e-02
-1.851768897491671950e+00 -5.740893083613297421e+00 -2.598952701774130958e-01
-1.692366999910632330e+00 -5.617089876439510299e+00 -1.046998113735746472e-01
-1.854068740926562597e+00 -5.965801354154695701e+00 -2.547756222339749854e-01
-2.438569748519602065e+00 -6.401380389931087933e+00 -4.748444316780506824e-01
-2.439222841901887762e+00 -6.272549937909142947e+00 -1.089095716579393525e-01
-1.681979404175588222e+00 -5.807509723126400125e+00 -1.548201504933128803e-01
-1.849796093406117059e+00 -6.016148601382838024e+00 -3.409569720291649730e-02
-2.220239758571862509e+00 -6.457096273269372411e+00 -9.943883957199695089e-02
-1.614181223546680144e+00 -5.751084173583119963e+00 -2.068029708431193825e-01
-1.259169370037604985e+00 -5.807026050224767033e+00 -1.614334770200969160e-01
-7.079770609304647522e-01 -5.954321361729731699e+00 -1.339970706692454883e-01
-1.043596204344453326e+00 -5.972916016748873957e+00 -1.134190557139991284e-01
-7.696545488714674477e-01 -5.602570729632498470e+00 -4.487731514694299761e-01
-1.162165446476601360e+00 -5.897553528602120565e+00 -4.895606045060265643e-01
-5.719459396946646734e-01 -5.851073292403137671e+00 -1.472352067555604549e-01
-8.765216824633199622e-01 -6.289632593185288556e+00 -4.729487973568407000e-01
-1.375409931930676066e+00 -6.124232903369030367e+00 -2.540530082736598416e-01
-1.175068113282522475e+00 -5.684366223209281976e+00 -2.670508177946882000e-01
-8.381379568849380846e-01 -6.180774846728562366e+00 -4.100278037550708632e-02
-1.043940717833706344e+00 -6.435564689944669681e+00 -2.620262516327276359e-01
-6.139688900204500754e-01 -6.071534705386261166e+00 -2.552333231046937101e-01
-1.191476090224766082e+00 -6.148314551295778863e+00 -3.332723278299631886e-02
-1.142654086064776919e+00 -6.165259558378660465e+00 -4.819985086854625678e-01
-7.917402553882757488e-01 -6.106427526043828102e+00 -3.558025683740080325e-01
-9.241466043373751660e-01 -6.022562462635226765e+00 -2.563690840713306329e-01
-1.077839432104273243e+00 -5.802217497080188302e+00 -8.021396513647083282e-02
-5.454767486368554685e-01 -6.196984759464283066e+00 -4.616420210648648492e-01
-1.253603067741988042e+00 -5.874395296081353024e+00 -4.103076427024312522e-01
-1.335278448404277896e+00 -6.141142596815309496e+00 -2.877515603505642616e-01
-1.227555930199946133e+00 -6.270500958151260740e+00 -1.054680831712104805e-01
-7.590670119452882503e-01 -5.638429586957814266e+00 -1.896807095746559924e-01
-4.711604663388735403e-01 -6.282421113771877508e+00 -1.297069096454670500e-01
-4.171524851774801590e-01 -6.175277043540550181e+00 -9.406671962225310324e-02
-4.782579518819130016e-01 -6.456807880803206778e+00 -3.386773610320474859e-01
-9.380137560420021003e-02 -5.986265607925634669e+00 -4.352318179520970887e-01
-2.464813397510745574e-02 -6.102301743282573909e+00 -1.695586835133315873e-01
4.656328886148592971e-01 -5.631877984731869624e+00 -4.897174978542224721e-01
-4.617383742810030611e-01 -5.599168654983538218e+00 -3.598962767489055636e-01
-2.599907154279801347e-02 -6.080562391838138403e+00 -3.290816671066671972e-01
1.134417423739364494e-01 -5.796530179812281247e+00 -4.219801277506221027e-01
4.403722000829546346e-02 -6.067751982540672273e+00 -9.400526264383302077e-02
1.431099728224527468e-01 -5.545656960781925271e+00 -4.882144238566006322e-01
1.390248841539118985e-01 -6.490922804959075698e+00 -1.074430560440386984e-01
-4.209765571501886683e-01 -6.234698008315985973e+00 -3.097619919880294503e-01
1.728748436508098507e-01 -5.659694329313311734e+00 -2.444851595360084673e-01
-1.540092970023039243e-01 -6.408405192674194950e+00 -2.916247409011702985e-01
-3.959637512416227523e-01 -6.462720427497760767e+00 -3.554626682250656700e-01
-2.677577826548098727e-01 -6.079739229915650967e+00 -2.346614323491849063e-01
-2.804018471383580291e-01 -6.358358534130301720e+00 -8.391466800410540827e-02
2.006861994400708227e-01 -6.110757055264959270e+00 -1.538784898100153953e-01
-3.936428627361996391e-01 -6.126585616244561550e+00 -1.200589525465929341e-01
6.630987999426096735e-02 -6.153225122320304941e+00 -3.834005684293568805e-01
4.675858422178560403e-01 -6.053369574717684998e+00 -4.287626296424402739e-01
-4.531521091625601017e-01 -5.907078424741383671e+00 -4.113643201896994839e-01
2.814973906003643833e-01 -6.182350303925574053e+00 -2.133424697087580313e-01
-5.443625475776858735e-02 -5.920661267450055831e+00 -4.512265786851745730e-01
-1.561529618501804606e-01 -6.462586193767396736e+00 -2.294915290330834523e-02
2.816885495276544304e-01 -6.223578972139830690e+00 -2.712774305722902568e-01
1.430528322009395836e+00 -5.883149319116955489e+00 -4.069043247892878412e-01
8.794763511842731418e-01 -6.245456264509678945e+00 -3.346795567540254979e-01
6.478552244638375868e-01 -6.255014082624724026e+00 -4.650386177663623499e-01
1.403171321126375659e+00 -5.778110693785825092e+00 -4.185281279838939383e-01
1.388956885316313006e+00 -6.464210047956330030e+00 -4.156156500129988274e-01
6.852017492655591013e-01 -5.825942984555692483e+00 -8.548363125337488100e-02
9.554688770658845698e-01 -6.434920124691324794e+00 -2.302741892576651850e-01
1.206617443912479715e+00 -6.458642666020111278e+00 -4.470943911115785596e-01
9.216241747719831068e-01 -5.912804395718486816e+00 -9.624387623741981201e-02
7.236325281243871643e-01 -5.770379146886977395e+00 -7.483223469928290683e-02
9.073843223883262255e-01 -5.778323562688059134e+00 -9.725737297329573039e-02
1.216082846906324733e+00 -6.120846280328500200e+00 -8.813717731536030442e-02
6.691630213795036752e-01 -6.084736104117223654e+00 -4.209082067171419084e-01
1.289694537254112205e+00 -5.549133722121199597e+00 -1.133846444624673211e-01
1.178200075044522066e+00 -6.246049755219969413e+00 -3.356295220042326832e-01
6.299390770931161398e-01 -5.770442879272286163e+00 -3.874394009918287196e-01
5.202772148271623820e-01 -5.823573559627847729e+00 -3.037489151832648560e-01
6.534528788971361024e-01 -5.727965245798425364e+00 -4.069596589895301264e-01
1.332481339072762339e+00 -6.372563335573110166e+00 -1.724901355542431958e-01
6.343321473158614054e-01 -6.445148097274690180e+00 -1.967459766815871092e-02
1.490878172928900014e+00 -6.481443432084395440e+00 -6.576547215063044405e-02
5.327392039050184991e-01 -6.040825563065283177e+00 -1.045329238141263772e-01
6.601146774349864188e-01 -5.506411449256059853e+00 -3.989547822800787458e-01
2.121164772233884221e+00 -6.272714174874864490e+00 -1.341755046724877332e-01
2.360949150993725709e+00 -5.623356205897064974e+00 -3.592016539630957794e-01
2.109351660657756256e+00 -6.071190913771472353e+00 -1.072127163520288917e-01
1.601508963290838139e+00 -5.975683329699529978e+00 -2.335696741343973315e-02
2.004834308121008490e+00 -5.583837842456741640e+00 -9.341639753144548308e-02
1.525509911545231745e+00 -6.104294306471808262e+00 -3.967278697076128680e-01
2.359768283724214655e+00 -6.026875253104813979e+00 -4.486326279217216495e-01
2.319296775559916313e+00 -5.979545536417501417e+00 -3.804472648805887758e-01
1.539159725875551388e+00 -5.523795865018165330e+00 -1.278656233483292937e-01
2.110265108432384906e+00 -5.830945827419758309e+00 -1.401558548319226105e-01
1.844514952067022762e+00 -6.236394109661250518e+00 -2.943225386475329941e-01
1.598536488017808566e+00 -6.199068756806586755e+00 -1.341619599176855360e-01
2.136575205121358678e+00 -6.112301116477272700e+00 -9.956516543947380171e-02
2.827032133980695860e+00 -5.762384119841011731e+00 -3.374704439318634286e-01
2.515217696699091121e+00 -5.522926653306639899e+00 -4.282780937627581608e-01
3.220511477861334626e+00 -5.934451166617341400e+00 -4.845109366168927068e-01
2.707495520264650679e+00 -5.872522094395754344e+00 -2.013235221461435742e-01
3.276572551187564741e+00 -5.606066691696633519e+00 -1.668181101119916576e-01
3.120796168020167016e+00 -5.696002856057966746e+00 -4.407798354571923483e-02
3.034175219722548889e+00 -5.947620578526939816e+00 -2.775590310740536637e-01
2.977721016179168956e+00 -5.710622655374973711e+00 -2.876036643017254590e-01
2.982479981980407757e+00 -5.602449503765681627e+00 -1.840303643832843505e-01
2.524264570315587264e+00 -5.675757509570154902e+00 -2.865721256225661762e-01
3.145954441985837846e+00 -5.542389887314514318e+00 -3.746493237390318143e-01
2.861520048551884798e+00 -6.167190363681332776e+00 -3.595430126484764344e-01
2.640794435874306956e+00 -6.304859353210022554e+00 -4.351395280886993788e-01
2.701985742096356446e+00 -5.983545957560507667e+00 -2.097667820374926606e-01
2.611853615153050256e+00 -6.293049565515119959e+00 -4.853772804438047928e-01
3.327857000359323081e+00 -6.083962035412142200e+00 -1.046247663041253162e-01
2.924345604415709232e+00 -6.169124833895636151e+00 -4.805161197203862145e-01
3.644201038679115712e+00 -5.782586745977447151e+00 -2.669499206146372927e-01
4.317894232923119802e+00 -5.920056061838735673e+00 -2.312924896617474246e-02
4.051757811283518862e+00 -6.141618448949581754e+00 -4.737483858627058453e-01
3.968763448930566540e+00 -6.168374816197226274e+00 -9.931900660586201468e-02
4.256504827248317469e+00 -5.884199365118439218e+00 -4.327062911045533866e-01
3.997197414888704614e+00 -5.799444780483461237e+00 -2.651441876488807026e-01
4.049777213887065130e+00 -5.564109402694423778e+00 -4.763798644066916665e-01
3.923236979229187682e+00 -6.275693533769036492e+00 -2.738672624491034213e-01
4.371004086831575819e+00 -5.778512732671782892e+00 -2.191193696900821664e-01
4.326377226560985889e+00 -5.639966274591912132e+00 -4.553197332351217597e-01
3.951509725099775494e+00 -5.687107104117913536e+00 -1.490575343619049420e-02
4.255394244326186737e+00 -6.134662172393833046e+00 -2.261908721770762298e-01
4.099971175416307290e+00 -6.157938263468110129e+00 -7.937328036801361009e-02
3.828047579360276842e+00 -6.271723493436863528e+00 -4.584231335732393831e-01
3.658057102425084750e+00 -6.415388169150839204e+00 -4.702261181090836573e-01
3.501842142598588836e+00 -5.629905180539768850e+00 -4.040695699711527311e-01
4.178582956535372261e+00 -6.435798729940398033e+00 -2.611216787159875707e-01
3.927610541037424241e+00 -6.295002018443430991e+00 -1.928290784616546460e-01
4.346602167590578603e+00 -5.828673095976274254e+00 -4.178683800004261428e-01
5.127932110931684662e+00 -6.408940922208490321e+00 -3.002314656690661110e-01
4.507189936033189070e+00 -5.647700630224191443e+00 -1.856068268096695562e-01
5.418136896289881932e+00 -5.927655357814345827e+00 -3.612176440225507434e-01
5.441706541523235074e+00 -5.502318149982600382e+00 -4.977708748123639282e-01
4.546915704732347407e+00 -6.035083071826918832e+00 -3.443932414369328399e-01
5.046810946049262725e+00 -6.196935005414479392e+00 -1.465595259914440618e-01
5.266466297859064838e+00 -6.070836208066709538e+00 -1.865770505082409159e-01
5.160497558406341057e+00 -5.726357665176312395e+00 -1.034775402213590212e-01
4.771181616096871636e+00 -5.791573749486649270e+00 -2.889548491511195749e-01
5.220580236530693696e+00 -6.020631826934963016e+00 -1.538653245832222183e-01
5.258952963578664708e+00 -6.019076931744107739e+00 -2.670065542476489640e-01
4.712559081605041555e+00 -6.233025656224015165e+00 -2.895329586417005885e-01
4.630091453904132237e+00 -5.951293160928853965e+00 -2.574362587710208317e-01
5.415765119893340085e+00 -6.404972288897849531e+00 -3.330646101433245576e-01
4.698876950762581828e+00 -5.750231839131327405e+00 -1.890138091366999618e-01
5.194012778187774515e+00 -6.146177045076642642e+00 -1.327310824906966502e-01
5.458200682782091917e+00 -5.984204071480005993e+00 -1.683395151114588373e-01
4.508553669390538587e+00 -6.347562503940674006e+00 -1.592617591887144357e-01
5.264597667071207354e+00 -5.701093514868463608e+00 -2.294488929028837276e-01
5.029408629723526758e+00 -6.453102555701557996e+00 -3.191451876276385491e-01
4.728460571054032613e+00 -5.603076314324081153e+00 -4.919864346237190489e-01
5.296449477451991683e+00 -5.523170763584142051e+00 -2.498264490809969374e-01
5.275151711489971973e+00 -6.094326635358973121e+00 -3.420610629205160791e-01
5.478534458948931984e+00 -6.113181877154970856e+00 -5.979137584045624010e-02
5.997256451432381397e+00 -6.332468378839608114e+00 -3.800984529591673322e-01
6.232087731115385054e+00 -6.168357594577387637e+00 -2.024615282701596186e-01
6.202947225126155928e+00 -5.903968203176720664e+00 -4.012966152510024642e-01
5.548519521274499766e+00 -5.916838134558212836e+00 -6.475427645864151316e-02
5.957071768331534400e+00 -5.933325853394567417e+00 -3.696950668833114406e-01
6.202377864271433339e+00 -5.730416203421885513e+00 -4.459451203587700974e-01
6.259099239977704343e+00 -6.070401660146182543e+00 -1.839593265007781753e-01
6.063162015365604063e+00 -6.292332638564859693e+00 -2.957007160398230639e-01
5.937953726872272853e+00 -5.901007039925304731e+00 -4.687914440727478649e-01
5.686930393634789027e+00 -6.182584412461737955e+00 -2.793994898467335730e-01
5.576783212502881781e+00 -5.622851138398667459e+00 -2.650582895235835679e-01
5.628295722237307785e+00 -6.021639860748208228e+00 -1.525572483161283799e-01
5.965927354935002924e+00 -5.936485348505601500e+00 -1.301929508563013371e-01
6.460685659268506242e+00 -5.741405700670430434e+00 -2.361128260908991194e-01
5.795906204905161729e+00 -6.384203407794459828e+00 -3.635682202115173567e-01
6.358207181990735535e+00 -6.274105879457613888e+00 -1.087605838681078296e-01
6.017090226988660362e+00 -6.057455631172323329e+00 -2.903928880150647984e-01
5.914474288803225122e+00 -6.400774732379830745e+00 -2.138724323886140866e-01
5.956586366155733003e+00 -6.217330691938347975e+00 -7.801262901655547921e-02
6.499120272364985240e+00 -5.963431358605587818e+00 -1.404919258492220990e-02
6.119471072574707904e+00 -5.723413598606029495e+00 -3.728598615001335048e-01
5.824155733492737852e+00 -5.748894997384240035e+00 -8.114199402170285680e-02
5.895628143730633042e+00 -6.132894962410206041e+00 -4.645285254974726996e-01
6.209765562278747097e+00 -5.603502323271206009e+00 -3.410605559365365025e-02
6.518013517392322598e+00 -6.178899726787707714e+00 -3.424641104058601115e-02
7.002227157737799246e+00 -5.956462853271573543e+00 -4.543467258308382384e-01
6.818115105188281788e+00 -5.666974175068177466e+00 -9.710318386853522554e-02
6.622775115512842703e+00 -5.864729393794361201e+00 -1.686127883879908751e-01
7.327862349369848260e+00 -5.614475164066315749e+00 -1.508230380838071483e-01
6.939535202599692809e+00 -6.398814815503016007e+00 -2.537856222544938589e-01
6.630617445192637405e+00 -6.005450972214795513e+00 -3.592556932811152848e-01
7.242379682733808721e+00 -6.163742477787249818e+00 -2.591658289395830650e-01
7.134470659736740217e+00 -5.722966754520404820e+00 -2.320003085406785459e-01
6.822052185259043000e+00 -5.757038300868480007e+00 -1.309135996540966573e-01
6.660908410433918903e+00 -6.071236089991740137e+00 -3.526547561276878184e-01
7.093869288359321956e+00 -5.883724976844290744e+00 -3.285286963830085227e-01
7.214818621071113824e+00 -5.612243057972371219e+00 -5.565881348431567233e-02
7.292470746684005078e+00 -6.362280675706011301e+00 -2.692523759737355249e-01
7.107113764306246750e+00 -5.572067360276455439e+00 -9.242609589361450162e-02
7.415660224840797454e+00 -6.456429163254871817e+00 -4.537934584852809650e-01
7.190366656891418629e+00 -5.618515833058470577e+00 -3.775583241213986696e-02
7.261264246163207758e+00 -5.847297878892926626e+00 -4.215570004845741181e-01
6.895034124053609048e+00 -5.966126666291722280e+00 -3.680373288160598833e-01
7.227251924159448393e+00 -6.114066461370718741e+00 -1.236172882716513044e-01
-7.457052537768351641e+00 -5.110624932680353893e+00 -3.231373687976457632e-01
-7.039038188489572079e+00 -5.242010939972667316e+00 -2.550991931658863621e-02
-6.865357333823318697e+00 -5.035178618943204398e+00 -1.185130136246712595e-01
-6.574643905918951425e+00 -4.735504271050626102e+00 -2.600081784679240116e-01
-7.293712035684854378e+00 -5.008796984083923931e+00 -2.062901671627130895e-01
-6.657709347796023636e+00 -5.430565951642100764e+00 -2.346271357384654976e-01
-7.389670398950357821e+00 -5.278645486600548331e+00 -2.878325301779405265e-02
-6.834062947669799826e+00 -5.054702831464716439e+00 -2.502264339767439338e-01
-7.067123910612718163e+00 -5.261954389930207476e+00 -4.429130187544654262e-01
-7.225085906919808565e+00 -4.568162561678183131e+00 -6.905542375432105473e-02
-7.216637500572685049e+00 -4.819703863024520807e+00 -2.714802499218045284e-01
-6.675115456145868542e+00 -5.333385427258743761e+00 -3.509972548571376194e-01
-6.683439248646289244e+00 -5.208017182791170541e+00 -9.925397160856874734e-02
-7.042452111381665603e+00 -4.625957078971537406e+00 -1.155111216765867255e-01
-6.608749863270817038e+00 -4.607186675387721309e+00 -8.034399761496757719e-02
-7.458104767126165768e+00 -5.108245868839632386e+00 -1.448046014271326953e-01
-7.035626751032887150e+00 -4.905563922850983083e+00 -1.399641246720193521e-01
-7.304244225601594920e+00 -5.393363866867233014e+00 -2.499925681738108807e-01
-7.328178459445921611e+00 -5.096164789766622683e+00 -4.415400796889521473e-01
-6.796865209478986536e+00 -4.586768134308637279e+00 -4.578076368899886006e-01
-5.522680032277548889e+00 -4.685024601350679774e+00 -4.778081353483578653e-01
-6.252163560026323452e+00 -5.002276876112577320e+00 -3.145510531741546600e-01
-6.398683728892411438e+00 -5.080454617934769601e+00 -2.549013349932085504e-01
-5.619387847002779601e+00 -4.619072749550706014e+00 -2.712939944257293234e-01
-6.047684371935392988e+00 -5.196839257156746328e+00 -3.086825291110599778e-01
-5.511691919858954236e+00 -5.493599209352925783e+00 -6.662098428862783805e-02
-5.722661150878504799e+00 -5.446367384202617679e+00 -1.366274497325044024e-01
-5.952137909033516472e+00 -5.041540031847947745e+00 -4.591729209341401940e-01
-6.198934028300289611e+00 -5.069428238200428538e+00 -4.418329873729316404e-01
-6.430935920065159905e+00 -4.710966397595893973e+00 -4.835565517624011989e-01
-6.160462726204614547e+00 -4.654278818108879889e+00 -2.354843763771725662e-01
-6.485865659557934926e+00 -5.088095736047584694e+00 -2.160939794002914027e-02
-6.343345859234692519e+00 -4.610307410248733362e+00 -1.595451018647899843e-01
-6.335016379954181431e+00 -5.221248912291478028e+00 -3.570986275288472456e-01
-6.369327730445185409e+00 -5.050245303740831915e+00 -3.302237330640167556e-04
-6.196175673115345006e+00 -5.192530116544606500e+00 -4.130879500476574151e-01
-5.751326283816966090e+00 -4.528950098003407199e+00 -1.926116347323816314e-01
-5.512658750704299671e+00 -4.697759942467919281e+00 -3.439939990924276714e-01
-6.084037755132095882e+00 -4.503948902188178671e+00 -3.088853256368668809e-01
-5.729225158204394930e+00 -5.003507440821496566e+00 -1.526295030657589535e-01
-5.667859040065524212e+00 -5.365662168514900188e+00 -2.374565232033631901e-02
-6.269918208442939012e+00 -5.090463282990745242e+00 -4.231260738584285974e-01
-5.166241807678884079e+00 -5.169522720723792375e+00 -2.334603846137461858e-01
-4.738722200466419565e+00 -5.296109922413156035e+00 -4.547836465137145012e-01
-5.330702976045107455e+00 -4.831563833327028767e+00 -3.793991831387515390e-01
-5.467156411797413185e+00 -5.305390942780594976e+00 -3.302126660397526337e-01
-5.325257294587886214e+00 -4.638557184216426599e+00 -1.646073966952243950e-02
-5.176816097623122559e+00 -4.801367590604066926e+00 -1.184368106630930839e-01
-4.515619199570505060e+00 -5.083553479577804346e+00 -2.568234440598669011e-01
-5.299561164278082437e+00 -4.944117561716163678e+00 -1.741407181947920435e-01
-5.026710921791930353e+00 -5.340268241986805720e+00 -2.217426570662137664e-01
-5.099899160421244027e+00 -4.623836643620115261e+00 -1.755730420769747724e-01
-4.823459429253352582e+00 -4.608585736401106026e+00 -1.123019687691293456e-01
-4.536428283476166889e+00 -4.936986466559543096e+00 -4.575551130923951604e-01
-5.200841752398203788e+00 -5.232376382035096363e+00 -4.984007802431928980e-01
-4.519745214718050796e+00 -4.972860144690762318e+00 -2.724281477258045925e-01
-5.296474094159542290e+00 -4.690271386510455720e+00 -8.685667934013707736e-02
-5.046822442463082758e+00 -5.115207674875704491e+00 -6.824899394694305954e-02
-4.699806342727185005e+00 -5.266162307522470165e+00 -4.080966600340065753e-01
-5.133395942208890617e+00 -5.409906963417093984e+00 -4.429510028609495720e-01
-5.491813663807062262e+00 -4.593415841616961259e+00 -4.373300878055985663e-02
-4.736581791527880725e+00 -5.198510446734687207e+00 -4.216405592826006909e-01
-4.566629265702849771e+00 -5.271367192161418913e+00 -2.968920750676637965e-01
-5.097725004125869042e+00 -4.581484073938289825e+00 -3.174803770555509885e-01
-4.720197244444861440e+00 -4.532078459452835162e+00 -1.489451805655299665e-01
-4.725529218153185163e+00 -4.612342542689521707e+00 -4.713314204312677447e-01
-5.339738360185476651e+00 -4.760191001978134828e+00 -2.510011575525545879e-01
-4.815344888307730109e+00 -4.954956090076948705e+00 -1.307203963076979392e-01
-3.901357200039220707e+00 -5.424694812089220441e+00 -1.383014635169921291e-01
-4.399661755865023949e+00 -4.878514141365809742e+00 -1.026910099530162768e-01
-4.151746589537015808e+00 -5.048657402413310180e+00 -3.783815227974542950e-01
-4.238352646403133583e+00 -5.291172213605037200e+00 -4.967623032316677012e-01
-3.693958618641861147e+00 -4.866017812988168600e+00 -2.101982077752815314e-01
-3.522708853138233120e+00 -5.435356705365676611e+00 -2.940583286337528079e-02
-3.899518327064202428e+00 -5.131190537170947863e+00 -1.639771133206266995e-01
-4.327898679806921223e+00 -4.598889928643667524e+00 -4.699757158124526768e-01
-4.038111160674715094e+00 -5.293552082817369886e+00 -6.785452835451089015e-02
-4.318329896577458804e+00 -4.770564395882614050e+00 -3.696383053731739921e-01
-3.724192563669903144e+00 -5.044660534444861177e+00 -3.694734156587209384e-01
-3.667979364226013672e+00 -4.705946212055051703e+00 -6.531012595484497751e-02
-3.633916727676310465e+00 -5.476593499241202423e+00 -3.970166354619202309e-01
-3.570966298153968932e+00 -5.314370666537500121e+00 -1.166199514031713846e-01
-3.995450027977140550e+00 -4.949836224984869304e+00 -3.652461089549881024e-01
-4.039733572877863388e+00 -4.558170521575729772e+00 -1.518648167455101117e-01
-3.967354645626943732e+00 -5.061433878858915492e+00 -2.921488623454635558e-01
-3.761854106621361993e+00 -5.124147604075790952e+00 -1.173943068562959269e-01
-4.422571400969826705e+00 -5.466598474010524455e+00 -1.091310808902292706e-01
-2.568105328500068119e+00 -4.862499857513481238e+00 -4.265367896035563433e-01
-3.194518199556620530e+00 -4.906398829564836639e+00 -3.399520277833865123e-01
-3.403378724430051960e+00 -5.150304259217595160e+00 -7.072522987613361067e-02
-3.130097022314820343e+00 -5.393123764850543900e+00 -1.618196870717838465e-01
-3.453608829137353453e+00 -4.558149399735737184e+00 -4.856521397651789584e-01
-3.205259478890924107e+00 -4.964148823089653995e+00 -4.881609264723767438e-01
-3.199033599544327089e+00 -4.753325036473378340e+00 -4.846054158088435315e-01
-3.454216078341911356e+00 -5.237499198160848302e+00 -4.307765015782187845e-01
-2.831453227107338044e+00 -4.668115764970044879e+00 -2.225328178395002965e-02
-2.880535612039418325e+00 -4.847465738835091464e+00 -1.764088067717288766e-01
-3.181904281457986983e+00 -4.521945161740172914e+00 -1.185669692282171894e-01
-2.508929547766076240e+00 -5.250347470272501482e+00 -1.998514971326468270e-01
-3.102901557087555773e+00 -4.991635596387287599e+00 -2.909207975629044540e-01
-2.847375958655838701e+00 -5.327727481324926906e+00 -3.527645563806434126e-01
-3.293059989035680424e+00 -4.693829274781799121e+00 -1.889158105448309755e-01
-2.918812633981495708e+00 -5.210414212395471978e+00 -4.655506474175652443e-02
-3.133208382957988647e+00 -5.085148506572881644e+00 -2.769120514056488958e-01
-2.807152727871633502e+00 -5.142902455088560032e+00 -1.873362762571737505e-01
-2.634839848818389285e+00 -4.532267681707571327e+00 -4.291013864238024667e-01
-3.178835995961233785e+00 -4.978166017075126959e+00 -4.769618012338572299e-01
-3.237893534135347196e+00 -5.226196175060939808e+00 -7.082695670733585303e-02
-3.253659772242539105e+00 -4.503417450835146774e+00 -1.338075662156974488e-01
-2.295431014990816365e+00 -5.400935981640579087e+00 -5.742815423687019916e-02
-2.326550502001415666e+00 -4.686165524114150216e+00 -3.975134568173093186e-01
-2.147754678422985286e+00 -5.458337112252218404e+00 -3.536575929477479008e-01
-1.761249352302296955e+00 -5.282375422342109772e+00 -2.460853858806970607e-01
-2.215357399978712394e+00 -5.029418743219465249e+00 -4.363845148596823265e-02
-2.369199428964709142e+00 -4.935165501665379928e+00 -3.257360333622365545e-01
-2.045540736908016299e+00 -5.323242822208006153e+00 -2.092418516562588593e-02
-2.111737540255236745e+00 -4.776093601328427418e+00 -3.636012715838408127e-01
-2.259641827564163208e+00 -4.959136816134702919e+00 -2.593127124611100953e-01
-1.729181954991717340e+00 -5.420777763225865797e+00 -3.124551218383775364e-01
-2.062110447688713322e+00 -5.117484210127857480e+00 -7.623817684406120065e-03
-2.122913629783949929e+00 -5.442770064784260065e+00 -4.490537116014454710e-01
-2.430559867269638019e+00 -4.747437924242380980e+00 -4.625975339193484359e-01
-2.205764696116489176e+00 -4.766696629954736864e+00 -9.780663354567487033e-02
-2.463274913285509626e+00 -5.043384503738287172e+00 -1.771359998405070968e-01
-1.912601943776153668e+00 -4.585498257229237318e+00 -4.342216572615598125e-01
-1.891447657839796292e+00 -4.595279387057212617e+00 -4.667138379044697416e-01
-1.794385283765215000e+00 -4.766012763371525907e+00 -2.922979430211558594e-01
-2.031260229014005603e+00 -4.862645560904167219e+00 -1.404556180839779955e-01
-1.942681921231136144e+00 -5.464272872881382526e+00 -4.051000780905233967e-01
-2.474323747691461683e+00 -5.303798268660860238e+00 -4.398339474804302540e-01
-1.805284753450466795e+00 -4.674499612381056046e+00 -1.436714550201312335e-01
-9.492181708360227788e-01 -5.342767152094398675e+00 -3.730274770419725883e-01
-1.372495109398275126e+00 -4.861132950380390838e+00 -1.568428450828953657e-01
-1.153624401562484358e+00 -4.699535458769100060e+00 -4.166993111214924994e-01
-1.369947770256631614e+00 -4.787487606753737523e+00 -7.051286980030901930e-02
-1.481745867586358401e+00 -4.609419300296919708e+00 -4.092531364122216075e-01
-1.235831640956519983e+00 -5.246901666060168168e+00 -2.595773689628781966e-01
-1.419428971252013838e+00 -5.292345898299707585e+00 -7.532759596101001875e-02
-9.490156469509827275e-01 -4.531909606072318297e+00 -2.129063757053692996e-01
-9.746624660821963104e-01 -4.646531115375958976e+00 -2.517842934957084111e-01
-8.261089130628160859e-01 -4.832968872405928984e+00 -2.369207427774888686e-01
-1.105229818501297423e+00 -4.503587844049306455e+00 -1.241184265896908556e-01
-1.203364332895678679e+00 -4.626043892176026517e+00 -2.541423807120963829e-01
-6.792316842826426893e-01 -5.378684096433842932e+00 -4.643669260475373761e-01
-8.216472197623936324e-01 -5.162806651570463146e+00 -7.347571129271912582e-02
-1.059853013034971703e+00 -5.340201889319142303e+00 -2.507826229373222304e-01
-1.197369529754087836e+00 -4.684550447910994286e+00 -1.325843276074003541e-01
-7.899277835736961961e-01 -5.141238687062916313e+00 -6.194159186655845417e-02
-7.758141744227069481e-01 -5.016372101620641288e+00 -3.643967785852186836e-01
-5.864202833845446605e-01 -4.845958302880349677e+00 -3.698683841517560467e-01
-1.353084285186982427e+00 -4.858961383336769302e+00 -4.187894339534548038e-01
-9.639032833712946058e-01 -5.381231531107165900e+00 -2.390776147575124355e-01
-6.418272252537899902e-01 -5.494494072454016553e+00 -1.221474724152802338e-01
-4.337310879979039413e-01 -5.184003389295877895e+00 -1.044412390918783018e-01
4.570430111846581767e-01 -4.841535137575459835e+00 -3.001924929894386196e-01
9.137005119808083720e-02 -5.281979561842613968e+00 -1.987296190212415326e-01
-7.532878469857173798e-03 -4.990591161747118143e+00 -4.370361742256037019e-01
-2.021704866450919624e-01 -4.742911267465024672e+00 -4.506558690034090375e-01
-1.317815985018544467e-01 -4.657244327735533318e+00 -2.773945667822168559e-01
-3.110413501750128873e-01 -4.508843892636599904e+00 -2.523133472224206031e-01
4.593612480627982109e-01 -5.161008187812318404e+00 -9.141144522468280798e-03
-4.538895905638238304e-01 -4.689193113755186104e+00 -2.033768105540634252e-01
3.424777251818769130e-01 -4.652252725890229534e+00 -2.650938067860035829e-01
2.158193130977341667e-01 -5.338639857102686292e+00 -3.046460579576137917e-01
-4.755192071846048307e-01 -4.538105934715117584e+00 -2.434157721280048037e-01
-4.753342741011001849e-01 -4.597326631336003722e+00 -3.682238932475847548e-01
-4.394335663599155950e-01 -5.309320287751368994e+00 -4.841361898470850633e-01
-3.048944841561684882e-02 -5.255019833988323619e+00 -5.148773637882264609e-02
1.857512937959624466e-01 -5.476810823082971069e+00 -1.931049388371519626e-02
2.850993687622880302e-01 -5.287036659482238221e+00 -2.867475520576032721e-01
-7.174304186748692302e-02 -5.052863185187290718e+00 -7.124750980819172241e-02
7.266411950360573968e-02 -4.659229970396219223e+00 -4.081047420614822840e-01
1.219550700248817066e-03 -4.838128041743393837e+00 -4.112132022540606613e-01
1.382692365774087051e+00 -4.703642739455649924e+00 -2.257625828826199665e-01
5.853540559451300140e-01 -4.527515038015445192e+00 -1.984440864125911475e-01
1.058720203518918268e+00 -5.077788701613144440e+00 -1.016764173406947691e-01
1.245777672255707458e+00 -4.713781147564946927e+00 -6.649626588584034437e-02
9.153110192117459576e-01 -4.507915297243774155e+00 -3.472544794462226747e-01
1.105184117922025422e+00 -4.874416037065442353e+00 -2.458723448121595823e-01
1.303980658796884740e+00 -5.285866855166592160e+00 -2.798605663269100319e-01
6.930469658016988888e-01 -4.991602352847102964e+00 -5.121623972234523592e-02
9.281335458375146175e-01 -4.544735906923589752e+00 -2.325896066829429287e-01
1.454155860386139310e+00 -5.047289079116030308e+00 -3.399378365406988678e-01
1.066372322409808504e+00 -4.826524869863305867e+00 -2.082296741138378593e-01
1.123783522234218069e+00 -4.773289621937424343e+00 -2.925936841674268152e-01
6.626184279307558711e-01 -5.012428722181489604e+00 -3.619433476595474986e-01
1.422108753139459836e+00 -4.836980557278067749e+00 -2.069055553576859552e-01
1.495306515613174625e+00 -4.882304156096064496e+00 -2.031966748655911204e-02
6.244906176053568458e-01 -4.644512326471593511e+00 -2.884477851027131834e-01
1.352205209699867794e+00 -5.045546703988443404e+00 -4.242114059694852557e-01
7.084783750071128594e-01 -4.819547356067108268e+00 -1.433220038896756421e-01
9.377641602701416446e-01 -4.924994107246589259e+00 -1.665884871510545651e-01
5.387154730538661340e-01 -4.849655707339434407e+00 -4.636160612736173192e-01
1.327425311699068189e+00 -4.898014956430079891e+00 -5.040475026927104807e-02
1.200438784312849450e+00 -5.300216967339125951e+00 -4.109129395222055336e-02
7.829170593142258383e-01 -5.056052239565995698e+00 -4.094082748073493150e-01
1.490986978196756851e+00 -5.050098364938738982e+00 -1.214710438244281931e-02
1.601281006610797419e+00 -4.892885640136227288e+00 -8.404976113171080954e-02
2.403213715864071176e+00 -5.228283121377963916e+00 -2.580972719689178518e-02
2.026439476733502332e+00 -5.389782018930667995e+00 -3.425867678279317374e-01
1.555489893714163685e+00 -5.018106578398317197e+00 -1.840543925248692148e-01
1.947573554548018393e+00 -4.750524796810422501e+00 -4.233044989486227649e-01
1.514349467585580200e+00 -5.005022896371779773e+00 -4.541877973368180221e-01
1.610018489071464387e+00 -4.502085972015708037e+00 -3.217897314281277232e-01
1.675994533021224697e+00 -5.426118466256716566e+00 -3.509874869128353225e-01
1.795169952559586335e+00 -5.435808665928375305e+00 -4.453517452520436848e-01
2.473638810605301330e+00 -5.291885619134038876e+00 -3.316564847576302100e-01
2.360559242626894871e+00 -4.865199140460610749e+00 -8.200666433138614764e-02
2.191230302048049694e+00 -5.413353513101866632e+00 -1.317130229490413029e-01
2.198306924039048482e+00 -4.595959133998208657e+00 -5.484659707736838641e-02
1.944131266351558196e+00 -4.598140683453810773e+00 -3.149213036191653714e-01
2.382268519155097408e+00 -4.601195021886625547e+00 -4.608620323100236504e-01
1.866878565624256581e+00 -4.938328851750335424e+00 -4.353539966559765162e-01
1.628487521720280995e+00 -5.156046941695623609e+00 -5.188661521447279767e-02
2.206686292365166224e+00 -5.260194164646736503e+00 -3.114192397509967236e-01
1.732848158487609425e+00 -4.726596871569500813e+00 -2.135793728101287314e-01
2.051665301236564432e+00 -5.078420172196885574e+00 -3.583925445177342795e-01
2.059312512141506346e+00 -4.836007025392103920e+00 -2.235790136595863231e-01
2.621010201214582835e+00 -4.949291766525340641e+00 -9.676291773249978689e-02
2.923826374228747582e+00 -5.363510523357525095e+00 -2.005701281656655510e-01
2.653514119386189307e+00 -5.453924160094554274e+00 -5.192509358695751587e-02
2.679946156645540256e+00 -4.986755994142312076e+00 -2.406064197981105934e-01
3.084838865844208300e+00 -4.776276623647220276e+00 -1.942637818412258355e-01
3.129595969142620504e+00 -4.788078420494528586e+00 -4.470012423417575320e-01
2.544949649455766405e+00 -4.765803337283182728e+00 -4.182501894030998812e-01
3.283134723476459627e+00 -4.697199320142006584e+00 -6.130718823088798786e-03
2.930659805454892464e+00 -5.488596244599937002e+00 -1.218779978017519028e-01
3.244254088292361615e+00 -5.429657101548877485e+00 -1.655130299282170370e-01
2.553923787752967911e+00 -5.263140880247991760e+00 -3.292490267960239692e-01
2.828280450574192528e+00 -5.408923016085124935e+00 -2.505384030862245481e-02
3.214296372577784666e+00 -4.774169483412831205e+00 -3.146314980253226423e-01
2.753687193090557983e+00 -4.616307787609398972e+00 -4.387323290571849554e-01
2.823873814790179182e+00 -4.923305831900674612e+00 -1.498211875621819900e-01
3.282479260621169459e+00 -4.875013656561717923e+00 -3.832611215389629677e-01
3.182886021785705566e+00 -5.308656518025806292e+00 -1.105948221669965648e-01
3.075408806173335563e+00 -4.803857119634671768e+00 -2.469430312874738576e-01
3.378684606501359156e+00 -5.200609920798907382e+00 -4.628793899079450824e-01
2.987892125804634702e+00 -4.907013023122168249e+00 -1.724790524074375497e-01
3.302138032787340194e+00 -5.416587639300034063e+00 -1.283049298062284294e-01
3.408774200282708833e+00 -5.385189120089216352e+00 -2.931116396136292934e-01
2.671186117702941232e+00 -4.533770342602021053e+00 -2.435959908149953890e-02
3.337923109877616312e+00 -4.692964352487647872e+00 -4.899950426755754762e-01
2.684137002710606623e+00 -4.834634088227324433e+00 -4.258649032858414785e-01
3.448367965075677333e+00 -5.002189819137538684e+00 -3.606421091477702845e-01
3.268043754477035989e+00 -5.481288279327113599e+00 -1.392715854555746091e-01
2.967318476290264684e+00 -5.465700133569350250e+00 -2.769375909555300552e-01
3.514959094843877807e+00 -5.230580650575288537e+00 -7.035831092990285640e-02
3.914739380836875782e+00 -4.585923987586368433e+00 -3.888820929592640141e-03
3.905638014719524875e+00 -4.565011197832202328e+00 -2.251932731580410518e-01
3.562129609654162365e+00 -4.526190876613981118e+00 -7.221444440108193419e-02
4.243131461328264464e+00 -5.445079405547273765e+00 -4.696224783313667217e-01
4.456439818159125821e+00 -5.302041886649156766e+00 -4.821376133241113138e-01
3.739586389290506574e+00 -5.191687001090761200e+00 -3.773779593598440840e-01
4.341033902082159557e+00 -4.803035728409468241e+00 -1.294842964526488061e-01
3.945070067800498848e+00 -5.291476989707454059e+00 -8.989533853519127149e-02
3.679176607530640908e+00 -4.693898507146996302e+00 -4.803589415923568140e-01
3.779773417354530096e+00 -4.866964808883552429e+00 -1.062550808933870883e-02
4.084641153142161585e+00 -5.405834585662818270e+00 -3.375914749176622820e-02
3.942373444496604762e+00 -5.028349106828970072e+00 -3.364167965482707245e-01
3.684949456085520936e+00 -4.911028251018853652e+00 -1.297873998746226221e-01
4.442169230699024141e+00 -4.875191228450042935e+00 -1.201299798581771938e-01
4.400434264982601817e+00 -4.880700822165067621e+00 -2.621397712273818570e-01
3.956440380431924808e+00 -5.009947263218183622e+00 -4.747833050397680665e-01
4.267041655506702114e+00 -5.164591231766670454e+00 -2.046405209259525293e-01
4.315069802621730233e+00 -5.379194036987555272e+00 -3.356009376808710698e-01
5.253899971802354685e+00 -4.804271967166665824e+00 -3.463035269802006155e-01
5.074944821106456061e+00 -4.793669106835772631e+00 -2.322219726757221991e-01
5.032910297928506083e+00 -5.345771048897437261e+00 -2.290521044663762495e-03
4.973532388596463960e+00 -4.823953641081291543e+00 -3.802720530406560329e-01
4.900309380856418429e+00 -5.155129465670140299e+00 -3.760709429132447212e-01
4.997840226318665202e+00 -5.334794974732831818e+00 -3.887851932314614345e-01
5.359639011609345971e+00 -5.298261133460256289e+00 -2.644973428298875717e-01
4.592315793361134268e+00 -5.494741912546508011e+00 -1.723688362768260873e-01
5.373212952056242386e+00 -5.461131901669832089e+00 -2.504747836467959843e-01
4.651512519142562141e+00 -4.642522539953425564e+00 -7.785058777356290705e-02
4.665363165514168742e+00 -4.998379534336117480e+00 -4.773274679166377155e-01
5.158019682888291157e+00 -4.814320469188893448e+00 -4.529628241169625369e-02
5.204006383295967098e+00 -5.186606300557663474e+00 -1.548749186260423016e-01
5.373172962907258210e+00 -5.337712274087142994e+00 -6.782449119291200645e-02
5.299741113907042944e+00 -4.757865235061428777e+00 -4.951302905870704762e-01
5.378266338085300191e+00 -4.716096638441618083e+00 -4.491392736491022220e-01
4.683029368482415578e+00 -4.768822523095089139e+00 -2.720205629479419684e-01
5.287910190286012835e+00 -5.390024508571996442e+00 -4.750282265474670140e-01
6.251695671994337289e+00 -5.438696085215505960e+00 -1.746293758212633662e-01
5.872771110430377917e+00 -4.709943552237702669e+00 -3.488064871691420876e-01
5.847055435987016381e+00 -5.006563543495225588e+00 -2.975230318707922095e-01
6.411828010064660077e+00 -5.248572682368875419e+00 -1.720969988026208597e-01
6.269477876849997244e+00 -5.207391123846385916e+00 -1.684524039425170372e-01
5.630774546404126113e+00 -5.118458625109020943e+00 -1.945652590058895015e-01
6.396223091556734630e+00 -5.415724120668077290e+00 -4.280770819209536171e-01
5.979356548470496691e+00 -5.310238379620153104e+00 -8.495292699316969731e-02
5.661089701876342417e+00 -5.139448776758576365e+00 -2.340534434527796748e-02
6.129709110592560961e+00 -5.280357377371191596e+00 -4.794164735721082593e-01
5.543910397304021132e+00 -4.563041609530608334e+00 -4.169280481140038574e-01
5.940635229497402747e+00 -5.182879403191837042e+00 -2.074764744147081785e-01
6.432606664383845541e+00 -4.508445697772724969e+00 -1.041970230649145179e-01
5.873418162394827391e+00 -4.530577024029207145e+00 -4.832207059817079653e-01
6.065608064245910924e+00 -4.563717006930303910e+00 -1.692725927245604112e-01
6.033729786489121949e+00 -5.290632237770709345e+00 -3.690709305225858827e-01
6.258568628281039992e+00 -4.934164249702830851e+00 -3.097975060593931573e-01
6.419051900655173171e+00 -4.990599741681499779e+00 -1.206532503631230213e-02
5.904550131709768834e+00 -5.388674664838005945e+00 -7.765618353263192830e-02
5.864535990874109928e+00 -4.761606577550425712e+00 -3.532391024855172645e-01
5.797716778028490836e+00 -4.781035432332721768e+00 -1.037465448722141304e-01
5.649010745779168730e+00 -4.721579880707796661e+00 -1.924734515103700971e-01
6.263652738116597618e+00 -4.716376398205014198e+00 -4.537484380211989077e-01
6.463582957173780841e+00 -4.604222623052688590e+00 -4.083591313081775809e-01
7.233440597076631562e+00 -5.440962898324682051e+00 -1.617684588499059828e-01
7.436969231911572109e+00 -5.094914676886973304e+00 -4.254629502419149389e-01
6.519311387302222371e+00 -5.065039658444685067e+00 -3.164179520771153165e-01
6.797073033967329536e+00 -4.787389180940808231e+00 -3.659669411112673743e-01
7.132816578418498921e+00 -5.339949351420560930e+00 -5.018608446331640494e-02
7.045042970580414732e+00 -5.252925046717515478e+00 -3.092294681548093394e-01
6.696861829473009564e+00 -5.024087462623388234e+00 -3.222601817372172661e-02
7.343308412232282478e+00 -5.272339085235473455e+00 -4.139154177617214714e-01
7.173471751906118854e+00 -5.436886183866028510e+00 -3.832751951255648493e-01
7.108884247396371592e+00 -4.944139385835049971e+00 -3.957532557417433594e-01
7.474413555137035203e+00 -5.420814794659563951e+00 -4.692876959529428404e-01
6.927694655470773455e+00 -4.679501707393601606e+00 -7.973751572957077371e-02
7.128915520290011187e+00 -4.758852985529932411e+00 -4.478779700140353981e-01
7.264775298370789614e+00 -4.607700573937516531e+00 -3.532620585492622922e-01
6.622686033498787594e+00 -5.204169245728350823e+00 -3.760031478093619484e-01
7.292411014031266348e+00 -5.158131863429080255e+00 -3.468631996306221765e-01
6.795612955549959366e+00 -5.410819220836515342e+00 -4.310149718996907353e-01
7.408385203347627623e+00 -5.269722719743101358e+00 -2.816036870158313832e-01
6.925023868523528137e+00 -5.041285772868328685e+00 -1.743237283476375410e-01
6.642751202913942166e+00 -5.119539459832841644e+00 -4.701848354724322832e-01
6.802172682120936287e+00 -5.275148485216356598e+00 -4.923857751163875918e-01
6.759683588349831851e+00 -4.630951603292648322e+00 -3.544913858536897777e-01
7.232297496871826326e+00 -4.860063155922818900e+00 -4.997041383008848925e-02
-7.186269569792298917e+00 -3.949785046973246505e+00 -3.266962211537052241e-01
-7.430978363418142330e+00 -4.104244078025331532e+00 -4.033685562081856801e-02
-6.951286387703103919e+00 -4.361164914403403259e+00 -3.850906840653252061e-01
-7.275324832264455033e+00 -3.914965897621967450e+00 -4.259995914503917902e-01
-6.544893749274048211e+00 -4.309269404540843063e+00 -7.078584256690589882e-02
-6.628883407338784117e+00 -3.977306927616159893e+00 -5.252240975874578055e-02
-6.825453768785664899e+00 -3.922243443429959786e+00 -7.236562574399663106e-02
-6.586406462479715174e+00 -4.140779613470485288e+00 -7.808744985017312956e-02
-7.292434204628569283e+00 -4.092061681905065917e+00 -1.499057177337945745e-01
-6.756290872246768942e+00 -4.139163206088266378e+00 -2.130884319647510239e-01
-6.554777376274560474e+00 -3.919467640295581923e+00 -3.313868561353583431e-01
-6.815199660893268785e+00 -3.537086172560979680e+00 -6.985501672424732078e-02
-7.367538124616765494e+00 -3.578560484636264860e+00 -2.347170162879788080e-01
-6.868120253700682021e+00 -4.215698746116505191e+00 -2.699098065599692120e-01
-7.270643514766639726e+00 -3.870438256390364540e+00 -2.262462901115132041e-01
-6.729480156877766461e+00 -4.126166286703362829e+00 -1.921919604831714423e-01
-7.085566464019570354e+00 -4.102544356945720949e+00 -3.939381317924990356e-01
-6.822931982588226418e+00 -3.645039711233549529e+00 -7.616509775322732878e-02
-6.744578013046945486e+00 -3.694788237808021236e+00 -4.492053835657703331e-01
-6.772935980786711774e+00 -3.733247955512948302e+00 -4.173836390364922266e-01
-7.163818572879129931e+00 -3.825618419621512611e+00 -2.780112317321989934e-01
-6.204872048154796538e+00 -3.521128644439036837e+00 -2.310568351914987772e-02
-6.008984267495436349e+00 -4.029310942020063457e+00 -2.872478002006424447e-01
-6.155234971167186764e+00 -3.986342190126164642e+00 -1.363967645369328352e-01
-6.313533533574208434e+00 -4.074539931723935915e+00 -4.454399717130996805e-01
-6.126733428072260956e+00 -4.146305962370779419e+00 -3.169025906802893644e-01
-5.773256927748352751e+00 -3.665373178051929859e+00 -4.959049312421193179e-02
-6.237464609091748713e+00 -3.811418124885368020e+00 -1.762266576812265839e-01
-5.633622948329286118e+00 -3.609355040528269942e+00 -4.974233019246732113e-02
-6.190972847083776820e+00 -3.575650876922158439e+00 -1.212305076082138555e-01
-5.703074149706344187e+00 -3.753632168309980255e+00 -4.295713093878053002e-01
-5.555449007025558217e+00 -3.833178974930511629e+00 -2.715083916401184183e-02
-5.564459977187372175e+00 -4.090034075477100295e+00 -9.144271050482366547e-02
-6.406200577141998309e+00 -3.501044238525475638e+00 -1.517662895608733464e-01
-6.464380531143029351e+00 -3.847382374693585128e+00 -4.369649059001456948e-01
-6.249161233080279487e+00 -4.421512310292885495e+00 -3.511115868364971249e-01
-6.347432619573270429e+00 -4.052922740658448042e+00 -3.351999278499917523e-01
-6.368317731372687085e+00 -3.732794506716866856e+00 -3.618356787088075066e-01
-5.781551453435898047e+00 -3.881974409235605439e+00 -4.003680643879761192e-01
-6.327598880122054403e+00 -3.826579108014012132e+00 -1.241650999528793875e-01
-6.098110687253440076e+00 -3.605084531805496706e+00 -6.354939681537175034e-02
-4.610633817881785390e+00 -4.125093850657582273e+00 -2.508498792640168062e-01
-4.804124278024502814e+00 -3.678582615326376537e+00 -3.645996914114402188e-01
-5.310000051505519458e+00 -3.984358558157321095e+00 -2.590877191081446540e-01
-4.754569038097281819e+00 -4.327543428467279796e+00 -2.569796519945928281e-01
-5.281750094828214337e+00 -4.064958990886205825e+00 -5.783456524080143879e-02
-5.322257642654277809e+00 -3.524754933089531139e+00 -2.571196625008891345e-01
-5.199367886388885474e+00 -4.045846290226303488e+00 -2.092084981997164306e-01
-4.716154708994017675e+00 -4.171035386609764473e+00 -9.438259290815054214e-02
-5.066949259453708443e+00 -3.838016040659940398e+00 -9.810067842343173083e-02
-5.176790559034511574e+00 -3.642895632486524260e+00 -4.525326300937706492e-01
-4.955475285850722500e+00 -4.293799163337401303e+00 -3.446399461009264087e-02
-4.807254795023211180e+00 -4.411342135585230473e+00 -4.276805184257828074e-01
-5.306307243434422283e+00 -4.114630203027502375e+00 -4.678260371391296246e-01
-4.661687874453059877e+00 -4.038453671937933365e+00 -3.353149352661652927e-01
-5.206367723053820562e+00 -3.575275782537139069e+00 -2.776979578724940723e-01
-5.386118273119349986e+00 -4.412377779403723110e+00 -3.816148648275685673e-02
-4.640561766398924703e+00 -4.075877698259155579e+00 -3.705611868721554458e-01
-4.820744009458659107e+00 -4.134963368024449970e+00 -2.229454784545499280e-01
-4.239133669513438285e+00 -3.558139568569012035e+00 -4.121838286789749617e-01
-3.988865679202071579e+00 -3.723763765592342789e+00 -9.819512659973561597e-02
-3.846845389350826316e+00 -4.245318764772897602e+00 -1.836034373660559993e-01
-4.420373996800265992e+00 -3.502253368286830870e+00 -9.947514849422134375e-02
-3.531179555207890619e+00 -3.632669643603502863e+00 -7.692513814792611981e-02
-4.306073274232746328e+00 -3.777697686376881858e+00 -2.821546731735224967e-02
-4.365836256748473865e+00 -3.994657741676102436e+00 -1.241538169878655395e-01
-4.119515740781615420e+00 -3.740582263732629809e+00 -8.313339899798144472e-02
-3.616947065525947025e+00 -4.281405523961263171e+00 -2.408136615256424307e-01
-4.275504842369699965e+00 -4.486889594419189109e+00 -2.959727625392538641e-02
-3.529346003689824762e+00 -3.737104434496874017e+00 -3.012022604929676106e-01
-4.251171528176469927e+00 -4.129049131890679902e+00 -2.079241476517523779e-01
-3.680775278809463646e+00 -3.533519451744148832e+00 -2.999959478321301276e-01
-3.824943153934223350e+00 -4.130710693717132287e+00 -4.830827966080484259e-01
-3.962443443077268590e+00 -4.159983629539059535e+00 -4.727560503084404786e-02
-3.716406901640518790e+00 -4.055297500523916021e+00 -3.520219503214629952e-01
-4.125894790335154383e+00 -4.063904091192186208e+00 -3.261687720907886501e-01
-3.654096572693832368e+00 -3.944990743214332962e+00 -3.603944308001878483e-01
-4.473149008910156432e+00 -4.280219528391749684e+00 -2.795090057328195599e-01
-3.854593432294451727e+00 -4.027453520882935400e+00 -7.894409679103198130e-02
-2.597373140056197016e+00 -4.385140832898759555e+00 -2.874603526287522470e-02
-3.240884940632870581e+00 -3.862857772365488440e+00 -3.478845092285283158e-01
-2.621818452637451280e+00 -4.218359685762074207e+00 -2.407503127172248014e-01
-2.671730194701725125e+00 -3.630669281191505782e+00 -9.653641836759163652e-02
-3.149426873691345996e+00 -3.949609670364117253e+00 -2.699252592495895442e-01
-3.463415835510586405e+00 -4.276401278588582322e+00 -2.523053650343829446e-01
-2.599728649239004596e+00 -4.275522176425292642e+00 -1.007143766681686259e-01
-3.251406068250485504e+00 -3.785476084913578010e+00 -1.645490473792836639e-01
-2.974004419702827917e+00 -3.765613762575888313e+00 -1.487949766567062682e-01
-3.280956557823001773e+00 -3.976566410792724326e+00 -3.909226932030307466e-01
-3.062681273489726408e+00 -4.129063334707409716e+00 -9.322631025126604243e-02
-3.357124843069295039e+00 -3.774830497652229777e+00 -2.886674369313144695e-01
-2.729289172019901066e+00 -3.554041357201736862e+00 -5.479326410416085480e-02
-2.687493981256936948e+00 -3.889678263383889334e+00 -3.724648862328443499e-01
-2.547343286724485623e+00 -4.156328855374928466e+00 -3.712035291380715307e-01
-2.603990270858554723e+00 -4.247057812168257840e+00 -2.279441548229712566e-01
-3.339524191369664052e+00 -4.332071122600297919e+00 -2.722930671271708292e-01
-1.901848654948414818e+00 -3.872265281090553124e+00 -4.369992574563106302e-01
-1.858988987637770762e+00 -4.053544583257344236e+00 -4.243540970308998794e-01
-1.531299396986252503e+00 -4.487206970894141556e+00 -3.118949765672081043e-01
-2.195976470711014095e+00 -4.008391510154561743e+00 -1.535257446970561546e-01
-1.543067806188706648e+00 -4.372995153896264142e+00 -2.545407779197841336e-01
-1.984609906468440599e+00 -3.723810376602663119e+00 -2.650095016766762512e-01
-2.054079797797518481e+00 -4.092985487167108083e+00 -4.761059103743647825e-01
-1.787962442370853111e+00 -3.984562094091244067e+00 -6.277569504507063414e-02
-1.867478830468896511e+00 -4.077652543584185274e+00 -3.628918583321709690e-01
-1.644137849434929244e+00 -3.830623326568316944e+00 -2.882846785488872854e-01
-2.400216318743661148e+00 -4.479159954682595313e+00 -4.748948286296883481e-01
-2.379579839793910523e+00 -4.004420091469905962e+00 -2.033103427606519631e-01
-2.228120180878095269e+00 -3.706931439914473270e+00 -1.697544651898663659e-01
-1.884652729826295392e+00 -4.464865023908218156e+00 -2.645492239314144456e-01
-1.870056317830139037e+00 -3.592063645710295017e+00 -2.559847661719611978e-01
-1.658408951361500350e+00 -4.498034667970305378e+00 -3.985120631603127350e-01
-1.533666454986287064e+00 -3.865682026079016342e+00 -4.068131711854263699e-01
-2.311341978818321152e+00 -3.518485677944050316e+00 -4.139022482203245090e-01
-1.583633186511027802e+00 -4.127128349671739471e+00 -7.976997634881222154e-02
-1.252750373582427024e+00 -3.829889207045325872e+00 -4.861754953158836656e-02
-6.201948386560740545e-01 -4.309974160351845995e+00 -4.400117733025652456e-01
-1.447510397103295432e+00 -4.114650822968567212e+00 -1.039723924537874211e-01
-7.870284650741812271e-01 -4.180308905179310308e+00 -3.861664354355838213e-01
-6.377637911355646949e-01 -3.708399847794136228e+00 -1.626694909551620327e-01
-1.294657199924778013e+00 -3.907591074452446911e+00 -1.081841446553202246e-01
-1.112348731954903691e+00 -4.029159375399101073e+00 -3.706860785080063891e-01
-8.106909102791934885e-01 -4.073566346560968832e+00 -3.659030402183596209e-01
-1.117889010200272537e+00 -3.651586045354067611e+00 -4.776902942834677646e-01
-1.117744583068671638e+00 -3.732252714109133951e+00 -4.943664526693147820e-01
-1.086546178364981685e+00 -3.514156441967433153e+00 -3.177790957865109789e-01
-1.021668772760483179e+00 -3.969219495324868063e+00 -1.155596509033784969e-02
-9.972366292194809745e-01 -3.824242138408006753e+00 -9.548987628450333887e-02
-1.250709509578678436e+00 -4.312750732503593198e+00 -2.183316811420770165e-01
-1.435214503376748496e+00 -3.634821085887577130e+00 -1.093254914265529010e-01
-5.404153362553660855e-01 -4.257402674344557880e+00 -2.771578101601406274e-01
-1.393894827065099484e+00 -3.619307912923013237e+00 -2.477495339247042239e-01
-5.476728777192478859e-01 -3.841711031153764111e+00 -2.869687746409113061e-01
-1.385755539295444372e+00 -4.291051305628212909e+00 -2.076497998129962497e-01
-7.390705156072909787e-01 -3.666124904435466902e+00 -3.680598365579967890e-01
-8.312267608890504533e-01 -4.325348361174741640e+00 -3.082788017382451784e-01
-6.138997989327146243e-01 -3.749162578025436510e+00 -4.522000956704523844e-01
-1.020293140642456464e-01 -3.991686388098553362e+00 -1.745621906489080999e-01
1.300843250203218560e-01 -3.543076069956422991e+00 -9.702737033317099247e-02
-1.106801726473127800e-01 -4.048617974837198652e+00 -1.376117543953441213e-01
-3.233481119566068429e-01 -3.658364574177564332e+00 -2.963844371943231693e-01
1.895346237415989066e-01 -4.285451207048629030e+00 -7.225147404089327097e-02
2.661576178123272740e-01 -4.314456267333697248e+00 -3.220937322472501307e-01
1.428932689554498481e-01 -3.941384462480507889e+00 -3.218351258565963491e-01
-1.448684586788155926e-01 -4.028457864103101471e+00 -2.084906634502114997e-01
-4.175727908591522208e-01 -4.334301661173007858e+00 -2.231007075690918384e-01
5.061530322699248075e-02 -4.425667532678956739e+00 -2.330868186942147702e-01
-5.051789483082913534e-02 -4.469888085991722271e+00 -3.785653719802439809e-02
2.699526889952243991e-01 -4.199634574598945846e+00 -3.464268558929557429e-01
7.324253472337094450e-02 -3.787243147260605181e+00 -3.329688010910647478e-01
4.001866822635493648e-01 -3.961117995639834799e+00 -3.037254742983961364e-01
8.931765848773842720e-02 -3.882986457051318840e+00 -3.078292998835205907e-01
-4.697978158199900278e-01 -3.590648374607388060e+00 -2.787627741560552153e-01
-5.971824488777421891e-03 -3.749207252183982764e+00 -2.236915618221910762e-01
1.745578252061523727e-01 -3.970161860202767290e+00 -9.590076431203620189e-02
-1.266229102179643462e-01 -3.865505454961288390e+00 -2.290362308722642126e-01
8.298879037969708605e-01 -4.313706417303810881e+00 -3.288664861889714075e-01
1.318867506492370723e+00 -3.879457032393746285e+00 -4.503067903891242452e-01
8.503013383195039410e-01 -4.149161076571049378e+00 -2.753206419695697349e-01
7.622248449360142786e-01 -3.593274302709630774e+00 -8.027214988572417553e-02
9.017465232899279926e-01 -3.962545877869936728e+00 -9.056177842875889894e-02
7.791150270124944655e-01 -4.103466924000783500e+00 -6.417640050181461220e-02
6.879216230717162261e-01 -3.833849941234883207e+00 -6.533696631222341011e-02
1.270330632772409984e+00 -4.003756570426005190e+00 -1.053449825847501131e-01
1.009832558364434973e+00 -4.172664452168113769e+00 -4.403010200625274706e-01
8.932010790416970991e-01 -4.400284331052671583e+00 -7.281993189545765688e-02
1.412505207729081391e+00 -3.981179650841133011e+00 -1.279204672994360692e-02
1.228584575013789149e+00 -4.192392656661432682e+00 -4.983307004602703927e-01
1.033672401775351801e+00 -3.524197596456984272e+00 -2.631151990656732664e-01
9.613363323287309470e-01 -3.637031495331111586e+00 -2.018788506199573618e-01
1.275710683625588260e+00 -4.453097156022625569e+00 -2.293756320582680530e-01
7.265707951553537214e-01 -4.485905156570294317e+00 -1.992299595904274412e-01
6.490626030823563042e-01 -3.686555017212474361e+00 -3.051485236608186824e-01
9.009463923891996018e-01 -3.966706471703195014e+00 -1.121084657972382104e-02
1.287012890188847791e+00 -4.433311491096685764e+00 -4.057732292442750577e-01
1.424515154249366589e+00 -3.767845128008737277e+00 -2.925430707739380409e-01
1.193629688377530584e+00 -4.387774673634573297e+00 -4.979215131786087767e-01
7.875542187846029663e-01 -3.658771020174404587e+00 -4.024435056932222921e-01
1.649068282234994243e+00 -3.772548357954510934e+00 -2.446410064823414388e-01
1.815506533920673959e+00 -4.044117779440158600e+00 -4.688609673666377375e-02
1.977643869384177577e+00 -4.211129902984612094e+00 -4.591936754123455700e-01
2.416400403271518726e+00 -3.934368685986687986e+00 -8.220287750076415989e-02
1.790600451381585856e+00 -4.349970612711341111e+00 -4.725822326872552992e-01
2.165985311560675086e+00 -3.855004782630317095e+00 -1.243018925766392613e-03
2.482418513414831551e+00 -3.544431955458895001e+00 -4.309868097914719698e-01
1.575155343010392173e+00 -4.407110433785597081e+00 -1.624226863540236820e-01
1.531764584051691358e+00 -4.254143359385396117e+00 -1.973962097548387362e-02
2.244249288400226305e+00 -3.714406812420984583e+00 -5.816003676568470837e-02
1.700567798601696268e+00 -4.294364573319303879e+00 -6.090792692521596052e-02
2.226980117642320067e+00 -4.125778230627084930e+00 -1.796982531897111102e-01
1.786964558105870182e+00 -3.709605622487171850e+00 -4.785957014054087466e-01
2.022637104624056548e+00 -4.474236290930931226e+00 -4.641968485644767384e-01
2.268442560156845644e+00 -4.107092982788300262e+00 -4.969099994108390206e-01
2.068891488454747574e+00 -3.928580729751534051e+00 -1.182620756349734847e-01
1.560547196193381225e+00 -4.112710146420035962e+00 -4.463362893345728111e-01
2.323895900228865941e+00 -4.119295547358956533e+00 -3.846906694599372400e-01
2.290751491126826522e+00 -4.320496215597645850e+00 -1.200289257098159368e-01
1.665470558197347017e+00 -4.344320098684853804e+00 -1.518719008805238246e-01
2.641307904305026710e+00 -3.637778098389127024e+00 -4.935297504463775908e-02
3.301418013541825403e+00 -3.844164688967917520e+00 -2.679487719269086909e-01
2.505917523755748277e+00 -4.321782090647131369e+00 -2.486082874274657684e-01
2.784167988625174672e+00 -3.971592226857035168e+00 -3.915602763060022085e-02
3.327114815597997932e+00 -3.827419355264983114e+00 -1.077441256954774218e-01
3.016950768253671811e+00 -4.222226614461503935e+00 -2.900786307977991640e-01
3.265606945391436255e+00 -3.857073468800487515e+00 -1.633321605270303678e-01
2.630117565292874104e+00 -3.562308549186541828e+00 -1.071485117922339469e-01
2.970231522357522636e+00 -3.977179471849232151e+00 -4.684520463453445416e-02
2.568406000364152675e+00 -3.865777083013348658e+00 -2.726747278802719165e-01
3.163245700501946089e+00 -3.665700847339536939e+00 -1.533222824876290247e-01
2.534122957767861450e+00 -3.952003583404430032e+00 -3.920423784696644987e-01
2.511603141733495193e+00 -4.053259749149207281e+00 -9.717275621615151238e-02
2.827411022512407612e+00 -3.991392793966130892e+00 -1.665534279272922191e-01
3.463289895314252576e+00 -4.054414018902141592e+00 -6.204519982688694313e-02
2.748591598895854915e+00 -3.830866844073108179e+00 -1.205003393411629986e-02
3.335488706406220416e+00 -4.426086118412995596e+00 -1.864212612562727855e-01
4.243537489603188106e+00 -4.249826087867528912e+00 -4.193512973804480737e-02
4.326163125808179188e+00 -4.144203223367212807e+00 -3.433538170827166169e-01
3.758182500080936350e+00 -3.658153228699388748e+00 -2.498276101656760062e-01
4.075452522110495579e+00 -4.391824278458175357e+00 -4.651083477624062823e-01
3.824553769990714613e+00 -4.004485101346502596e+00 -1.281732843451948156e-01
4.339137171590659037e+00 -3.946335782996769126e+00 -4.902579160581286288e-01
3.924949488612126558e+00 -4.426740632126402453e+00 -1.535684485550596889e-01
3.566255808654180015e+00 -3.678320051989353967e+00 -3.752562275968873706e-01
3.864520567235011583e+00 -3.615494341512031973e+00 -4.454289395821984243e-01
3.754830347252459788e+00 -3.897532017078872979e+00 -2.827943942804722610e-03
3.533773453726588798e+00 -3.587765264166752566e+00 -4.754929697300340763e-01
4.238967060508890938e+00 -3.687297244310441702e+00 -4.869188677026112799e-01
4.215251405283748198e+00 -3.527190327051737295e+00 -1.745887969257804428e-01
4.135883809374380604e+00 -4.065660418308175927e+00 -4.440744087214731906e-02
4.216454314652835933e+00 -3.651298591684268846e+00 -1.714281382532387710e-01
3.907035141527584798e+00 -3.761233557962080365e+00 -2.380666680852669970e-01
4.117199759465837161e+00 -4.378685611204001127e+00 -4.362302605278998158e-01
4.326801368734125575e+00 -4.092009333626926093e+00 -2.399852947620004784e-01
4.317296195498364852e+00 -4.380015348120740448e+00 -3.459323800432798635e-01
4.335596337719834992e+00 -4.147329585675333163e+00 -2.020628546320306640e-01
4.035365161027481662e+00 -4.398261456389945145e+00 -1.759082288309308240e-01
4.185104549044661226e+00 -3.641873774902473659e+00 -1.261546285460664052e-01
4.172045791920240276e+00 -3.512260862543339357e+00 -2.412336894013868971e-01
4.538444117623916085e+00 -3.958804562137975491e+00 -2.990388676465034479e-01
5.249070452404488663e+00 -3.631350131372649503e+00 -9.206466932207568732e-02
4.985913920204263050e+00 -4.092571137881350296e+00 -4.342633827843016547e-01
4.974494180782638608e+00 -4.031298749248915847e+00 -2.688563265936139146e-03
4.923964238406405514e+00 -3.855993784473268793e+00 -2.485048444330022477e-01
5.443979266608311107e+00 -4.133606646968291720e+00 -1.206973487552431834e-02
5.002955456058927552e+00 -4.003720555792902758e+00 -2.786269460137944520e-01
5.043404375199372680e+00 -3.531983384446448326e+00 -4.095403417171130656e-01
5.348267915984290966e+00 -4.368302101169486917e+00 -5.521890232860293679e-02
4.650765387722971766e+00 -3.779855273765493795e+00 -1.605116426865205170e-01
4.797826284394520968e+00 -3.882116054449717524e+00 -1.008081692796398698e-01
4.925974952325118394e+00 -3.703799132226182067e+00 -2.773484793111453683e-01
5.398205149912946865e+00 -3.910833523169987558e+00 -4.045927240623914400e-01
4.874265271450768822e+00 -3.531623548696864567e+00 -2.967382659179076398e-01
4.646806363086103175e+00 -4.351487624663240794e+00 -3.511340824389996840e-01
4.999997286829493959e+00 -4.255872409283552038e+00 -4.119958590404788623e-01
5.156772909486853962e+00 -4.131441104193087632e+00 -4.952136284669581556e-01
4.502185365324010036e+00 -4.069731208212096440e+00 -2.619739168833081777e-01
5.177071777319827817e+00 -4.344083567325310646e+00 -9.623784215974318101e-02
4.515888432669580510e+00 -3.554292895576470102e+00 -5.186960183829825155e-02
6.293305203124919700e+00 -4.287031563567111903e+00 -6.428387221608566904e-02
5.998392374071523037e+00 -3.817036647329790977e+00 -1.407248538353549350e-01
5.790742773270565635e+00 -4.222337003083632467e+00 -9.451522678530643873e-02
5.942435242141645091e+00 -4.103041904132370021e+00 -9.248438798454827747e-02
6.204164228581458218e+00 -4.281337917660878567e+00 -1.580747783894036473e-01
6.470189337117247419e+00 -3.638252556155105122e+00 -1.774141755129488018e-01
6.197437674092824977e+00 -4.285150484550286798e+00 -3.174895772033359265e-02
5.586184776288213527e+00 -4.281265840379725240e+00 -1.416277623907085115e-01
6.452512105047141233e+00 -3.851499380579691767e+00 -1.366226175414038124e-01
6.468568078912621644e+00 -4.328330406719354428e+00 -1.117286524097593770e-03
5.982713247445587967e+00 -4.029979611650983173e+00 -1.119729930438726484e-01
5.606256262913451138e+00 -3.606622490071821563e+00 -4.138608360108690931e-01
6.103114848206097065e+00 -4.233077998842885492e+00 -2.243044923194474904e-01
6.043950775917114271e+00 -3.528768731597749841e+00 -3.226085996168777115e-01
5.704577897751104132e+00 -3.928144636910998244e+00 -2.211443146217284550e-02
6.479476376747637545e+00 -4.329385302421359327e+00 -5.284940771148072258e-02
7.203734669338436092e+00 -3.621323601038198170e+00 -2.347791406075749876e-02
6.908509732634907863e+00 -4.209970994144374146e+00 -1.120931957621316144e-01
6.941782364475855616e+00 -4.222625119223987866e+00 -3.642247691556832478e-01
7.209736187946756303e+00 -3.699536340238485543e+00 -1.782375767460777638e-01
6.626562089307588721e+00 -3.916754546676753712e+00 -1.330138201062833758e-01
7.348372007340987722e+00 -4.071886973577145241e+00 -2.193358895489492255e-01
7.409420603640501923e+00 -4.180649854604958193e+00 -1.775823958086721888e-01
7.134542258550695237e+00 -4.455354840771878600e+00 -4.043242206075117195e-01
6.812225928165425159e+00 -3.590931519408262940e+00 -6.296538075618229868e-02
6.822761301067362893e+00 -3.734116622504141336e+00 -1.587531416759020431e-01
7.335401796386168627e+00 -4.163653570744394905e+00 -1.910577968956950201e-02
7.300345835455155807e+00 -4.185829112368486093e+00 -1.912647130822655583e-01
6.992494466462922276e+00 -4.465501870401339168e+00 -3.618830129539940543e-01
6.578300281855195664e+00 -4.025180433517950185e+00 -1.250293839357183856e-01
7.455954591482328198e+00 -3.743107374475995286e+00 -3.962238264160706791e-01
6.936486281341171178e+00 -3.818503915720933950e+00 -1.437490063578934496e-01
7.173501757505448495e+00 -3.826853741654650864e+00 -1.355792830718982600e-02
6.958906128730578899e+00 -4.065459195470987552e+00 -3.594765798992973771e-01
7.385749372137388136e+00 -4.106641154092427470e+00 -3.859205435083339353e-01
-6.983473934055679955e+00 -3.302124371127225899e+00 -3.033980509820484173e-01
-7.320024879850008936e+00 -3.113135137714647449e+00 -4.856186106275472980e-02
-6.919676663380876391e+00 -3.466817918225117978e+00 -3.271113232048517006e-01
-6.634560541651538301e+00 -2.991026555233835538e+00 -3.311311302943682477e-01
-6.952825019549313978e+00 -2.750766432809998996e+00 -3.618022324416170221e-01
-6.754413982092770219e+00 -2.628348994232078795e+00 -7.047094604060610834e-02
-6.656988628082109116e+00 -2.924693757208748579e+00 -5.557315943590879215e-02
-7.060333985492770914e+00 -3.291394645092781346e+00 -1.600743248692122478e-01
-7.074450332327903546e+00 -2.850715889707109874e+00 -2.406135714915560442e-01
-6.759325185087472931e+00 -2.619857959873804099e+00 -1.906253346778239433e-01
-6.655033148835313384e+00 -2.596922171602702889e+00 -4.085171291747666800e-01
-7.117754618008341971e+00 -2.878430552379006357e+00 -7.065452723127485513e-02
-6.541762464582511427e+00 -2.550830894620855993e+00 -1.167029898199380966e-01
-7.356672980097259895e+00 -3.219889753370718921e+00 -9.667672319125841796e-02
-7.185198175822349320e+00 -2.940604217928536990e+00 -2.285941597951062221e-01
-7.172638044603002250e+00 -2.731817609739191965e+00 -1.075246456970138098e-01
-6.909890511164468840e+00 -2.942548833861295066e+00 -4.093704127819446370e-01
-5.905062376112772071e+00 -3.129618555257501988e+00 -4.611342458889104989e-01
-6.374176301650653187e+00 -3.410613224151555656e+00 -4.721056561280221331e-01
-6.038030196405222760e+00 -3.335339803741080189e+00 -1.097808949498553233e-01
-6.306221216648477679e+00 -2.998441942543909278e+00 -2.332631787341128415e-01
-6.178876260419218447e+00 -2.839806890975324905e+00 -3.349258677359934211e-01
-6.071230781937279275e+00 -2.803276080618108068e+00 -2.344123054850122401e-01
-5.853013409990576399e+00 -3.158605181890606239e+00 -4.406615725409679385e-03
-5.769002818248060827e+00 -3.318160655182641250e+00 -1.958012101730499666e-01
-6.455713001681138152e+00 -2.991364816137869198e+00 -4.674145937416867014e-01
-5.785860673429581880e+00 -3.006809883382308257e+00 -3.746447947397140155e-01
-5.756035791988984407e+00 -2.881711794314355757e+00 -4.057490348860213203e-01
-6.091231189485567299e+00 -3.184717184400278178e+00 -1.641231742786555259e-01
-6.039188462648259481e+00 -3.193587645630883820e+00 -5.037494992897961765e-03
-5.637621450068088791e+00 -3.157823060056687225e+00 -1.953161402600702701e-01
-5.574372483817967350e+00 -2.644542316563055273e+00 -4.203815469355554058e-01
-6.211615422466687519e+00 -2.770277731926082510e+00 -2.986577314805813899e-01
-6.467141058997228242e+00 -3.220266501474360332e+00 -3.377595445824432829e-02
-6.486949991873489196e+00 -3.173391019625702469e+00 -1.058380612369766993e-01
-5.531402473445966805e+00 -3.104179644496419144e+00 -2.938573215265627425e-02
-5.807785606392989131e+00 -3.358411636514214926e+00 -4.073645716591922650e-01
-5.324904948346146583e+00 -3.055021677515154188e+00 -4.071953678907647145e-02
-4.969619338688292309e+00 -3.395791465127027564e+00 -2.913866911724660724e-02
-5.419231719673189396e+00 -3.130732391607909726e+00 -1.528188156933190101e-01
-4.852025877342963867e+00 -3.269421069191793983e+00 -3.218707830928586588e-01
-5.322498591250758970e+00 -2.745442277628226790e+00 -4.458720339412920453e-01
-4.762277448696678128e+00 -3.449976013854374912e+00 -1.850116703210371583e-01
-4.734767115808961258e+00 -3.050649051520757382e+00 -3.334850157943947124e-01
-4.887890058705143481e+00 -2.828202363683487874e+00 -2.844814815736000924e-01
-5.021912831989610915e+00 -3.158533020057876506e+00 -1.816348445598148231e-01
-5.159900283379407426e+00 -3.251216323971320321e+00 -7.117586694488586829e-02
-4.842128280700033649e+00 -3.315470714569806354e+00 -4.934175210216196206e-01
-5.419687506242794939e+00 -2.614187327298017394e+00 -4.294524304906648382e-01
-4.744563421705747963e+00 -2.771701467282346343e+00 -4.769220653432455492e-01
-5.298223696897721879e+00 -2.644861514402064628e+00 -1.072816686476762982e-02
-4.805605825139899423e+00 -2.520274561286544923e+00 -1.695231157988157378e-01
-5.132128481122846253e+00 -2.546203892070453279e+00 -4.479519522799044751e-01
-3.786935139527003003e+00 -2.770595235543066082e+00 -3.773782018222657797e-01
-3.825692832344470329e+00 -3.348119502852600071e+00 -3.557509671829617304e-01
-3.902971435850551618e+00 -3.435266749735150782e+00 -4.666065194370947466e-01
-3.883683545246945368e+00 -3.156028764636067407e+00 -4.271943675974174681e-01
-4.267652717370213900e+00 -3.304676405106134141e+00 -1.416856797726868678e-01
-4.072645727359538448e+00 -2.907591505592266756e+00 -4.026859790434222930e-02
-4.243480990266154329e+00 -2.704600636363357680e+00 -2.440874985856105184e-01
-3.672485151190839403e+00 -3.467587152533758932e+00 -4.535626230054941033e-01
-3.959926719173914922e+00 -3.194774017683814193e+00 -2.580911477994405345e-01
-4.091126928259291695e+00 -2.769741941974695365e+00 -1.567900789465177525e-01
-4.127891222459492582e+00 -3.238814735805653378e+00 -4.439035518272724801e-01
-4.379162356451995031e+00 -3.369846957171667157e+00 -4.048720120130706590e-01
-3.597277033226171650e+00 -2.931394439428356868e+00 -3.969007151363221908e-01
-3.791161475544551074e+00 -3.158598952175371011e+00 -3.005339898080556793e-01
-3.679035734404944691e+00 -3.152039889313387633e+00 -3.770574255723193602e-01
-2.738774631245982860e+00 -3.147978769711928138e+00 -2.808539865768651111e-01
-3.207122264821607338e+00 -3.489852640692838293e+00 -3.607992565330100376e-01
-3.280912917338996593e+00 -3.405108252585829831e+00 -3.411929275477145751e-01
-3.106453609218778666e+00 -3.157110751640855639e+00 -4.360750886171498308e-01
-3.021697333864054258e+00 -3.393570156356610745e+00 -4.117733839588009204e-01
-2.812925814821436887e+00 -2.930274152233359075e+00 -2.947189408900534602e-01
-3.135523022339591570e+00 -3.407874819284407053e+00 -3.225216554973755478e-01
-2.544578686451242078e+00 -2.757448346130473738e+00 -4.048723364093120836e-01
-3.321695366408186523e+00 -2.623260878011695496e+00 -4.425805190758342889e-01
-2.536693193566152082e+00 -2.597932098811600810e+00 -1.707748430495978909e-01
-2.931034211845050308e+00 -3.156045815595417636e+00 -6.630924236529800453e-02
-3.388139571994945420e+00 -2.911330670778985663e+00 -1.449742558636462064e-01
-2.599573423067907285e+00 -3.222573314630719388e+00 -2.209311026377491771e-01
-2.900620811968023460e+00 -3.250411908059074761e+00 -3.812598954366759330e-01
-1.632122577256023277e+00 -2.616074781204062560e+00 -1.825030193393750721e-02
-1.789960125364666865e+00 -2.615240382120804341e+00 -9.131997031447269819e-02
-1.721113262270104194e+00 -2.995557182267495122e+00 -1.370265961359393714e-01
-1.620299456941616256e+00 -2.621754897323906874e+00 -1.804135339386139236e-01
-2.371707708829627670e+00 -3.331285584667413424e+00 -3.210252265057711440e-01
-2.078495593190270441e+00 -2.680524487844683890e+00 -4.468649074451178649e-01
-2.106802838560596136e+00 -2.994153464118756602e+00 -8.948796363140587573e-02
-2.045905229238594636e+00 -3.181806731255385934e+00 -4.548466658629060078e-01
-1.811289245068233633e+00 -3.149531590639260692e+00 -7.076701318729661239e-02
-1.690064229197300705e+00 -3.345315867662650433e+00 -1.434391148769247337e-01
-1.548339240952930851e+00 -3.490273893839517250e+00 -2.400546612098484189e-01
-2.220709657042238661e+00 -2.814242605546946052e+00 -1.857846241531220244e-01
-2.426303567711561193e+00 -3.408959633024180036e+00 -3.957578319085026664e-01
-2.138621980538546907e+00 -3.490890102330800104e+00 -8.354156453394878667e-03
-2.333404513710136463e+00 -2.852945378350717931e+00 -4.666088872306808355e-01
-2.407069520459556244e+00 -2.575870573672346175e+00 -4.620680354238295706e-01
-1.859322282311663521e+00 -3.241792264868864848e+00 -1.565776329378714138e-01
-2.472223348530957487e+00 -3.396988014565691216e+00 -3.011854884156637269e-01
-2.393659847306285116e+00 -2.841691414703502616e+00 -4.653888839502684505e-01
-2.411799801292590750e+00 -2.544228332514488322e+00 -3.563913569551573346e-01
-1.715592243128042149e+00 -3.335973251987251587e+00 -1.207251280616326028e-01
-2.159436145604421320e+00 -3.405444699027786015e+00 -1.222312780608021399e-01
-1.938773658744929129e+00 -3.338672378193779267e+00 -3.980290844910889803e-01
-2.113270484600512589e+00 -2.564075646996472280e+00 -1.250965264406467270e-01
-1.475254956569912679e+00 -2.506252078326423494e+00 -3.436801775342956944e-02
-7.676516174593048802e-01 -2.555288698008604698e+00 -1.372748383042221576e-02
-1.391313000776763786e+00 -3.224433873106530513e+00 -2.545928132975738833e-01
-1.191911732193631224e+00 -3.258194649388783226e+00 -1.709263967975385157e-01
-8.118505225620120669e-01 -3.212878980245938543e+00 -1.679043954623580248e-01
-7.125445327361914494e-01 -3.395243822367154607e+00 -9.065505244461036227e-04
-1.144312129477043527e+00 -2.863190083043793521e+00 -3.856274637460472832e-01
-9.211750843489712182e-01 -2.746328451036424312e+00 -2.007904353830980426e-01
-1.275149326084956236e+00 -2.762036793872324481e+00 -2.646904350564547315e-01
-9.103901478904923295e-01 -2.501830000990424629e+00 -4.779667114360535152e-01
-1.384710299101081787e+00 -3.166037440940523418e+00 -2.409236920395798620e-01
-1.012825446996501455e+00 -3.203445471898890951e+00 -1.835889095452145625e-01
-6.473258500124208226e-01 -2.867770039564790707e+00 -8.288965172556217453e-02
-8.222580896699103192e-01 -2.782896148413605886e+00 -8.693219169794375034e-02
-1.393885922077680029e+00 -3.022389282133579158e+00 -3.131541684387215696e-01
-5.451228552537221717e-01 -3.329833446520408913e+00 -1.088985312682595463e-01
-9.812924073413178405e-01 -3.238116754350647497e+00 -1.562850518652627585e-01
-1.407407445551336345e+00 -2.764352718391346997e+00 -3.580948119176898814e-01
-6.391904117260116536e-01 -3.148126600194135705e+00 -3.767156124841832820e-01
-9.724009339153463216e-01 -2.746395390338320475e+00 -4.808676290895625982e-01
-6.045263022232658656e-01 -3.276554152463761582e+00 -2.079619726818240366e-01
-6.534176596590475228e-01 -2.654570828171043395e+00 -4.208987195897204714e-01
4.188185017412333622e-01 -2.645726920368764112e+00 -4.664951652274353933e-01
-1.485191381456543169e-01 -3.180926060157292845e+00 -1.098855133910703330e-01
-4.886039799263732775e-01 -2.860389712240415605e+00 -2.985380293553525632e-01
3.288776705222575814e-01 -3.209435913668711393e+00 -2.262307963755176843e-01
-3.749494146019820562e-01 -2.789518600414409022e+00 -1.059883949922806323e-01
-2.401972218042125462e-02 -2.790469147251705806e+00 -4.697903159841789744e-01
-2.882945542224257807e-01 -3.151137923162560917e+00 -3.393805662648858856e-01
3.946713706866136206e-01 -2.522715865016150083e+00 -1.665384381054426655e-01
-4.681969967175785285e-01 -2.838646895837348971e+00 -5.305424698799399152e-02
-2.183610420415149633e-01 -2.736828397939385482e+00 -4.794388941947502758e-01
1.508504318314978221e-01 -2.951389183684108630e+00 -3.817766146569887553e-01
3.214188788191663093e-01 -2.929919313482992393e+00 -3.717006399037234843e-01
-1.241852068791926555e-01 -3.042251020265140937e+00 -1.830231942947921908e-01
1.280351041920688715e-01 -3.116972794887287179e+00 -2.770322093166193156e-01
-2.617450751794105912e-01 -3.385333894597343907e+00 -4.824480087229972014e-01
-1.555074429525475921e-01 -3.201803558495610602e+00 -3.889278338589505779e-01
-4.145770483196535849e-01 -2.727756072606783988e+00 -4.479845147576284603e-01
-1.380463002934035899e-01 -3.389566957454000828e+00 -3.362569605269563056e-01
-1.557082611584501564e-01 -3.123945223450322217e+00 -4.108057380326357588e-01
2.752676323436915595e-01 -3.160595445482616839e+00 -5.273287871701271001e-02
1.482275099358192350e-01 -3.434664997864537384e+00 -1.173577199979192187e-01
-3.450392021515487073e-01 -3.478655383943045187e+00 -1.483779922746286672e-01
-2.051014849519292582e-01 -2.959016997196224352e+00 -1.433582890071001259e-01
7.475376007669964906e-01 -2.576766255342531231e+00 -4.453075367735213064e-01
1.343483115119415316e+00 -3.277585023884190818e+00 -2.009495768053994880e-01
7.211297663263387392e-01 -3.301279744175085185e+00 -4.855204036652622790e-01
1.288432268046964424e+00 -2.541571278529205280e+00 -1.110556168792360410e-01
5.911794059099868548e-01 -3.172416377297679446e+00 -3.345460959252797295e-01
5.189541167235578456e-01 -2.513005549920691806e+00 -1.116334323022147856e-01
1.294169408205201321e+00 -3.099678315435438591e+00 -3.823643909645859651e-01
9.059242625875505439e-01 -2.980761364243454281e+00 -2.937186169132015578e-01
8.204376081030559931e-01 -3.138631560840189572e+00 -1.645793539580786558e-01
6.029576680380319686e-01 -3.044948942585557816e+00 -2.525114483454622416e-01
1.245041280885951451e+00 -2.770450980657274798e+00 -4.491988726886031458e-01
7.101250648323542691e-01 -3.105226740275329078e+00 -5.709073974996314860e-02
1.479677351006229102e+00 -3.405266175270122098e+00 -2.931858991801945535e-01
8.347522311605040102e-01 -3.169297019641366120e+00 -1.858559724723480855e-01
6.066714701740156812e-01 -2.913160840536374252e+00 -3.175107019733420799e-01
9.038471495124600352e-01 -2.658299478944528005e+00 -3.186291522983459856e-01
9.824517904482643615e-01 -3.323931996886157592e+00 -4.158864300787872281e-01
1.460003321925302799e+00 -3.453564419845951861e+00 -2.846411698545612268e-01
1.389614017899022613e+00 -2.980463535975117040e+00 -2.907850623547858504e-02
1.542054279875845424e+00 -2.625886277015995418e+00 -1.310556101285413888e-01
1.792575645383788441e+00 -2.974981845693365656e+00 -3.270508563555019066e-01
1.779467965716246880e+00 -3.390566288356633429e+00 -4.588919532251214406e-01
2.446603855147817086e+00 -3.359606158907476825e+00 -4.107303879040067329e-01
2.492413905496983162e+00 -3.429337122804696492e+00 -2.788466349639016073e-01
1.793020976140308420e+00 -2.558047068690118664e+00 -4.154846958221725117e-01
1.592093021137634068e+00 -3.426350021133393930e+00 -1.826595621407438585e-01
1.661042473812729625e+00 -3.429356261629147973e+00 -4.041010015162136426e-01
1.573239698210707971e+00 -2.944858968440868807e+00 -4.206546857899962077e-01
1.561392239801751458e+00 -3.339895526195254760e+00 -4.344609883135515105e-01
2.095449547669222312e+00 -2.871953212507547093e+00 -2.832021263438075920e-01
1.622906312768419568e+00 -3.059153063976662423e+00 -4.907587489400242475e-01
1.814607570045700058e+00 -2.894927250312356648e+00 -4.633775954555812149e-01
2.333526643816309587e+00 -2.969229512504659496e+00 -4.919309811159813250e-01
2.451839995113363813e+00 -3.474107479780450092e+00 -1.815589654359879290e-01
1.592260263358607375e+00 -2.759160877561634528e+00 -1.247323485437092927e-01
2.290747159849050973e+00 -3.164189291487446098e+00 -4.510211725986277287e-01
1.940190259527962979e+00 -3.263652676563104649e+00 -5.375208160923428125e-02
2.429751556808191992e+00 -2.830088725917297765e+00 -4.321649745144870991e-01
1.947170958709918409e+00 -2.964262524452839997e+00 -3.614140620366015355e-01
2.077599450349179477e+00 -2.694606635131243877e+00 -4.733731929765756519e-01
2.888586797746500068e+00 -3.254948491722581494e+00 -3.654953921323347288e-01
2.538517782765701725e+00 -2.506244949418189094e+00 -1.353038231204131137e-01
3.349213580856920558e+00 -3.045966652650902162e+00 -2.430249161071174058e-01
2.826448247011413173e+00 -3.199199376334377121e+00 -4.839674197007148848e-02
2.882717040800354624e+00 -2.689856712941722350e+00 -2.244659197056861899e-01
3.077771728297019393e+00 -2.594106774876097532e+00 -1.808070556522576311e-01
2.524258822817111891e+00 -3.123347952713036335e+00 -7.279668547870876694e-02
3.003407677381204621e+00 -2.916011702660540550e+00 -5.278574054507245705e-02
3.174039755888992786e+00 -2.913568021152123322e+00 -3.682529633991098450e-01
3.171642189232940723e+00 -2.738045495836395560e+00 -4.891227538393572161e-02
3.130087638626383395e+00 -3.333309231225186409e+00 -2.576540764796142469e-02
2.950177378093178149e+00 -2.539149800561133929e+00 -2.298171181717947320e-01
2.642902554681723970e+00 -3.437894990325427003e+00 -9.930373445389406584e-02
2.692492413216292846e+00 -2.678795766643494503e+00 -4.952935592003093745e-02
2.592170449315126746e+00 -3.465717277694153609e+00 -3.037840500993436166e-01
3.376928266683306035e+00 -2.597370041449508449e+00 -2.404112865038499081e-01
2.619491691866006278e+00 -3.064804804862747645e+00 -1.925875937640970648e-01
3.128548662674001335e+00 -2.842241626144369704e+00 -1.814016300573815244e-01
3.251279025354861574e+00 -3.347115371795674754e+00 -9.375753504057016130e-02
3.096934671287444374e+00 -3.070957807171318166e+00 -4.900404844286914141e-01
4.141013228631997833e+00 -2.889147213141029624e+00 -7.866248636647021897e-02
3.572861431292281509e+00 -3.113711881932408332e+00 -1.911067418208052260e-01
3.954328330281880355e+00 -3.251549027301819272e+00 -4.818966625822795891e-01
4.408445009914485624e+00 -3.184645595523885042e+00 -3.659274655414588295e-01
3.989930627424636000e+00 -2.804408381332812894e+00 -2.964715105137614160e-01
3.778961399282371403e+00 -2.901788949938756801e+00 -2.698970284336965619e-01
3.953585887580015168e+00 -2.930066555116310312e+00 -1.367498831136355619e-01
3.740384116489698485e+00 -2.845291593781201556e+00 -6.032423427731359311e-02
3.676527729269253086e+00 -2.617097472348781650e+00 -1.588942686459962061e-01
3.719986889050673540e+00 -2.746229142442533799e+00 -6.904599517263854125e-02
3.918907527608197938e+00 -3.301376700328853886e+00 -1.547885838687079740e-01
3.560837190990559620e+00 -3.372116634360287968e+00 -4.424665468558206527e-01
4.382247924559999674e+00 -3.174748759136534204e+00 -3.450546506715532757e-01
4.114140744248869552e+00 -2.621745934323032046e+00 -4.835464506301114795e-01
3.753518905352617452e+00 -2.921937926002495800e+00 -3.275828431543583719e-01
3.719965514437099330e+00 -2.533120456157044842e+00 -2.234674519743879983e-01
3.621920728542436407e+00 -3.016723892126663031e+00 -3.688589956906778156e-01
3.844138703815884739e+00 -2.567200581815049176e+00 -4.296103764038345929e-01
3.873594598552866586e+00 -2.790665292627449112e+00 -3.844692981006563315e-01
4.498612726572769560e+00 -3.021316402132683265e+00 -1.014846569158525114e-01
3.986522962184979590e+00 -3.060970072137195963e+00 -4.989510038781297396e-02
4.367929150994029897e+00 -2.679385439982862493e+00 -3.507916539764011077e-01
5.394906609714690049e+00 -3.319368116631602916e+00 -3.188205544391919943e-01
4.996546224041464868e+00 -3.136125214785016269e+00 -1.186837680019827701e-01
5.387959097233213868e+00 -3.197528762371128153e+00 -2.818907763689040280e-01
5.274269751474733425e+00 -3.471917048537987327e+00 -2.684644026105225123e-01
5.169220519807277370e+00 -2.662371355336618173e+00 -1.828223924606806605e-01
4.550453146979727137e+00 -3.299118098640530405e+00 -2.140188960517406258e-01
4.767366707629491884e+00 -2.981398608848591536e+00 -2.875836474961932510e-01
4.814966717967505971e+00 -3.193983144821494591e+00 -6.567424873091276538e-02
4.920624725613505390e+00 -2.959422848716942056e+00 -2.282495189230218102e-01
4.828703632767986420e+00 -3.226375793560803729e+00 -4.159607415057511304e-01
5.296756480541336742e+00 -3.352477866577947552e+00 -4.061602206226311296e-02
4.633060220689383613e+00 -2.741469061941124608e+00 -2.047528006045826743e-01
5.472035792328034276e+00 -2.977738974791612314e+00 -4.287915720836732447e-01
4.700791339327908602e+00 -3.443519092858361219e+00 -3.866898179379312239e-01
4.708420017505272170e+00 -3.222082573307094577e+00 -2.762217118428296203e-01
4.755452577263447722e+00 -2.540049086213961971e+00 -4.183452072955944345e-01
4.639315964945987858e+00 -3.249988639015146674e+00 -3.829847918519746486e-02
4.847643203818545743e+00 -2.966395552876893049e+00 -1.409924540955689309e-01
4.860324474452781374e+00 -3.385462791706542518e+00 -1.936123390813602185e-01
4.505578405941628617e+00 -3.470943602161328911e+00 -2.106228435649626363e-02
4.604290641718094435e+00 -3.289902872911584453e+00 -4.555118051133195678e-01
4.769073462551389753e+00 -2.826537635145729865e+00 -2.682417821654841106e-01
5.329945684044247400e+00 -2.862545337511175347e+00 -2.768853126963986000e-01
4.649364806822017471e+00 -3.034436824829944257e+00 -4.593452780345366193e-01
4.977130412911225932e+00 -3.459511949072744841e+00 -4.296148509633042067e-01
5.386497181442113202e+00 -2.916616956884617196e+00 -6.096035010646616570e-02
4.574957609820604176e+00 -2.595036710017389225e+00 -1.020889553613226752e-01
6.466962064981895963e+00 -3.389561328219555136e+00 -2.898658474467641355e-01
5.652475724101648780e+00 -2.982323956875378990e+00 -4.810350860113441485e-01
6.337955163558749661e+00 -3.169060315817351814e+00 -2.773839642630662183e-01
5.823092385211166899e+00 -2.618069843140499842e+00 -4.130421109122544010e-01
5.996430803637064599e+00 -2.709032686588081162e+00 -3.282764890057308094e-01
6.049091754544354771e+00 -3.078717099846267402e+00 -1.685787965075853378e-01
6.135656012996903996e+00 -2.910924464836055492e+00 -1.707080527577549134e-01
5.940626943153706208e+00 -2.613071125746708745e+00 -9.715338313279353599e-02
5.987145825000734334e+00 -2.601391675618852872e+00 -3.544418601108692002e-01
5.897457990008067696e+00 -3.259943910399112355e+00 -3.664861138423702869e-02
6.175472523181113615e+00 -2.705233630829822822e+00 -1.674282922138647933e-01
6.308137484613883572e+00 -3.403878421537887888e+00 -2.713229467525799521e-01
6.449689751628142176e+00 -2.635304985060955119e+00 -2.366002812184859749e-01
5.651720399132692307e+00 -3.340764299920257585e+00 -8.735623409419801533e-02
6.470709797804209629e+00 -3.470850565022926659e+00 -5.403395780498598810e-02
6.181588327485190604e+00 -3.280092302282961114e+00 -2.170915065550609313e-01
5.862113478387236398e+00 -3.240048893603125535e+00 -2.248474804658240345e-01
7.227977504807416409e+00 -2.962671639116726041e+00 -1.061175794834241515e-01
6.927569251227769342e+00 -3.404269789762482290e+00 -4.127344563607042716e-01
7.426613928292480793e+00 -3.069058163686728236e+00 -1.533215565478887044e-01
6.515156976696051316e+00 -3.327369900656341528e+00 -1.466661511921927286e-01
6.741606252095806440e+00 -3.463740671395052928e+00 -7.761532174907337378e-02
6.755539963376214985e+00 -3.031568268298364011e+00 -3.040986416252824398e-01
7.028047742970686684e+00 -2.989234749044490158e+00 -2.361249652189165715e-01
6.651653047242527705e+00 -3.367237996889878460e+00 -3.912298700349161606e-01
7.392040679791367808e+00 -3.411598035239107318e+00 -4.384802115727364225e-01
6.917500651514151500e+00 -2.958499276279659362e+00 -2.576410203815129307e-01
7.163936937796909987e+00 -2.603255532709583875e+00 -2.453064653901630976e-01
7.053891489438957052e+00 -3.332144399055945172e+00 -1.066367771996095115e-01
6.872369636618056887e+00 -3.257971435623232992e+00 -4.843813606769202806e-01
6.815169772895863787e+00 -3.207746870205834711e+00 -5.836900805324241048e-02
6.863263410166595690e+00 -2.868634371006317352e+00 -9.139870779965164616e-02
7.036369401664224199e+00 -2.878221717681823222e+00 -2.299989885821105418e-01
7.353455924631337126e+00 -3.444074177943988069e+00 -4.510149658696249730e-02
6.869917125611152642e+00 -3.127151987783663323e+00 -2.060204490275587830e-01
6.658427720976430209e+00 -2.756050566380119804e+00 -2.370787719032279028e-01
6.790956279774910342e+00 -3.074948810072362981e+00 -4.737848878332133751e-01
-7.344100068270304149e+00 -2.046024702653319594e+00 -3.266455331328188549e-01
-7.055573171928668508e+00 -1.755234652470180734e+00 -3.087436423544520636e-01
-6.615341271152274771e+00 -2.170297386319073318e+00 -3.737512935843785300e-01
-7.217782134242797021e+00 -2.092820909408917629e+00 -1.715433483874946319e-01
-6.631708877923649048e+00 -2.479040714361261166e+00 -2.642029847219937722e-01
-7.299788943249709838e+00 -2.332819873038550540e+00 -1.723267121240379396e-01
-6.994609732647119493e+00 -2.009031969413742402e+00 -1.375187431266784444e-01
-7.241641880623990168e+00 -2.099322732431392780e+00 -3.864962083420113714e-01
-6.662424648287764484e+00 -1.601984374393490285e+00 -3.830661135168416109e-01
-6.768450072668282580e+00 -2.110458975708494833e+00 -3.153517809663846094e-01
-6.968556259373763773e+00 -2.380783464596857968e+00 -1.381800532018466754e-01
-7.387791626099154740e+00 -1.845020263561910845e+00 -3.847266221971796796e-01
-6.817970544155474322e+00 -1.887212547194907053e+00 -3.373315018296985102e-01
-6.544853154799638695e+00 -1.708420111832207766e+00 -4.701569172259159046e-01
-6.872371954013702933e+00 -1.940757148307221236e+00 -1.318777007713158866e-01
-7.060971265229175842e+00 -1.804363411343501866e+00 -4.026274108908971527e-01
-7.101271227265985253e+00 -1.903721061142716664e+00 -2.493527254177205776e-01
-6.839873878776635330e+00 -1.915976112420675115e+00 -4.712063151550758278e-01
-6.670162352996310773e+00 -2.284626225971869928e+00 -2.204563001704169523e-01
-7.285985416528067304e+00 -2.298808161542451600e+00 -4.218327722228156773e-01
-7.049158198428964184e+00 -2.054804847057778439e+00 -3.656050205742928938e-01
-7.460443779788285212e+00 -2.407569589275491140e+00 -2.495230026185204508e-01
-6.512372884415538188e+00 -1.643724052002844438e+00 -7.160792533601600951e-02
-6.667788007654908533e+00 -1.544360528834448409e+00 -1.471236030107938575e-01
-6.278792982474243445e+00 -1.803332977182832586e+00 -2.106811326346793578e-01
-5.624604651433856795e+00 -2.411412852282118990e+00 -3.103968482590904188e-01
-5.568002172951524997e+00 -1.576220180192847486e+00 -2.081161564836975231e-01
-5.509755836576113452e+00 -2.407731549671061622e+00 -4.953507636556953031e-01
-5.579659253771142247e+00 -1.891830926697068094e+00 -4.755640406590107006e-01
-6.335580290710316476e+00 -2.338037393004765541e+00 -8.484432285395904216e-02
-5.626462120281692236e+00 -2.200750590252603445e+00 -5.477224655900769790e-02
-6.422829999098845555e+00 -1.513970132163761306e+00 -3.631084992485185126e-01
-6.278295063440711310e+00 -1.851249110579864521e+00 -2.919418363394754579e-01
-5.952391524160979941e+00 -2.381305568524869187e+00 -3.483283399437127059e-01
-6.026279449996594373e+00 -1.587940584652214326e+00 -1.426100410693180720e-01
-6.125178152906719298e+00 -2.326916865880422236e+00 -4.319812403676461798e-01
-6.019440866858470685e+00 -2.335650986693978304e+00 -9.621737012864706173e-02
-6.173239919991521774e+00 -1.973552327847328591e+00 -4.871444121456729448e-01
-6.200518793383181126e+00 -2.307685758786424124e+00 -3.793785928607018576e-01
-5.879733206691582836e+00 -2.070336027101655318e+00 -1.925074432369218158e-01
-5.753473189450012626e+00 -1.783203543561699078e+00 -1.696502270043183103e-01
-5.812885205358679919e+00 -2.122533869414749752e+00 -4.707124893969076851e-01
-6.123397152873936378e+00 -1.634983183303006626e+00 -9.147749820889572447e-02
-6.204011642719060582e+00 -2.186097848921349396e+00 -1.690218134303069775e-01
-6.213849787336892305e+00 -2.242961211249515863e+00 -1.471148679734799458e-01
-4.914973127373208683e+00 -1.948439488233320027e+00 -4.885222987366706349e-01
-4.576665722290094607e+00 -1.576394604893962992e+00 -4.348703963667475136e-01
-4.737968127186848122e+00 -2.102032954570131729e+00 -6.811879979349555470e-02
-5.315962244927629143e+00 -1.991972623189854907e+00 -8.771025190051595644e-02
-4.872050789161757045e+00 -1.976238828788554613e+00 -3.370850936285307853e-03
-4.633473931967277082e+00 -2.345992675491670454e+00 -2.095402438508475740e-01
-5.478959452810750363e+00 -1.986010353772421411e+00 -2.089263346405267896e-02
-4.897674324603872087e+00 -1.753533186015639345e+00 -2.472178009586194491e-01
-4.917239655348923932e+00 -2.281981901385665701e+00 -4.900316681047627299e-01
-5.423619140007965633e+00 -2.416717491929666117e+00 -2.221995654001052145e-01
-4.610567583529743274e+00 -2.257906215080320855e+00 -4.459582638361396789e-01
-4.971453664465109945e+00 -2.378260749093762172e+00 -3.455868761588849480e-01
-5.285073096313891661e+00 -1.832707655606400365e+00 -1.091535401598076049e-01
-4.671749551036260328e+00 -2.071821260465304348e+00 -1.945576666423232126e-01
-5.069863790992288344e+00 -2.248536105450600786e+00 -2.772629459493973769e-01
-5.412783034412880667e+00 -1.716615443200198321e+00 -4.732159302216167873e-01
-5.393375286018621928e+00 -2.403255521086252955e+00 -1.263766869959788153e-01
-5.284736306842289899e+00 -2.244742486484298638e+00 -1.346242681333791325e-01
-4.812587493904433522e+00 -1.617739060655111416e+00 -4.644080044893037496e-01
-4.685364559311945953e+00 -1.867129446164713436e+00 -6.747724248761066690e-02
-3.873667877901053824e+00 -2.098311164319413002e+00 -3.657285987179186293e-01
-4.150255393794832770e+00 -1.698296669403124959e+00 -1.544297048804565975e-02
-3.918982017026367615e+00 -2.020541904470190886e+00 -4.703106985076779267e-01
-4.447554348223859755e+00 -2.397835823113043219e+00 -3.008003545663680001e-01
-3.807745003890579572e+00 -1.566429960046132663e+00 -4.283599567536722219e-01
-4.327174410043047814e+00 -1.510472708312047274e+00 -3.301367272591413382e-01
-3.588778832159623899e+00 -1.659746345966818026e+00 -3.323614433867181361e-01
-4.230917392606303729e+00 -1.548573855787946485e+00 -4.503139809289891105e-01
-3.739830705361647301e+00 -2.332626812996059229e+00 -2.097627926951179944e-01
-4.357854113820211595e+00 -1.540607905773320851e+00 -3.979303298639056408e-01
-3.790999310914707099e+00 -1.981799769972557357e+00 -2.028885613822346556e-01
-4.494390197410080390e+00 -2.036819789081676824e+00 -9.775702462505364565e-02
-4.106991468260937417e+00 -2.490446466474731224e+00 -2.204575450445176443e-01
-3.653530368428773212e+00 -1.558884186079517953e+00 -1.547385538998522492e-01
-4.137020013369554938e+00 -1.899275931660200811e+00 -5.421091187911386555e-02
-3.962025725670290210e+00 -1.904976597750822620e+00 -2.168837274080281929e-02
-4.212530572379434624e+00 -2.148232758372110140e+00 -3.938550981507660254e-02
-4.363914322907388232e+00 -1.680516603014281962e+00 -9.813066158291938734e-02
-4.238981283009291445e+00 -1.988572376589969437e+00 -1.188347189890066602e-01
-3.569715785631006444e+00 -1.878464358300256265e+00 -4.365016736000892905e-01
-3.595359920960950362e+00 -1.810304629911495766e+00 -1.488902663534510395e-01
-3.685119695975903387e+00 -2.365276332112330238e+00 -1.409079290627524017e-02
-3.054505575975749565e+00 -2.499902818987952635e+00 -2.282544860720587820e-01
-2.544755857545329292e+00 -1.715288214198610994e+00 -4.852780607899056520e-01
-2.945862948733105391e+00 -2.094140723101423518e+00 -4.253806773773440852e-01
-2.703750155498081398e+00 -2.317111160226751565e+00 -4.467955060198267603e-01
-2.796097587287189157e+00 -2.298647948008476938e+00 -6.080951806626622158e-02
-2.881980448221879598e+00 -1.525037272118066056e+00 -3.276279756983626612e-01
-2.712545598568102179e+00 -1.885138730363728143e+00 -4.620426070013348152e-01
-3.287544322374090555e+00 -1.995901239370398983e+00 -2.979962720919981933e-01
-2.562203255253658440e+00 -2.158860196116032526e+00 -1.585863788119521445e-01
-3.081594645163630020e+00 -1.674066604034447181e+00 -2.684009395059820946e-01
-2.805877187624661317e+00 -2.209253249685930953e+00 -1.359116215676561268e-01
-3.148524968131271251e+00 -2.012079538012855551e+00 -1.700113554569586682e-01
-2.654038946820343803e+00 -2.272324691222753046e+00 -3.543211789904354703e-02
-3.013775580960734501e+00 -2.284302591540887661e+00 -1.687091631609192177e-01
-3.450837588072703355e+00 -1.762874139043494992e+00 -1.106798443565537582e-03
-2.863206178834623472e+00 -1.813559916563763252e+00 -1.113786625160653188e-01
-3.488727330572441332e+00 -1.890665889056434068e+00 -1.946594475808804958e-01
-3.362739105822484476e+00 -2.450996269996586818e+00 -3.446137264890989371e-01
-3.285218159708293229e+00 -1.642706939302369662e+00 -4.660945923724924000e-01
-2.982994755560471667e+00 -1.797771095739888025e+00 -3.736952318320554411e-01
-1.597275827768559253e+00 -1.936912188687784031e+00 -2.471498220589598560e-01
-2.100465908462142650e+00 -2.412711303812676178e+00 -2.713422851228735055e-01
-1.737188550014618471e+00 -1.652488222466974577e+00 -1.846497322689835130e-01
-1.656244016273346276e+00 -2.024217916852332877e+00 -1.529857021097740244e-01
-2.322199333809394695e+00 -1.546354985229666745e+00 -3.861827618591426869e-01
-1.867889717362740676e+00 -2.046190275986749185e+00 -8.142793235083622960e-02
-2.284588756359567263e+00 -2.079555286241056677e+00 -7.102031522797780383e-02
-2.192683085241549534e+00 -2.060139105321980857e+00 -3.498368167186427513e-01
-1.954700338241295299e+00 -2.106020396876782108e+00 -2.225012000094004350e-01
-1.643436043491731446e+00 -1.585648232648359190e+00 -9.763869412449110996e-04
-1.688987835277342420e+00 -1.800939555820516347e+00 -1.360348474211043879e-01
-2.457012848820117057e+00 -2.327515049780843448e+00 -3.115961403361033888e-02
-2.133654864382025451e+00 -1.554679659896514465e+00 -3.152195462554985284e-01
-1.912577037254043155e+00 -2.106293958136051359e+00 -2.601589669462232024e-01
-2.331863174860590249e+00 -2.293445907804473549e+00 -2.633288266517173071e-01
-1.663962534746131539e+00 -2.021338054331391909e+00 -3.275020758144862043e-01
-1.663900477325238825e+00 -2.162322289554991173e+00 -2.984553664814324492e-01
-1.004599072114084279e+00 -2.436370552287219660e+00 -3.157030427949401030e-01
-1.012766652462735451e+00 -2.092788970453145936e+00 -5.812943151699911937e-02
-1.479995223789771330e+00 -1.782017846089824609e+00 -2.358409971344457290e-01
-1.044686193944207808e+00 -2.153279417603958912e+00 -4.118389732676934756e-01
-6.291053541809521477e-01 -2.439504623438754294e+00 -1.193559115711391172e-01
-6.493167669826176436e-01 -2.113692193402334496e+00 -1.902847711181632206e-01
-1.372097994684532196e+00 -1.872316266255804607e+00 -4.893093282937570621e-01
-1.119182155388135591e+00 -1.926307722642256692e+00 -2.581339838069318660e-01
-8.338626514119615862e-01 -2.164997320582649820e+00 -2.389778423625390502e-01
-7.443400817776915090e-01 -2.244766273928094691e+00 -1.367128036880949082e-01
-6.034646463590194188e-01 -2.183828896615827020e+00 -6.306698312306835419e-02
-1.022870371543684875e+00 -2.375216355238674026e+00 -1.533421886443484539e-01
-9.678354103087487559e-01 -1.768375030735532150e+00 -6.490009349289138640e-02
-1.177560002906417047e+00 -2.427984323389383192e+00 -9.363938031547114349e-02
-1.476628693712745743e+00 -1.568619904584643621e+00 -4.648178070285009511e-01
-1.044080807673030797e+00 -1.998220629916225732e+00 -2.365391819964575149e-01
-8.492929151153623124e-01 -2.139787542165900724e+00 -2.488282305991962318e-01
2.586124145780015482e-01 -2.337536272606067556e+00 -2.010114973852239473e-02
-7.533217564530314547e-02 -1.999469260421977701e+00 -1.207742833662646120e-01
-3.086219079861365344e-01 -2.449305770360842516e+00 -6.421394472463859415e-02
2.802065659839509948e-01 -2.470870731660904873e+00 -3.875584401285827596e-01
2.252347422304028512e-01 -1.880538681678283197e+00 -3.954895981356436607e-01
-5.492028273268356742e-02 -2.118696351749528972e+00 -2.756015369442597063e-01
-2.005634489921535035e-01 -2.259750016022174179e+00 -3.057422540070913186e-01
-2.044532964369771832e-01 -1.904213746880937030e+00 -4.637141597341774002e-01
-8.114575954638070243e-02 -2.459016786252929521e+00 -4.941474475831366675e-01
3.518236660655293946e-01 -1.976345276091863390e+00 -3.534429102140990153e-02
4.354762947389350103e-01 -2.318669983619718877e+00 -1.924882731837094241e-01
9.687512057388847353e-02 -1.793254482838248620e+00 -2.280256808942837665e-01
6.786020686202043350e-03 -1.591423058039255878e+00 -4.970322852908992672e-02
-4.263357767357582873e-01 -1.989958814871566339e+00 -1.423372665432260931e-01
-3.331428343574858175e-01 -1.779832158780821239e+00 -3.456735017746499494e-01
-4.443667349971871516e-01 -1.667477113299822733e+00 -2.773022881787969851e-01
4.304327833378538415e-01 -2.293892297132842373e+00 -4.323843322860216887e-01
-1.824710853295048452e-01 -1.827336132621699250e+00 -9.872904187474595972e-02
-4.914708431975265412e-01 -1.776911736724970936e+00 -3.763853121913207644e-02
1.133947885775866027e+00 -1.900308146680973920e+00 -1.432837115730478672e-02
1.200076507871058240e+00 -2.096521632810201652e+00 -4.637338575845930677e-01
1.475893868805536968e+00 -1.862970245202027364e+00 -2.035936361636618841e-01
1.341756373220320597e+00 -1.948351327736523864e+00 -1.771896801507040209e-01
6.503174132849185440e-01 -1.665748354331532788e+00 -1.083826444802724609e-01
8.919674824528094348e-01 -1.994925428770329745e+00 -3.988693901208932857e-01
7.449392522056470511e-01 -1.731675133907710773e+00 -1.241994772251686641e-01
7.177403773132127185e-01 -2.070753910836170775e+00 -1.865318028058187139e-01
6.392848216068731659e-01 -2.177819371929246905e+00 -3.228571780472933028e-02
1.369686898364733452e+00 -2.175658065974783284e+00 -3.392756208122928996e-01
1.202900410014381194e+00 -2.311390791097378994e+00 -3.799644498565353246e-01
5.375175211653342444e-01 -2.192978595245723028e+00 -1.347317484088943473e-01
8.712668552069064987e-01 -2.239961371276690372e+00 -1.754938627867019818e-03
5.640560572381954074e-01 -1.870993222291540192e+00 -2.755066142810296270e-01
7.212889266615682970e-01 -1.858090835773024807e+00 -2.837852931458240135e-01
7.812166913118758771e-01 -2.155360875765600426e+00 -4.379202237529629116e-01
1.235039311170098131e+00 -2.119828846828921698e+00 -1.471661161014576891e-01
1.097756944373985633e+00 -1.812567035047202069e+00 -3.134529494292372931e-01
1.031741233813505687e+00 -2.175972568229359361e+00 -2.119592960190814779e-01
1.084133469983985520e+00 -1.925241140596155809e+00 -1.197174669000062863e-01
5.134394900597261113e-01 -1.878084655172002293e+00 -4.134033078738337252e-01
9.234285560920465485e-01 -1.514793636874051330e+00 -2.070815399501597653e-01
1.297758740762681384e+00 -2.467749491218454772e+00 -3.110860463432576495e-01
1.142826773585010613e+00 -1.840639505788816521e+00 -4.853560623697923404e-01
1.609132968053701873e+00 -2.153340715849854980e+00 -1.164982788155271010e-01
1.929776721831224506e+00 -2.076154624528046888e+00 -2.160503514064959774e-01
2.063205020719550475e+00 -2.362304975610594049e+00 -9.939221916056872885e-02
2.354163132878957398e+00 -2.033713234336631537e+00 -2.891575097834770958e-01
2.239616784880768208e+00 -2.355576728658427044e+00 -8.701085015872500605e-02
2.341862558652449522e+00 -2.172715764801973037e+00 -1.066635317393043181e-01
2.137813993703767679e+00 -1.867216723103005016e+00 -3.325236473921666658e-01
2.100084409847401190e+00 -2.281405950292967333e+00 -3.853799222596450136e-01
1.851012233508615878e+00 -1.745994638684008393e+00 -7.235224613119228820e-02
1.517797934940007920e+00 -1.791790956746971197e+00 -3.184508393664930992e-01
2.250193461267079087e+00 -2.149458439004636290e+00 -1.018987077496920080e-01
2.082162248823163253e+00 -2.365789121892688307e+00 -3.431063655018817826e-02
2.894194566948657510e+00 -1.507085755775905866e+00 -2.672070628511935553e-01
3.084930817997033614e+00 -1.800156181623323803e+00 -1.890701424677807552e-01
2.589110158333244982e+00 -2.205207786053314578e+00 -1.647670093227251442e-01
2.586654167285445283e+00 -2.444064096051581814e+00 -2.751733820478428072e-01
2.576035734117683162e+00 -2.466906594973195865e+00 -3.461538954056937456e-01
2.917002511848989954e+00 -1.528056739242338757e+00 -1.626233614626535484e-01
3.149056159159387747e+00 -2.248774303587898871e+00 -4.893543623116176633e-01
2.654556224236813478e+00 -1.533769792010633459e+00 -3.102240663910134089e-01
2.970339413136544593e+00 -2.470572421855983691e+00 -7.012346954071446703e-02
3.314909988970637045e+00 -2.392835883512477224e+00 -2.221236013581293633e-01
2.530148491146231748e+00 -1.922437792241488808e+00 -1.284337460115025920e-02
3.265552114912212645e+00 -2.280930607430576629e+00 -6.413988824154159829e-02
3.005174211797708494e+00 -1.641449937803844961e+00 -3.718980331400487671e-01
2.658555233315752275e+00 -1.549305969647163828e+00 -1.644165246397122360e-01
2.797491019896204634e+00 -1.940065664167578419e+00 -7.428350232279434806e-02
3.088154482303444581e+00 -2.247892021433567145e+00 -4.462751736340226927e-01
2.944005500052645274e+00 -1.664042064722855763e+00 -2.154721717062084707e-01
3.324166859886553027e+00 -2.126310758675396428e+00 -4.112472693178048644e-02
3.318749983340422816e+00 -2.035640391684712114e+00 -6.228948750813856350e-02
3.708162191451554790e+00 -2.426432786729756153e+00 -3.532620486045345842e-02
4.035209571228383751e+00 -2.285092525819624854e+00 -2.965075884769419190e-01
4.374839437241250906e+00 -1.532136347247627484e+00 -2.850625762234422211e-01
3.586864040466982928e+00 -1.803190218099296693e+00 -2.151024961686918147e-01
3.611232745795378563e+00 -2.415544531713083920e+00 -4.622324003348339261e-01
3.865383330345835589e+00 -1.951118526202451520e+00 -1.713922395045202052e-01
4.330112057711131612e+00 -2.252520758707845516e+00 -2.973989700208807818e-01
4.111244168542851796e+00 -1.964258174953728897e+00 -1.400967519696116881e-02
3.879692928300293886e+00 -1.920949041327862261e+00 -1.818195570396365923e-01
4.221806877056730301e+00 -1.508209593876335575e+00 -1.059561286292787230e-01
4.252398993301840235e+00 -2.178978097088357657e+00 -2.867518715056327494e-01
4.323491741278754574e+00 -1.788073565387040986e+00 -3.401897781295559753e-02
3.575040505864343743e+00 -1.561128515802825412e+00 -1.776871415833713996e-01
4.088377432853327775e+00 -1.535880702433819245e+00 -1.194284940961551911e-01
4.260388832351830857e+00 -1.818275987672019589e+00 -2.043111139790152464e-01
4.341590718702484253e+00 -2.387188267148367515e+00 -2.062680447112192894e-01
3.870278035684421525e+00 -2.400394882212048664e+00 -3.653537872404832854e-01
3.648322526856194514e+00 -1.988937612698336466e+00 -1.367995096473855199e-01
4.166266061028004231e+00 -2.442522262569016611e+00 -1.305913928082311770e-01
4.800834402371563669e+00 -2.287883802738831740e+00 -2.376533557198836633e-01
5.186228338375816094e+00 -2.381943120924725044e+00 -1.010108412581782744e-01
4.845047259523708405e+00 -1.768859850750213347e+00 -2.202977199431881417e-01
5.416485641091970393e+00 -1.625207941197796657e+00 -1.031350612401187306e-01
4.967301066157499889e+00 -1.740389610684466959e+00 -3.665548282690522797e-02
5.316215257912181968e+00 -2.300521291100800170e+00 -4.329842141120678889e-01
5.135920090168388796e+00 -1.907960745140313108e+00 -3.064496716231221995e-01
4.627678620799162701e+00 -2.190941846683550409e+00 -1.294170638795382189e-01
5.338684563743250067e+00 -2.175217464528993006e+00 -3.382864158188425563e-02
4.559822859655970007e+00 -2.037827046711885970e+00 -3.715194774213035345e-01
5.334481917938260764e+00 -2.206831614919724238e+00 -4.035301808692484116e-01
5.403492841652143497e+00 -2.312988130851126201e+00 -1.560972970321614639e-01
5.100293476255057357e+00 -2.201536468998623874e+00 -3.450966294282036273e-01
5.416657694012780411e+00 -2.200642376486889873e+00 -2.341904385168387392e-01
4.667695967772960586e+00 -1.982976133180644140e+00 -3.427836589405757195e-01
5.217451875773134518e+00 -2.263077826240360579e+00 -1.329661032896147788e-01
4.764827882112690816e+00 -2.475859616826736165e+00 -3.882074806256650135e-01
4.717683008296532421e+00 -1.571167650926302173e+00 -3.464312184968747488e-01
5.116691692603236419e+00 -2.257762201632791843e+00 -5.230447993842801679e-02
6.291945193865236874e+00 -1.722784338078213295e+00 -5.988346335375993590e-02
5.804204260978654162e+00 -1.622081721819360389e+00 -3.330225744789760967e-01
5.769220500694292042e+00 -2.248466510659568485e+00 -2.959706170020801608e-01
6.451519923983875415e+00 -2.005155221020307188e+00 -4.861704186965205565e-01
6.151823521372952186e+00 -2.132933234074178230e+00 -3.922474149446539826e-01
5.947296272003747220e+00 -1.633248657262475589e+00 -1.768615207763470920e-01
6.217952168343835240e+00 -1.959252871056329504e+00 -2.490760100313913483e-01
6.316036260232605670e+00 -1.615563489952651643e+00 -2.410483766889424118e-01
5.607195934212329647e+00 -2.184742582537943179e+00 -4.350524708939840224e-01
5.648259285016351328e+00 -1.878394681969889568e+00 -1.164073657356592406e-01
5.766615569413669817e+00 -1.872809532372011532e+00 -5.270695505867806219e-02
6.332921320974438828e+00 -2.093685993700347581e+00 -2.751687159840248142e-01
6.453086662463238810e+00 -2.427220377672403728e+00 -3.203764791322125660e-01
5.571650126918688883e+00 -2.374578342528490538e+00 -4.510427778623284922e-01
5.618434414403283839e+00 -2.006476690967265775e+00 -3.613006988045075474e-01
5.968008825788814420e+00 -2.222828149171355072e+00 -4.691610635429750431e-01
6.140273812458318048e+00 -1.549330501797199666e+00 -1.523484798537779739e-01
6.091976268471825051e+00 -1.718693253938642584e+00 -3.210607714898383591e-01
6.765391391514928188e+00 -2.371080497200981796e+00 -3.345276722975523143e-01
6.588378817420128541e+00 -1.876754616717773771e+00 -5.874447104750579740e-02
7.436633729958987971e+00 -1.960452925075541586e+00 -3.697437293709686656e-01
7.201869616263202545e+00 -1.639061182773883019e+00 -2.387271164226127951e-01
7.210540499828400840e+00 -1.655254262387883202e+00 -3.895449737132476997e-01
7.049318254091772928e+00 -2.119305946525190443e+00 -1.963478761119041849e-02
7.279764325094031818e+00 -2.070906951447694766e+00 -4.319378147279078206e-01
6.806024962197133377e+00 -1.919605146310993327e+00 -1.331656534785921053e-01
7.327708885408892314e+00 -2.348300699420938109e+00 -4.637463442540834535e-02
6.977397863667597733e+00 -2.050872101813009607e+00 -3.962402631853496615e-01
7.029771696956313320e+00 -2.101502743387847261e+00 -2.401632567005957952e-01
7.048538271087586793e+00 -2.390993925026267064e+00 -1.369901280884544548e-01
7.146988126459206114e+00 -1.600447793713030364e+00 -5.006416684165060360e-02
6.893118007755040466e+00 -1.973998835217791736e+00 -7.040707577961313746e-02
6.779629886855087051e+00 -2.055316516061976628e+00 -3.797702061731911272e-04
6.526411664702695958e+00 -1.764951455431185146e+00 -1.559521778106987000e-01
6.717049562652826822e+00 -1.908072455515553045e+00 -8.319840037494685703e-02
7.151888469398015147e+00 -1.669060781209383393e+00 -3.271374434515728069e-01
7.403000369761718602e+00 -1.823727644196824649e+00 -1.961770482665237125e-01
7.032402836445104555e+00 -1.940106632452424762e+00 -4.795800801506846511e-01
6.986022861718952370e+00 -1.602624023156871580e+00 -3.388034797368497664e-01
-7.210272097581444051e+00 -8.500190924676038762e-01 -1.182045271286220611e-01
-7.079226938048471141e+00 -1.349622686215200318e+00 -1.692336746696714300e-01
-7.051112729226761466e+00 -1.429052086937169008e+00 -4.116567144956864155e-01
-6.909612290785250188e+00 -8.737740439018608640e-01 -8.451687355290005144e-02
-6.952402825876585979e+00 -9.300018216969103690e-01 -4.994247071385338188e-01
-7.248186576914568136e+00 -7.762358821849666413e-01 -8.080646840314109625e-02
-7.114974291134330109e+00 -1.134686321333530756e+00 -9.464773508416435277e-02
-7.259038416100915825e+00 -7.705882089102233934e-01 -4.112852794467780626e-01
-6.910496486835480567e+00 -1.172195260953508900e+00 -5.887336612616245191e-02
-6.504162203443166312e+00 -6.824171564513674682e-01 -1.094867063785009975e-01
-7.285024166122718192e+00 -6.141450653057898279e-01 -3.249462498537170063e-01
-6.861743293867215598e+00 -5.722676432888409437e-01 -1.471358896562531271e-01
-7.336383805756145016e+00 -1.279485486416222173e+00 -1.454116712782873577e-01
-6.523530720393643456e+00 -7.421461118794869805e-01 -3.968055783590269670e-01
-7.146250009092447897e+00 -1.418709466415624121e+00 -4.407953379652553849e-01
-6.795590470998205568e+00 -6.007619238823176389e-01 -1.651966805846960540e-01
-7.316771228871470356e+00 -5.240811632206581194e-01 -3.557427084377060567e-01
-6.585775595413545069e+00 -8.341719202934525512e-01 -3.331920992360117850e-01
-6.742315852523963926e+00 -1.229748230752317539e+00 -1.292647448295713986e-01
-7.154794748814362393e+00 -1.056239989609098373e+00 -1.959070998920893203e-01
-6.811392912557484358e+00 -1.160914861460456748e+00 -3.030046337901382003e-01
-5.677126913209955994e+00 -5.974153492357370254e-01 -4.487259861264281113e-01
-6.378482596494526646e+00 -9.340221833560917730e-01 -6.170336277595112051e-03
-5.552130707653847530e+00 -1.127918044533432251e+00 -4.751466969629429826e-01
-5.735393189419149884e+00 -8.243041220427835825e-01 -2.301261216147292288e-01
-6.335457354781591555e+00 -1.136795979084880948e+00 -3.228107851900006153e-01
-5.906291281470157806e+00 -5.219909702468177315e-01 -2.569459076515769880e-01
-5.560968766744719183e+00 -7.198296665461985100e-01 -4.546471413256689686e-01
-5.895157899130564871e+00 -9.234527595313641868e-01 -2.103298432720190903e-01
-5.604959175831427665e+00 -9.606590973226865060e-01 -1.448800141187565060e-01
-6.373437403513225519e+00 -1.276386840935503919e+00 -1.661846884331286134e-01
-5.565460508911145965e+00 -9.246301713852931314e-01 -1.877368723093155722e-01
-6.251856273617410586e+00 -9.069016942557386329e-01 -1.961314270927942971e-01
-5.573356633901806134e+00 -1.362506411725576960e+00 -2.386182628783739545e-01
-5.834241771760682482e+00 -1.003682495834095079e+00 -4.010979778075487445e-01
-4.526861745341667742e+00 -1.401423631033446249e+00 -3.283290499447009125e-01
-5.419690779180300844e+00 -1.326752084688008537e+00 -2.361357557007188746e-01
-5.497107078744358333e+00 -1.242177278867941048e+00 -4.100956058474967136e-01
-5.460616299707256260e+00 -6.500632406245934192e-01 -4.602409457993417163e-02
-5.054142114229288829e+00 -1.219138730990528607e+00 -2.125583510823290112e-01
-4.939120007753646568e+00 -7.919146087416981672e-01 -2.086166094262864590e-01
-5.281990212284726205e+00 -1.362304853156262041e+00 -8.464026771242139091e-02
-5.340731886430629238e+00 -1.077469274182455194e+00 -2.930003317283453868e-01
-5.354513807920377566e+00 -7.481255992211206518e-01 -2.463629897879133779e-01
-4.538834836202982892e+00 -1.130074095661661282e+00 -1.215997011370610892e-01
-5.016388154179372449e+00 -1.181560353186007717e+00 -4.369530798048906206e-01
-4.739929519070305908e+00 -1.380171538715253554e+00 -4.111388772913322498e-01
-5.273962816762234773e+00 -6.247551912187638834e-01 -2.745464757687745561e-01
-4.651137738638097652e+00 -8.037644644365586899e-01 -5.320024168028147926e-02
-5.173967442648926607e+00 -8.095736023832014183e-01 -4.641611776392338129e-01
-4.545199648999877162e+00 -5.790942291241609752e-01 -3.378777548340590187e-01
-5.411847411673257113e+00 -1.094533283980751115e+00 -4.344723075602452411e-02
-4.683684937362968981e+00 -9.439473800245856694e-01 -6.490455832740238407e-02
-5.474349620808914629e+00 -8.750177040779991700e-01 -1.095297969898751944e-01
-4.529078337080806982e+00 -1.379226636942462392e+00 -4.732262102299937823e-01
-5.321957347730025489e+00 -1.448049166514956632e+00 -4.358640570255793989e-01
-5.409477128493229259e+00 -5.718003903068016314e-01 -1.350719296891149668e-01
-4.825519865341878045e+00 -5.229580888056810650e-01 -2.985122634519434826e-01
-4.791526313194555797e+00 -8.278989844740562987e-01 -2.389741766578321602e-01
-3.861534030397634432e+00 -1.251264481339470436e+00 -1.919734681462959003e-01
-3.982143377228294590e+00 -6.224807006533712439e-01 -4.588853468268396796e-01
-3.906379658212155714e+00 -7.941844342025579095e-01 -2.966864564837550233e-01
-3.789191534297515318e+00 -1.027078523008748689e+00 -5.822307078291544258e-02
-4.162051251488943393e+00 -1.068710322625420872e+00 -3.364710721073542743e-01
-3.991795054504799545e+00 -9.374697965699736457e-01 -3.012968391583825678e-03
-4.187662057396652315e+00 -1.258366992404828189e+00 -3.336013566998552449e-02
-3.729779186125030233e+00 -1.194138385789522694e+00 -3.013950036036749935e-01
-3.560380810172748323e+00 -1.231021360705411460e+00 -4.656771360878497745e-01
-3.546914349354816753e+00 -8.492347693539539222e-01 -4.418414436758926200e-01
-4.189101122428358970e+00 -9.006965926114292031e-01 -3.823186042577724209e-01
-4.074017796608052855e+00 -5.369449774928574115e-01 -4.802644948535768066e-01
-4.470225775284069059e+00 -1.226274431301927592e+00 -4.251065382616321386e-01
-3.837279832111637479e+00 -7.049240641041194522e-01 -1.279282994421304664e-01
-3.528830036194156250e+00 -9.165447984904835366e-01 -3.859863923695261434e-01
-4.249544289075330106e+00 -6.064579888649124229e-01 -4.023429010874419731e-01
-4.285432966869259452e+00 -1.073048602204821123e+00 -4.619048293926883986e-01
-3.724907637246559045e+00 -5.921741779843481268e-01 -3.555838400851580872e-01
-4.200104156522667331e+00 -1.236192025380274728e+00 -2.218913377534708076e-01
-4.212719524246407943e+00 -1.349086590276023401e+00 -2.977878124723076780e-02
-3.593391473789482315e+00 -5.917448871059933779e-01 -1.831120859178518856e-01
-4.345324086822589749e+00 -1.337155476992198722e+00 -2.234270678570915436e-01
-2.888695575479024669e+00 -1.104672636402752595e+00 -4.604774189665956641e-01
-2.745115769635699365e+00 -6.694640758752097298e-01 -3.037472250959147857e-01
-2.697430367296247411e+00 -8.901411870076039179e-01 -2.517534785456554403e-01
-2.833137804973498319e+00 -1.179919067532290811e+00 -1.791021070679157390e-01
-2.846386464697819640e+00 -7.332481854685468647e-01 -1.315890569145441447e-01
-2.632139897961508268e+00 -7.254021549532225777e-01 -3.476520786681938091e-01
-3.050384436762591633e+00 -5.024648862035743235e-01 -1.722630615673974575e-01
-2.928997878985166281e+00 -6.007909351466258485e-01 -1.703435101439119137e-01
-2.861254933816535839e+00 -1.413934117714848782e+00 -1.853449839457166348e-01
-3.031306375452720303e+00 -6.732288865807740663e-01 -2.265972593117115963e-01
-3.392310965157813385e+00 -6.613073347884368403e-01 -4.363779651253523184e-01
-3.358711929310627120e+00 -1.334943052403150254e+00 -1.050214760656942303e-02
-3.189860224255149923e+00 -1.475828826100332947e+00 -6.423385239451384621e-02
-2.950254387964667657e+00 -1.142672450013757057e+00 -4.496237559700393405e-01
-2.587420226198761775e+00 -7.721167284988679214e-01 -4.844447872861135096e-01
-2.932454738864483268e+00 -1.156267380343953377e+00 -1.731453512958811558e-01
-2.856577532470454983e+00 -7.963728430885792520e-01 -3.709840770290799838e-01
-3.031598514643182085e+00 -6.910318587325550155e-01 -1.845933765959966166e-01
-2.997399493218283695e+00 -1.027139791010984737e+00 -9.705019685802795948e-02
-3.100609086525395242e+00 -1.222760019732239023e+00 -1.021830568210333468e-01
-1.765835518639278234e+00 -7.192238904736392158e-01 -2.316495093933568228e-01
-1.836718581721584087e+00 -1.140700515492089728e+00 -4.654204019998608999e-02
-2.245285277102505361e+00 -1.218085432007820046e+00 -3.954213820667025203e-01
-1.748132247063450606e+00 -1.208683368495560906e+00 -2.474673595555785255e-01
-2.311431542126900496e+00 -9.594503422273632509e-01 -1.419212969871175289e-02
-1.921047723941511798e+00 -5.504361190556164019e-01 -4.524523696360418512e-01
-1.823512416545808534e+00 -1.380713974344224937e+00 -1.358921460013817750e-01
-1.966155897398754959e+00 -1.141701167598927924e+00 -4.551926196186801832e-01
-1.740473261760632440e+00 -7.122128362728057382e-01 -1.914112591001781993e-02
-1.992372118700612482e+00 -1.237298680283831054e+00 -1.713932164297329308e-01
-1.898838703468355149e+00 -1.297741216267667141e+00 -1.189273073446255324e-01
-1.526567912000787786e+00 -8.308575999454763661e-01 -1.118692999463650750e-01
-2.119158876950807624e+00 -8.363032206065303953e-01 -8.180401701499206979e-02
-1.542627018148517770e+00 -1.257375132827667663e+00 -7.621583023302314075e-02
-2.493585985005306149e+00 -5.262121009451519171e-01 -3.892502531080790362e-01
-1.684333413069089680e+00 -1.244847316482040611e+00 -6.244905097479502842e-02
-1.824745246288606459e+00 -5.026850950550221242e-01 -2.368151609041344585e-01
-1.726037236436360089e+00 -6.815560291642821511e-01 -3.785400986016274061e-01
-1.794570993335471876e+00 -9.257488365629846783e-01 -3.766386951397056038e-01
-1.519287836020341231e+00 -1.261104490313283755e+00 -2.475235913231799145e-01
-1.917462641276674873e+00 -8.056889067298635965e-01 -4.633386304876303541e-01
-1.722123684246042785e+00 -6.519957426825691016e-01 -1.756911012538804329e-01
-5.856065176661058302e-01 -1.042470942352792029e+00 -3.207739734147345700e-01
-8.358045278781371934e-01 -9.468877808891544845e-01 -1.181022211477422701e-01
-8.767114846894861202e-01 -1.273954544769586583e+00 -1.267421307040557110e-01
-1.228736502514478524e+00 -7.513060540015539246e-01 -1.716898259974684038e-01
-1.368957138585938260e+00 -9.047777952585693839e-01 -1.201659223571258650e-01
-7.783769094127244159e-01 -8.479079131129338975e-01 -1.667614961519667816e-01
-7.692776342257587885e-01 -1.478369025113480895e+00 -4.058923116912342977e-01
-1.009691903916342781e+00 -1.050539165942162789e+00 -3.951366612479141338e-01
-9.292614507801095769e-01 -7.375615382930753583e-01 -2.253943871975749857e-01
-1.366609125938914815e+00 -1.385122307257208085e+00 -1.195467432213401793e-01
-1.326235767925785680e+00 -7.820390966080177364e-01 -3.437359543186317978e-01
-1.055862561014887291e+00 -6.204508792243208504e-01 -1.841140496435080820e-01
-5.560838628731730182e-01 -9.258337806956218330e-01 -1.978454118145087648e-01
-2.883258693557548824e-01 -1.075400887520997273e+00 -4.236982421853223713e-01
-4.704306498200461206e-01 -6.711807314331839081e-01 -3.778131260139083736e-02
-4.912921173721152002e-02 -1.044711520985819320e+00 -1.275625707726355529e-01
1.475459427792582545e-01 -8.109636863093152570e-01 -1.101500257793652793e-02
2.721698993244805465e-01 -1.447177580088233384e+00 -3.932018077394925371e-01
-3.889229361077894964e-01 -7.494375141125448891e-01 -3.042824650898054983e-01
-1.780014008094017441e-01 -1.174883363880254272e+00 -4.921433261747054644e-02
4.082803789396596272e-01 -6.367369999049392604e-01 -1.729358262683629022e-01
4.392328621163246183e-01 -1.166011893820422252e+00 -4.434729922370852506e-01
-2.089165390369931430e-01 -1.089692341955140087e+00 -2.137776492580023557e-02
4.548510623087143045e-01 -1.030973351004453420e+00 -9.067146587008956260e-02
1.724134682930866802e-02 -1.123260455454246021e+00 -3.140411048183029408e-01
-4.763673230817229154e-01 -1.495590885886818988e+00 -1.663596280295109864e-01
-2.128967287065286484e-01 -1.282834346556162686e+00 -4.633424603073699188e-01
2.594784388290793942e-01 -7.386880320289304080e-01 -4.164996512446883514e-01
2.195246154209202771e-01 -1.361224752559938800e+00 -2.750307531087976542e-01
-3.874895131002213944e-01 -9.773343430565715195e-01 -1.749759293758579304e-02
5.990799488398401706e-01 -8.943930042456216256e-01 -1.997075734858579921e-01
1.278661255397299357e+00 -1.193075153800208454e+00 -4.809844098357789477e-01
8.979017402586180197e-01 -7.370007633865682806e-01 -3.249218070955919302e-01
1.342842902681349315e+00 -1.220367495060610707e+00 -4.211776181359265792e-01
6.045271112868331187e-01 -1.457512536834390637e+00 -1.888931354277190167e-01
5.974267962906871787e-01 -8.916503087095124513e-01 -3.309191859672893088e-01
1.033157478357290771e+00 -5.666988802326677899e-01 -1.623556722987000711e-01
1.482420474093549601e+00 -1.077603419159272491e+00 -8.060775864084135378e-02
1.035890315603440470e+00 -1.466077976269520633e+00 -2.127890601532360648e-01
1.315871598183266045e+00 -1.010530599316902034e+00 -4.643968997611960248e-01
1.338427958045919297e+00 -7.582548720613919713e-01 -1.307643206393258595e-01
9.599548824855350659e-01 -7.575035325143444354e-01 -4.219256563215303402e-01
1.025297159021484106e+00 -5.732092960097974199e-01 -3.498337148085628456e-01
9.453229495551234152e-01 -1.454692501526423598e+00 -1.648081851555982524e-01
1.135556418783650656e+00 -1.328670389981476241e+00 -4.884729550484241400e-01
7.674104518986695211e-01 -1.393047430555262700e+00 -3.340108781053210407e-01
2.229762487167251450e+00 -1.316748618666580661e+00 -4.917989227307515421e-01
2.383729960340716048e+00 -6.006851185127990433e-01 -4.133943393650145737e-01
1.849434459022996080e+00 -1.443811636339338733e+00 -1.687818880816998046e-01
2.146571534993954700e+00 -5.387274441765210753e-01 -2.726481921905410388e-02
1.952677394721833437e+00 -8.975357857797785499e-01 -2.198251769035977077e-01
2.461237992338276115e+00 -7.790601578288667284e-01 -3.089670282285137404e-01
2.277636474473091255e+00 -1.412958383610739332e+00 -3.822194976464352578e-01
2.431553996108071658e+00 -7.995201798356168510e-01 -7.178773310879904557e-03
2.309601739485573901e+00 -1.216673270047881061e+00 -1.044572156173657618e-01
2.323765011747713771e+00 -1.256284647904834628e+00 -4.232952260770037611e-01
2.422422569919618240e+00 -9.238321293718794180e-01 -9.891049936887696958e-02
1.748291805188129544e+00 -6.373372888353010524e-01 -4.958098883691270942e-01
2.000176207531408679e+00 -1.131729181963541997e+00 -4.332112152706280028e-01
2.447905996916258431e+00 -5.866547703675797365e-01 -1.314560976942455994e-01
2.283188445352614337e+00 -1.199318217984417956e+00 -4.228096602787267955e-01
1.636881611265447845e+00 -1.227604616788862124e+00 -2.914256464194977525e-01
1.745363141600794421e+00 -1.136765446931873313e+00 -2.841744436756776793e-02
2.442797099580747755e+00 -1.195935984302980870e+00 -4.891684749613709471e-01
1.719427287701059015e+00 -1.458121117571148595e+00 -2.997846152582965829e-01
1.896774489182302403e+00 -8.568814367069785831e-01 -2.018658168057907432e-01
2.211912857236534080e+00 -7.586363711578281155e-01 -1.516612008127466993e-01
1.735305295237425938e+00 -7.707530712949859364e-01 -1.475816623106389613e-01
2.260954782033559596e+00 -1.455279853886096042e+00 -4.137412686849426535e-01
2.301294762894922741e+00 -5.845625758566672658e-01 -2.291802473423949493e-01
3.092915563445359339e+00 -1.319337917772278601e+00 -2.254376168922256340e-02
2.963456560981828858e+00 -6.388300759569309761e-01 -4.194361074093730934e-01
2.815342070726934764e+00 -1.221900812065586095e+00 -3.303650247736857892e-01
3.473545923891199649e+00 -9.042988196349011076e-01 -4.686021407429503682e-01
2.991974678903543960e+00 -9.568993325816403939e-01 -3.196822582488056952e-01
3.324904059933844636e+00 -7.873115219770943085e-01 -3.765379041828822437e-01
3.043701034302330299e+00 -1.345482163856114077e+00 -3.768879561631539588e-01
3.395622275973028792e+00 -1.300674812753890741e+00 -8.167099068933048045e-02
2.878748031758538772e+00 -1.261186336693032928e+00 -2.658537102727898116e-02
3.059463347942182665e+00 -8.776031322610577945e-01 -2.800423994647776027e-01
2.599638855741734034e+00 -5.470853218068665313e-01 -3.337498365202158368e-01
3.172336167524413497e+00 -1.155142173721069199e+00 -3.698384474625164842e-01
3.323615159612348435e+00 -8.119121763947294568e-01 -4.812112400281520763e-01
2.508717439509629443e+00 -1.066538332340089212e+00 -2.989482747767979731e-02
3.374442832231476785e+00 -1.274211792545223432e+00 -3.319558279620178354e-01
3.216452073151490509e+00 -7.435437175918346853e-01 -1.016281297931094230e-01
3.433845868150907421e+00 -5.368594089033189576e-01 -1.505826737755260325e-01
2.984021280032465029e+00 -8.312763010531130092e-01 -1.971010528987449106e-02
2.533847618273911806e+00 -6.859858179604332307e-01 -1.591474544766349197e-01
3.013175216900062736e+00 -1.118578620520988665e+00 -4.778958038328617874e-01
3.608162365257584270e+00 -1.000415289669691177e+00 -6.755643212358997118e-02
4.407991234968896777e+00 -1.260179005915588846e+00 -3.463824234010228764e-01
4.146111155949984806e+00 -1.344049147667862876e+00 -3.332248687071803772e-02
3.656775745587459880e+00 -9.532487755443375121e-01 -1.187379213539543343e-01
4.120072538356165381e+00 -7.976554782415385958e-01 -4.627563351183887619e-01
4.186190396665317337e+00 -1.316426711264502281e+00 -4.810160905707459023e-01
3.783634076925244116e+00 -5.852601912123516215e-01 -2.971410163680108241e-01
3.702502449441483989e+00 -1.493135441966143340e+00 -4.965055974445800047e-01
4.364408727742866034e+00 -8.232784049926529235e-01 -3.242643321170923798e-02
3.629506350485723232e+00 -7.785270630593323915e-01 -2.198526632106378997e-02
4.030723325225192610e+00 -1.099963077019828539e+00 -3.962735691507113245e-01
3.600920527396421988e+00 -8.962959494176505615e-01 -3.058573398471597926e-01
4.005767615427757278e+00 -1.138250884325104906e+00 -3.592584832115726101e-01
4.418653431476950999e+00 -1.197578036014504299e+00 -2.669837043086431549e-02
3.756552590063682473e+00 -6.903547613165033070e-01 -9.692599848001215435e-02
3.752510912337886140e+00 -6.832567631228094740e-01 -1.673273552667460251e-01
3.818307623338345280e+00 -5.661359093612734483e-01 -2.737613284291384730e-02
4.066870076462265615e+00 -6.227357338130810049e-01 -2.441862088382329432e-01
4.261901892278160631e+00 -1.387843830174682047e+00 -2.413897919302492312e-01
4.997136576522551721e+00 -1.130804202977995665e+00 -9.062882815961259553e-02
4.763281000597528347e+00 -6.508475891934946134e-01 -8.575718297355727771e-02
4.848149770938046998e+00 -1.037611507995879201e+00 -1.870369774252367279e-02
4.813401164077015792e+00 -1.137751541257184584e+00 -3.936812400251223920e-01
4.915325064894165763e+00 -8.876595154843993640e-01 -8.804204250395919473e-02
4.790491403427820316e+00 -9.213029664157037502e-01 -8.616004144321998126e-02
5.334749082567917355e+00 -1.387121561038458850e+00 -1.142685606779814123e-01
5.419474799670126686e+00 -5.437635002529059847e-01 -3.972982376423175310e-01
5.352681456754194045e+00 -1.261800391857589965e+00 -1.922556124351402218e-01
4.918136069502441643e+00 -1.317808947073241477e+00 -3.729676931035754706e-01
5.171900549509476974e+00 -7.193868414466280115e-01 -3.651870020520284754e-01
4.893615818906411619e+00 -1.052308670191346884e+00 -3.390900742380864585e-01
4.523452488468954868e+00 -8.736150570064831200e-01 -1.686760862822200835e-01
5.499703198677593718e+00 -6.608336001220820322e-01 -2.346765161969912583e-01
5.377192689743836240e+00 -1.244987985864296931e+00 -3.655153935821218170e-01
5.009597880018645810e+00 -8.083219527934701887e-01 -1.452617149774901861e-01
4.586138270351685975e+00 -1.060156378133840782e+00 -4.380262162304635609e-01
5.354780351451053022e+00 -1.466094101727467347e+00 -1.376049084571633330e-01
5.416222292586779119e+00 -6.660746268323478603e-01 -2.276708154303008769e-02
5.336071604535106871e+00 -6.444350815197132931e-01 -3.299295606051426688e-01
6.031600381130051147e+00 -1.019829556240368973e+00 -4.752961606383596660e-01
6.123909609524323727e+00 -1.481750950672737766e+00 -1.600148593201318192e-01
6.469020030349867056e+00 -1.494523157987114104e+00 -4.900509508379187196e-01
6.489032572729446002e+00 -1.199692940303283883e+00 -3.993210340104269562e-01
5.761421502506580694e+00 -1.384029927058358034e+00 -3.245649994604526967e-02
5.626948979113969074e+00 -9.643446312890340266e-01 -1.906356465170233605e-01
6.007396573638359882e+00 -1.304752360894712915e+00 -3.807205564441602519e-01
6.283725530609322263e+00 -8.443240239184834905e-01 -3.233974557070897760e-01
5.716241274682909435e+00 -9.501582882069925517e-01 -1.444971942265631526e-01
6.215160349517319105e+00 -1.420598226030842071e+00 -1.818306673939300566e-01
6.313926613765339368e+00 -5.117636811835311050e-01 -2.947825969239890043e-01
5.609480506007372469e+00 -9.884626474992606049e-01 -2.756141147669985969e-01
6.404104910870577427e+00 -9.988793238526039175e-01 -1.107219707752964410e-01
5.553394906317283386e+00 -1.297662224227734029e+00 -4.399226689611701602e-01
5.856550991611932488e+00 -1.003400577350634038e+00 -1.775853514869893957e-01
5.618101568548375724e+00 -1.082302234400967400e+00 -5.895566703265231467e-02
6.423595535188429295e+00 -1.301539753102200159e+00 -2.134359815496811308e-01
5.985338022440679140e+00 -1.207292728712315188e+00 -1.999098395683400753e-01
5.945131289479220982e+00 -1.095512733644143921e+00 -2.443407477034966746e-01
5.578371881824487843e+00 -1.262891732612711593e+00 -3.555661020170450826e-01
5.767253400273919084e+00 -1.479994728673697857e+00 -4.010067834984436530e-01
5.512452680511184866e+00 -5.193788735846824878e-01 -2.231860079799634633e-01
6.993706275685724449e+00 -1.359046945238516990e+00 -2.938532965076134928e-02
7.408552651806534328e+00 -8.616342249861332903e-01 -2.587701923949481397e-02
6.780166919052746266e+00 -1.050146930031108816e+00 -2.489998857849151648e-02
6.666842121131137944e+00 -9.480129832567101289e-01 -3.330196617230818390e-01
7.101609115043572729e+00 -8.809101803766283822e-01 -4.181584098514417036e-01
6.839179485727484575e+00 -1.280639755442646077e+00 -3.626568240571099722e-01
7.030564851342983701e+00 -5.337504167553444034e-01 -2.531657915684508708e-01
7.118411786539478925e+00 -1.354325543800253939e+00 -2.413417482728466013e-01
7.145914615378279322e+00 -7.196347665972977481e-01 -1.131856147640117882e-01
6.748186336186847711e+00 -7.356275541593815248e-01 -3.833395715255800695e-01
7.035733940385993535e+00 -7.319946473781149265e-01 -9.296179666348969306e-02
7.486774305765443671e+00 -9.202973811050263464e-01 -8.259745120182593325e-02
6.671135346165590008e+00 -9.367535498176327025e-01 -2.612778270776026091e-01
7.204065260436067319e+00 -1.268823003025255858e+00 -2.039286454950701710e-01
7.065215530625039264e+00 -1.472333667955748382e+00 -3.958284827214963997e-01
6.848137650502593488e+00 -8.143578741475048233e-01 -3.851541964927100992e-01
7.224383406469611302e+00 -9.702682110885518796e-01 -2.604096352656828373e-01
6.899297531341279210e+00 -1.293915615578672629e+00 -2.861955350547003007e-01
7.472400531120712230e+00 -1.046210670061857861e+00 -8.915498540287281060e-02
6.671590775493941194e+00 -7.697453180420037455e-01 -1.276010326046268517e-01
6.573987881059036198e+00 -7.373161395031271326e-01 -2.887162398520004558e-02
-6.801445479447536968e+00 1.563934725613389531e-01 -2.904813725008690284e-01
-7.319229238319060471e+00 -8.228209581759049485e-02 -1.878333507160458993e-01
-7.174733627932105229e+00 4.844086225859651762e-01 -4.609472829688421314e-01
-7.126740233367018895e+00 -3.339741637600521784e-01 -4.441246880130869101e-01
-7.404596656091656293e+00 -3.096056570452150325e-01 -4.797837251373255896e-01
-6.945206746651783725e+00 -2.352579403809738068e-01 -4.623857194333567122e-01
-7.208927729928455541e+00 -4.502620905270049434e-02 -1.661925672465240922e-01
-6.823154319577196425e+00 -4.757546343444793990e-01 -4.121495241784955965e-01
-6.913856171636945547e+00 4.303949616135049894e-02 -3.809808334985085310e-01
-7.423518760448899023e+00 4.179685745302030853e-02 -1.620854786414245297e-01
-6.885265151870248346e+00 1.643011993428871165e-01 -1.276975933989277223e-02
-7.397552641144977237e+00 1.794520393484715370e-01 -1.210672608059795152e-01
-6.920027134349138187e+00 -4.546162248381548920e-01 -1.726652843036671214e-01
-7.127035692974683201e+00 -2.615455452908133083e-01 -2.584059772617308681e-02
-6.783654395932126491e+00 -4.866546889295495504e-01 -2.669356827914040053e-01
-6.889248818652220940e+00 3.726774668226857656e-01 -1.056205404468073539e-01
-6.691974767274230018e+00 -2.049471407820213642e-02 -2.941754757846055668e-01
-7.482571313100196519e+00 1.855625779465759351e-01 -6.760877927564656886e-02
-7.322841380725379601e+00 -9.712319868598129347e-02 -6.260760862879877209e-02
-6.776640477253640604e+00 -1.380097978775509659e-01 -2.688621204971042289e-01
-7.181865949451782249e+00 -2.583262664812453480e-01 -1.795929100439899173e-01
-7.029746110375423740e+00 1.346796340496823063e-01 -4.054449642077599947e-01
-6.774650128592877962e+00 -1.410873563094954264e-01 -3.323917441530888084e-01
-5.816714238198756881e+00 -3.323493492453888365e-01 -2.837913558646754097e-02
-6.354787475778514327e+00 -2.173259834358107767e-01 -2.095340313541189659e-01
-6.073832625319106171e+00 -5.962144761287113681e-02 -1.258936477077554628e-01
-5.845548287823239875e+00 4.414776760476257778e-01 -1.782488640014694425e-01
-6.056668661909368367e+00 -2.322226150331481165e-01 -1.919849537941260564e-01
-6.441631118780984266e+00 3.317583502979291055e-01 -4.969766166667710650e-02
-6.172644606991734229e+00 -1.619283590372244674e-02 -3.918260441695355922e-01
-6.335323800508958492e+00 -3.709252101203759366e-01 -2.650304980423410228e-01
-5.739262224109274335e+00 -1.536770824626820797e-01 -1.162632144780602061e-01
-5.620784255390318229e+00 3.976237628981156291e-01 -3.681162691795059061e-02
-5.695210373119028446e+00 2.483516888874071071e-01 -1.789121256545538330e-01
-6.037996369932764118e+00 -2.118877874362006253e-01 -2.668795776457741908e-01
-5.603090445686443211e+00 6.222769214768497648e-03 -1.231370396481210605e-01
-5.778548845829983627e+00 -4.506074628427745310e-01 -4.306700700478174326e-01
-6.236967133880944480e+00 4.072540844220133849e-01 -9.964261116732586743e-02
-5.892534218455783623e+00 2.409669958148477065e-01 -4.618084721842041773e-01
-5.620701858266261119e+00 -4.233326111732038655e-01 -3.368897842258853359e-01
-5.616474114634090853e+00 -4.662611511658543151e-02 -3.026648711623849408e-01
-5.581921002595114700e+00 1.817379611611427137e-01 -3.360103582217242035e-01
-5.758867784817974567e+00 -1.303147159431548019e-01 -4.739723658896490832e-01
-4.759661991148425031e+00 3.370581511252526141e-01 -4.903356269400038769e-01
-5.371897846338542948e+00 1.343363697789090594e-02 -3.028536169983162551e-01
-5.278598286624872848e+00 -4.366760691371496250e-02 -3.036539506653639364e-01
-4.828024558100479702e+00 -1.650543766321206363e-01 -4.885735500030214951e-01
-4.988367535120041829e+00 4.184864405275261490e-01 -1.136893905080533784e-01
-4.835970308638196435e+00 -1.345030588444187103e-01 -1.265309356783621553e-01
-5.162175765519950943e+00 -2.599282020564643858e-01 -4.429302554445122553e-01
-4.704628592714287016e+00 2.417608308539387352e-01 -3.061715014278121316e-02
-5.427645493186614267e+00 4.895528273797111751e-01 -1.682477120306913321e-01
-5.331585548990203982e+00 -3.951951160994831014e-01 -4.222407281193643058e-01
-5.388157610811979303e+00 -3.433504366831980903e-01 -1.114737192571695346e-01
-5.093785912258321780e+00 4.240075263412830253e-01 -1.626843785927594155e-01
-4.185227156362419265e+00 1.475373749145880709e-01 -2.681494405071482845e-02
-4.319487300746149394e+00 -4.294634355608462073e-02 -1.043682536993273402e-03
-3.868900141609419308e+00 2.432219263517421126e-01 -4.305346363831095147e-01
-4.067125844497300413e+00 3.893990999237466610e-01 -2.691488430649719987e-01
-3.661792766471634319e+00 -2.212281763419534641e-01 -1.865581926460730955e-01
-4.450177300560135052e+00 2.111902889579448939e-01 -1.974734291532644903e-01
-4.378987508349637459e+00 3.134083793965380949e-01 -3.060813211126660605e-01
-3.689978201491899146e+00 3.292758735938861037e-02 -2.011121407190401555e-01
-4.163780847820960140e+00 -1.825722966759277810e-01 -4.786267979448766141e-02
-3.996824329290676214e+00 -1.219953450895872038e-03 -6.976533463086553866e-02
-3.807648248323453277e+00 2.769587053211921557e-01 -1.821307100758566833e-01
-4.189018050055563158e+00 -2.125304588348901902e-01 -4.566073487604391801e-01
-4.125696768364353950e+00 1.980528683666928913e-01 -2.571274434949799570e-01
-4.025360331755807763e+00 -2.256757443616450587e-01 -3.608095292764996742e-01
-4.038843146070013823e+00 -3.454986234266286260e-01 -2.423774546555357290e-02
-3.699048529544010755e+00 -4.739086155295044733e-01 -3.355220398595957221e-01
-2.633108233763230999e+00 -4.835962446802657411e-01 -8.842644563069157471e-02
-2.965504833523453954e+00 3.571120750507237318e-01 -9.368777887735291188e-02
-3.455912548221375502e+00 -6.531710442218763291e-02 -4.334175547111165372e-01
-2.818805188898760861e+00 -4.349109419758123707e-01 -3.179257404142532550e-01
-3.207915905871791651e+00 -3.918304785691875125e-01 -3.378781700981416947e-01
-3.461814964790325355e+00 -4.294503378729981335e-01 -4.276528889831610059e-01
-2.883625937454121768e+00 -2.111451383868256926e-04 -4.592379735021481224e-01
-2.997345637975458388e+00 1.995516150053697757e-01 -3.314840010840693907e-01
-3.077392654967976426e+00 4.314858926422475704e-01 -1.307315035703027206e-01
-2.726741051552794559e+00 4.361924754078039257e-03 -1.084137629295813809e-01
-3.406258534715695063e+00 6.617193992511349876e-02 -9.476551976508851283e-02
-2.682645428452043568e+00 -9.205100715963432378e-02 -3.317374170555584811e-01
-3.416289415124398765e+00 -2.657718714745493926e-01 -4.321267480284234352e-01
-3.453090787137401918e+00 1.837947728824795846e-01 -1.749154977933145005e-01
-3.049107911195639176e+00 2.320020886830098661e-01 -4.612773986247340474e-01
-2.521896930245427271e+00 7.554525660152933142e-02 -1.784824216737206370e-01
-2.517394624232560219e+00 2.819321447058484864e-01 -9.565578855503531486e-02
-2.507674342311634774e+00 1.015885448870985641e-01 -2.531147254989285500e-02
-3.315663028690973846e+00 -4.635934616758907723e-01 -1.497351257505137312e-01
-2.454111431460132664e+00 -3.441509073696433774e-01 -9.333084384504708453e-02
-2.179382252099704154e+00 -4.457500850246303159e-01 -2.155279727954173552e-01
-2.393422512077706621e+00 2.355372372396651315e-01 -1.131117306301678838e-01
-1.650964983883883797e+00 3.223639372141517967e-01 -4.051077488105274682e-01
-2.267940333265543451e+00 -1.414106464991728984e-01 -1.622544783447352756e-01
-1.925600498677982664e+00 -2.543773145736274444e-01 -4.564603208626110131e-01
-1.999913740249386507e+00 -4.985664718973161769e-01 -4.784448999815857917e-01
-1.679607055405084814e+00 1.912490105840030097e-01 -1.432027939344191481e-01
-1.810929577458237461e+00 4.878467044803898034e-01 -2.311219106723303440e-01
-1.577058339806002074e+00 -2.011946492585447999e-02 -2.086826815004449998e-02
-2.382017711184841069e+00 -2.250816727388125216e-01 -4.919190569292908322e-01
-1.551945206298938729e+00 4.695084184167255259e-01 -1.820410086619048684e-01
-2.298509997278391559e+00 1.254701899736287984e-01 -4.174140781826718438e-01
-1.797773623562138212e+00 -2.913695966561595796e-01 -6.054365762933144879e-02
-1.789940272705645263e+00 4.138861090502565787e-02 -3.402173116263025321e-01
-1.927723250756217865e+00 2.226635285003100151e-01 -2.548626135994744857e-01
-2.060918857873199173e+00 -4.011939888946001176e-01 -3.607426613630586587e-01
-2.102564108404351373e+00 -4.353308831072384422e-01 -3.101964713465825696e-01
-1.725173551100048996e+00 -1.682033994692035961e-01 -4.930550105932667293e-01
-8.535064009158004339e-01 1.072569612398943661e-01 -3.492910730761646931e-01
-5.591879394545831161e-01 -2.122301839185096739e-01 -1.017645023884234945e-01
-1.289334287358820497e+00 -4.883147771793252545e-01 -2.158050168718563810e-01
-7.385317553156180992e-01 2.222503436083300699e-01 -2.254504899019842412e-01
-1.450908825530813573e+00 -2.594908021171544732e-01 -1.017883987753496200e-01
-7.608250665715772243e-01 -2.942273080374713246e-01 -4.092667167961003827e-01
-9.443340844801673128e-01 -1.461802899396094091e-01 -4.697348662987756995e-01
-1.055342390816710108e+00 -6.458502898225315647e-02 -1.072597836101429891e-02
-5.914842349268871757e-01 -2.258294753443728098e-01 -2.941263256387198766e-01
-1.296754326443576133e+00 3.668798017595777949e-01 -3.348370641439046835e-02
-9.179839311384361267e-01 -2.508321369334050033e-01 -3.088467479116872028e-01
-7.002278518852751432e-01 -2.556442115193950926e-01 -6.389170794026810540e-02
-7.099631478590415767e-01 2.261649863497456892e-01 -3.881781353618016794e-01
-1.280896908800924550e+00 -2.710344551704020333e-01 -4.204055530427304177e-01
-6.908803342367395572e-01 2.726771305939923451e-02 -3.400892042008258898e-01
-1.275259598398369221e+00 1.792367283805251787e-01 -7.793723716497780174e-03
-1.129016279015422342e+00 2.228147475825821289e-01 -3.339977535673259723e-01
-1.250561117590871518e+00 4.530519396111429842e-01 -4.246675442626504093e-01
-1.002676663913747213e+00 2.732633320148556422e-01 -4.787003069462869576e-01
-7.697279131082934711e-01 -1.043356280299567729e-01 -1.126910091041875006e-01
-8.198002842055256423e-01 2.853317921212523700e-01 -3.564643159640237258e-01
-5.015363452928518484e-01 -2.033295817016256279e-02 -3.745949153334056092e-01
-1.386663198466900226e+00 4.381616624902173740e-01 -4.227749394505266878e-01
-3.299035460561361432e-01 6.466447508694272983e-02 -3.700903242787596525e-01
-2.783928588505979462e-02 -4.687146601703657822e-01 -3.258769178330140903e-01
3.380971227946112379e-01 4.328817804040019368e-01 -2.427480925826177582e-01
-1.713716116074923690e-01 -1.049732891617169983e-01 -1.262822461624910630e-01
2.157834749196272384e-01 4.410327370140656456e-01 -2.954663633279785984e-01
2.854861828705779203e-01 2.483491455845383555e-01 -4.789803717934120186e-01
-1.689004767216184533e-01 2.453184559871077752e-01 -4.186325195484545958e-01
2.082754949821286061e-01 -1.920292552008939779e-01 -9.895150656840812076e-02
1.683229883160697327e-01 -1.148342267509994130e-01 -2.500638416227118910e-02
3.164574854756629918e-01 3.068992890652157968e-01 -2.787508607270314798e-01
-5.672828883598768357e-03 -3.327076822793255673e-01 -1.639472500494285612e-01
4.580179938547024321e-01 1.528953800686405629e-01 -5.439207493063413779e-02
4.648795761345860811e-01 -1.976455865434907366e-01 -4.237069887921514066e-01
-1.941701664898234370e-01 -2.523895686139976391e-02 -1.813496043119986467e-01
3.931305783192575731e-01 4.518681871696825780e-01 -3.285188037551272089e-01
-4.243264960851726997e-01 3.261546781637640890e-01 -2.296068413900815841e-01
-1.857182317869083832e-01 -4.924943323194721501e-01 -1.072212768278806294e-01
1.244116128910555119e-02 8.940390105324791392e-02 -4.519795422855494849e-01
3.816719834751491902e-02 -3.877148442729678735e-01 -3.904846898491900475e-01
-6.587375330710365517e-02 -1.681141489377546705e-01 -9.401195391659200595e-02
3.885518162955312604e-01 -2.128474786190297507e-01 -4.630652903372229900e-01
-4.139208025599812046e-01 -3.451555261669714270e-01 -6.330946415888405454e-02
3.676978339502268156e-01 -3.891708894146193032e-01 -1.812444990361168351e-01
1.184974187814933799e+00 -3.394318078248694803e-01 -1.993939997904465855e-01
1.150772951484366757e+00 -8.259650556776154673e-02 -3.722245528379026780e-01
6.480695787231116611e-01 1.366263300428141036e-01 -1.046649263472723135e-01
1.143087491661951560e+00 -2.518020884064142706e-01 -1.602748845550081569e-01
9.586946075750262253e-01 -4.878045816812113245e-01 -1.759511138035794175e-01
5.806874911482999835e-01 1.444041438297887225e-01 -3.664096223774144789e-01
7.203946103145320023e-01 4.307974483813747923e-01 -8.546906028611900297e-02
1.430767566630958498e+00 -4.888442913579842397e-01 -7.875769084837536127e-02
5.863367097714675680e-01 2.315712518418173715e-01 -1.526312854245048811e-02
1.350704039913317445e+00 -1.058332783526427789e-02 -3.781335517647832489e-02
7.558182264621908786e-01 -4.600136547801545461e-01 -1.385965098391412909e-01
1.379741666652575915e+00 -2.567891063334082347e-01 -2.959778769850132107e-01
8.198122168852179925e-01 2.355708017470847793e-01 -4.147016055743595331e-01
6.593804455014229404e-01 1.202156806458223315e-01 -4.278975989470730212e-01
8.361945931250893693e-01 -1.834489794287605946e-01 -1.037618099968860008e-01
7.638625736372492980e-01 -3.334340700110729472e-01 -2.497323242180442548e-01
8.683959168845074572e-01 1.482118176160751588e-01 -6.103277630241521479e-02
5.776279303524631814e-01 4.420515474588704308e-01 -4.551925192727175329e-01
8.114180223295104355e-01 -3.344905566546705344e-01 -5.940201777450404563e-02
5.994452231789146879e-01 4.302530280621352787e-01 -3.402030671277582741e-01
5.299495909003777427e-01 4.264867928880082815e-01 -3.863040849724406200e-01
1.154671994490742648e+00 6.871074944785782179e-02 -3.069784970259767931e-01
1.492361269692825232e+00 1.022175240182727762e-01 -3.474175672816102178e-01
2.032591938541893128e+00 4.912126185721454874e-02 -2.012568155481808674e-01
1.676757313916663605e+00 -7.659366481435725404e-02 -2.990058636034511608e-01
2.045371503276392389e+00 -4.572398446698722196e-01 -2.908180984339008290e-01
2.111868011673523782e+00 -2.546648441465402257e-01 -6.700285854587839651e-02
2.006369477117948108e+00 9.396715394665466903e-02 -2.989569978929615957e-01
2.482109075935282405e+00 1.258009271161064646e-01 -4.353524425546719812e-01
1.855453131546180856e+00 -3.512014067191451261e-01 -2.861206946035572685e-01
1.915906408194731014e+00 -4.471448515346878594e-01 -2.070521810172252231e-01
1.556006713006773623e+00 -4.031820482476433654e-01 -4.549303206802832733e-01
2.381665328648786328e+00 4.414137971814326988e-01 -6.229973393050514119e-02
1.970624218005957218e+00 3.522398939155779729e-01 -2.604242648692185469e-01
2.330422625328182562e+00 2.042812308879682348e-01 -4.363028895149962949e-01
2.216241810658408085e+00 -2.395927322086928157e-01 -2.380990673272123104e-01
2.376295847969359443e+00 3.262422340622865846e-01 -3.391863943766022516e-01
2.452087215788612440e+00 -3.611735186693714184e-01 -8.314110564120547053e-02
1.720037326694038526e+00 -3.163932112117535667e-01 -1.815144584531651617e-01
1.980936520158776304e+00 -3.498162403568088052e-01 -2.490071800979585248e-01
2.466014502557204224e+00 -1.586661952776502460e-02 -8.299528046903148493e-02
2.199720629019001450e+00 6.090471425671584171e-02 -9.447311904043864672e-02
2.001450170031327858e+00 -1.790550201108525030e-01 -2.909849557742401061e-01
1.696078412327507223e+00 4.169051139325983257e-01 -4.288483208783979705e-01
1.607272605741965066e+00 -2.894367417696219746e-02 -1.192984400670855649e-01
3.425922229981365419e+00 3.158104108490746853e-01 -4.277151321045771226e-01
3.037344111866989493e+00 1.802426987795326951e-01 -1.164552604346962283e-01
3.490575119512556057e+00 -1.737024733918692831e-01 -7.790811901067051792e-02
3.191689897345758808e+00 -3.985942008698675210e-01 -2.537757604787618249e-01
3.055687786029256614e+00 -1.628519157939276596e-01 -1.681625793836403204e-01
3.220600310122890164e+00 -3.616455840229386709e-01 -4.917793784820787550e-01
3.452833337185861495e+00 1.359917838236599508e-01 -3.377093194009805899e-01
2.941164614722257653e+00 6.359963109742761134e-02 -4.211832890761666448e-01
2.891435283044964777e+00 -3.675322385971071526e-01 -4.824422430318922039e-01
2.651369305640354668e+00 -2.537798357252363246e-02 -4.843808844143371317e-01
2.590622144496773416e+00 4.817444679608469116e-01 -2.619976771182983555e-01
2.525359027043032611e+00 3.778241904323049738e-01 -2.075781881858187461e-01
2.694363478722312522e+00 3.054067813393892550e-01 -3.557322276949896889e-01
2.995385830186650722e+00 -1.253032852848825485e-01 -1.036335564508181761e-01
3.024162851264730278e+00 3.154776627871225259e-02 -6.579741363755609029e-02
4.273552694282773956e+00 -4.370807132918335114e-01 -4.298537428883051348e-01
4.474871708405899540e+00 -3.313550096974253734e-01 -2.957918627350544227e-01
4.019641060316693881e+00 1.100803178263074500e-01 -3.293829985511287362e-02
3.898963076602122158e+00 4.770619658077821512e-01 -4.369860767763000808e-02
3.575895137423719561e+00 3.475192982647214990e-01 -1.436031509732771383e-02
4.481566489525523167e+00 1.235561184630080689e-01 -1.251366815911580943e-02
4.254751700845552875e+00 -1.549039196511792227e-02 -1.460530085894262697e-02
4.444446387596126868e+00 -4.503128298311400712e-01 -1.613634402825194769e-01
4.181412228862951608e+00 7.681459648710564636e-02 -2.377806957175003788e-01
3.969944844077293311e+00 3.719863290428984115e-01 -3.928596388036798004e-01
4.397933381465094271e+00 4.552052622161184559e-02 -4.296583417646253622e-01
3.987392967565174473e+00 3.259675449095134070e-02 -5.391058327084685686e-02
4.220216303653266721e+00 4.411173722602743652e-01 -3.043051918932988542e-01
3.915427841701371037e+00 4.665124840789331984e-01 -3.620727231793381407e-01
3.730609792864111540e+00 -4.272069421651814025e-03 -2.978306089620907926e-01
3.854337927969311295e+00 3.004162306683708650e-01 -2.443673449122965025e-01
3.881111128582972469e+00 -2.304302858160722778e-01 -3.113771256871284976e-01
4.371675365862982332e+00 -4.484538506866746488e-01 -1.734139699285801584e-01
4.254085045871807580e+00 -1.923782703978673680e-01 -2.105432683814161265e-01
4.385811192831233996e+00 4.396159567977537819e-01 -1.678301104413826295e-01
3.521077000420067549e+00 4.981417934003067316e-01 -2.431343335917937054e-01
3.959547198699937098e+00 4.625664888714249301e-01 -4.452339181618043540e-01
4.558554975495022532e+00 2.154629128290448392e-01 -4.905775182114311406e-01
4.845585207487125956e+00 -3.572595647558323151e-01 -1.146366131004796785e-01
5.460091118010627298e+00 -4.871587739661649152e-01 -1.372857451757401037e-01
5.272813636098872436e+00 -2.337044318625727257e-01 -1.271791070192627160e-01
5.324911097451689557e+00 -3.457868774505961085e-01 -4.050078628272455461e-01
4.637556353042523227e+00 2.237275188577125817e-02 -2.570058707990661162e-01
4.565294895524651508e+00 4.411877420993945975e-01 -1.121512024173600963e-01
5.108900061435532436e+00 -3.851231884263244254e-01 -3.286872017127961954e-03
4.860119271829036691e+00 2.182244571879543571e-01 -4.677866677657078753e-01
4.989405222127199835e+00 -4.345410086938414906e-01 -3.195274788294231172e-01
5.134415264795389788e+00 2.739768255074563896e-01 -1.657375885323553177e-02
5.373257226684717835e+00 -1.635296501405516523e-01 -1.830771195684270936e-01
5.299286206406918609e+00 4.643024142181912950e-01 -4.427928104518379371e-01
5.252864296280026934e+00 -6.115006069697059843e-02 -3.760666135982404512e-02
5.401346708300884814e+00 2.927246909419460863e-01 -7.809291343755297987e-02
4.628968196509683608e+00 -8.769607041608296072e-02 -2.354927797934767142e-01
4.657288689836612150e+00 -2.965586863145768248e-01 -3.259193001677012091e-01
5.414778970108130807e+00 -2.540996025860300378e-01 -1.652950051012691546e-01
5.796641471655721745e+00 -4.331059571701798561e-01 -2.076370510591551977e-02
5.681931264108868618e+00 -1.409101002829515892e-01 -1.279762070448029476e-01
5.743802908255901229e+00 2.776291702909059467e-01 -3.347356652233202112e-01
5.561788378208776251e+00 1.924475553244722192e-01 -2.427326283778921123e-01
6.323494586087033298e+00 -3.383151417466816469e-01 -3.050270194640347654e-01
6.059027046104985104e+00 -7.737054762147277387e-02 -4.411364522924348108e-01
6.204142952821893431e+00 2.280806271634405746e-01 -1.216303940156659991e-01
6.323738349989827867e+00 -6.998405697402443337e-02 -2.368628239079644260e-01
6.480089232502464824e+00 -6.704406332536727575e-02 -2.927024310248143024e-01
6.253556335870595007e+00 -3.670059070349394048e-01 -6.869171090279380110e-02
6.211331204300499564e+00 2.216317547214767814e-01 -2.707454314426627207e-01
6.497993631565643469e+00 6.968273649405087866e-02 -4.063492693104961972e-01
6.458404775577212931e+00 -2.044215506737590005e-01 -2.961658073419748405e-01
6.401241586680333384e+00 -2.930093225467009788e-01 -2.766393917856291296e-02
5.685667521509810030e+00 -3.587102274503655153e-01 -1.293920117148630311e-01
6.443268651774282318e+00 4.682196523168666857e-01 -4.868052402960127978e-01
5.857161278148609540e+00 -2.422023992642383661e-01 -1.575717770136861873e-01
5.934276269428362838e+00 3.931056726225126141e-01 -2.498211153830212083e-01
5.695631667187235792e+00 -3.571039310794912325e-01 -3.774872583272781412e-01
5.872901476927388842e+00 1.361219272001870095e-01 -4.394236162529683298e-01
5.973904670661323024e+00 -2.272040122095457804e-01 -1.695240419106269769e-01
6.382527278450643493e+00 -4.675984601390963391e-01 -9.943008142522913317e-02
7.436793674225498307e+00 -7.378461194801921863e-02 -2.595935576937993261e-01
6.663120601498848217e+00 6.646619359027283735e-02 -4.799749685093956941e-02
6.840887845114410837e+00 -2.656805007509390748e-01 -7.745520075741474386e-02
7.228988964661418493e+00 -4.287729815524041754e-01 -4.108273313508714608e-01
6.744886266391558749e+00 3.138675072328007687e-01 -2.090252259824865178e-01
7.275751546289157545e+00 4.623978107605477561e-01 -3.773382324087393158e-02
7.380033756252423416e+00 4.864583518410414698e-01 -1.837652890460308441e-01
6.605149994819008441e+00 4.734973870329177714e-01 -1.603117339304276356e-01
6.704026397419095673e+00 -2.837941308975979737e-01 -5.041777496579946671e-02
7.346492637203834164e+00 1.944431825973582662e-01 -4.865818109423276638e-01
6.927622982232575666e+00 1.616643586889825457e-01 -2.191672214904958338e-01
6.610089906962089756e+00 4.015158232542503924e-01 -2.185087825736786726e-03
6.524019074080781522e+00 -3.669087589657209492e-01 -2.323233372291504395e-01
7.439059546382960519e+00 -4.358619814231277090e-01 -3.672249442945201281e-01
7.029415591538960228e+00 4.855193725033348784e-01 -2.394021935516903454e-01
7.006453241813916932e+00 2.421498489347087002e-01 -3.843779854300422016e-01
6.725854348544830330e+00 2.457510919648111525e-01 -1.840158636655164770e-01
7.411656316381208143e+00 9.265842301126170355e-02 -1.207730937716586794e-01
6.738125069334838457e+00 -6.256587725568962810e-02 -2.741258865627322905e-01
-6.610458173079607036e+00 6.929522904562102070e-01 -1.150515815469788095e-02
-6.685503048544884308e+00 5.335041120788783786e-01 -3.555472241415067458e-01
-6.584356388914544667e+00 1.311818958122978884e+00 -4.990658236823719562e-01
-7.069287365251471833e+00 1.238441587970255497e+00 -9.156570315661660686e-02
-6.939813854317027797e+00 1.186775050199187831e+00 -2.809855549210382719e-02
-6.938214568647491198e+00 1.219113477104889043e+00 -4.661993384358620318e-01
-7.241816361801043378e+00 6.795251506548822817e-01 -2.918427021028939805e-01
-6.782311897670132872e+00 7.874033402169953177e-01 -7.363821648345592052e-03
-6.583020864898140090e+00 1.329790496325859550e+00 -3.642661713177020033e-02
-7.316754210840565875e+00 1.139858824530698200e+00 -2.389860376072139303e-01
-6.520347578749244200e+00 7.443364031812276238e-01 -1.777030856281527349e-01
-7.440635229949410956e+00 1.420667987883474481e+00 -4.679803856574178411e-01
-7.219195291833928607e+00 1.454865745327163395e+00 -1.918411460120523770e-01
-6.506879300737883121e+00 1.435415212418568842e+00 -3.063794744533634429e-01
-6.937268657523511628e+00 5.267918779952083241e-01 -2.785654810362228062e-01
-6.669081743043881794e+00 1.073731668484748880e+00 -2.745911618499849993e-01
-7.403021741959131319e+00 1.484450056136308760e+00 -4.683487006737152569e-03
-5.954619849131154830e+00 9.228557666567471784e-01 -1.759116927065811353e-01
-5.576068500246973869e+00 9.691206806546937003e-01 -1.688618609523828695e-01
-6.329077757049430097e+00 9.155223926844602289e-01 -3.902334833668454905e-01
-6.265015933896105338e+00 7.601508118760307298e-01 -2.765290414518712936e-01
-5.744655694338760554e+00 1.128310454090865278e+00 -2.365523088224499304e-01
-5.500525116039725937e+00 9.316193385859072862e-01 -2.012250652683977847e-01
-6.390602233847751279e+00 6.304851126449904086e-01 -1.154347129537232064e-01
-6.431113292279895255e+00 7.116177248036024139e-01 -5.000357314342807058e-02
-5.942580689485579271e+00 1.077818984283544168e+00 -1.452873633655293872e-02
-5.791036732967908662e+00 6.000370802931804803e-01 -2.228251815572335204e-01
-5.561046942037336294e+00 1.047780572156511880e+00 -2.831989438637982914e-02
-5.845401181500885279e+00 1.238350269123110081e+00 -2.360368321959374072e-01
-5.989631969742070794e+00 1.119814694448770354e+00 -2.536024127369209680e-01
-5.799278840855563111e+00 1.487255064849243524e+00 -3.597924600411790408e-01
-5.935189038240377357e+00 6.359975472801036034e-01 -2.882626523343443381e-01
-5.952679557874024141e+00 1.124876643029674383e+00 -4.709953184673274507e-01
-6.221992803752478096e+00 6.301323704005081794e-01 -2.732841304570232666e-01
-6.444926646624227651e+00 6.650113693378028046e-01 -1.636123275179315328e-01
-4.660264956266126468e+00 7.807045417210609628e-01 -3.578994946908906627e-01
-4.608475239336867979e+00 7.522272253270525511e-01 -6.166782721970420766e-02
-4.507406681096214562e+00 7.972366044612559932e-01 -1.280573436469243376e-01
-4.708340741729550416e+00 1.410560915387824465e+00 -3.183079981817655835e-01
-4.860043344325667647e+00 5.594254072098845398e-01 -2.251086358664142750e-01
-4.681621852634815895e+00 6.819651988739927617e-01 -6.074383188167153946e-02
-5.050611542199108683e+00 1.229533527324283781e+00 -1.286738691636202248e-03
-5.377533675370459676e+00 9.496530597769954340e-01 -4.800071526040667891e-01
-5.045555877289073621e+00 1.085834384188824941e+00 -1.858094884406700231e-01
-4.656465387889972440e+00 8.275632624374811286e-01 -3.553345644710415030e-01
-4.552534464084113885e+00 5.221322582524177136e-01 -3.197964851432502087e-01
-4.754998222394536178e+00 1.009094838802633731e+00 -1.963577373766387524e-01
-4.962262820996675927e+00 1.263349743320024032e+00 -1.904257008772489712e-01
-4.908363638177510424e+00 5.456528118585293186e-01 -4.269310303363997861e-01
-5.456033847280186144e+00 9.972641236840562584e-01 -2.668984036224912870e-01
-5.229544429846993303e+00 1.496248318408952116e+00 -1.502117988806848103e-01
-5.040277868876349210e+00 1.063884255905202636e+00 -2.616681654739938523e-01
-4.530862136451296429e+00 8.506276919952160398e-01 -2.756987830244721494e-01
-5.461923243883352264e+00 1.207203758587041875e+00 -3.046474628801938422e-01
-5.434459086478701906e+00 9.713196838651914078e-01 -3.103084623199592329e-02
-4.911196881877848419e+00 1.109876610482594117e+00 -3.701719079283876113e-01
-4.674713863685589388e+00 1.065735812885264977e+00 -3.979548444776916938e-01
-4.491243683665214093e+00 9.696600725687201106e-01 -1.814246740678537861e-01
-3.701086420119533926e+00 1.141630744793150853e+00 -1.897344356413608324e-01
-3.539651803919526607e+00 1.089833163699950092e+00 -1.371835830889729380e-01
-4.083425436454581892e+00 8.257282755715174005e-01 -1.795690884339880000e-01
-4.365470290678787002e+00 1.208759928503383207e+00 -4.998696875062869083e-02
-4.108922443931178670e+00 1.268365307596960534e+00 -4.744599843305543629e-01
-3.902231700128592440e+00 8.531600404969150730e-01 -4.538482401352474938e-01
-4.057056575576651447e+00 1.422157405109622630e+00 -3.798403113958226385e-01
-3.507926472412030261e+00 1.048253933947831840e+00 -3.174811579912120152e-01
-4.006096868975886238e+00 9.829750969516091175e-01 -2.182324320833721742e-01
-3.531508995091371617e+00 1.151713836505246391e+00 -1.751930943733572832e-01
-4.143086674675459768e+00 5.113766850081500337e-01 -1.446221726560636966e-01
-4.169806971885170022e+00 8.321261067265801614e-01 -3.914658547503400143e-01
-4.011373870278506004e+00 1.473646905902899817e+00 -1.438434641055525987e-01
-3.667801227915897133e+00 7.710994516585394365e-01 -3.365913152059416547e-01
-2.588506658253515447e+00 5.615917997985100385e-01 -1.865735458565431770e-01
-2.873792040929489922e+00 1.011441124436695205e+00 -1.900769396686730062e-01
-3.265796929964399631e+00 5.744077027989629158e-01 -5.705938720142711418e-02
-2.850011702133725677e+00 7.086080904032314720e-01 -1.559408259467005564e-01
-2.713683984028191887e+00 1.455976730595656576e+00 -4.138099454806898336e-02
-2.550590488777146447e+00 7.197383523212579348e-01 -2.351463006762806174e-01
-2.889120688713559204e+00 7.928646437571789107e-01 -3.262754391232984830e-01
-2.940398143775297513e+00 5.229942563155081103e-01 -2.404959871388498982e-01
-3.212465329986989637e+00 1.026434517002140723e+00 -3.963750021252749889e-01
-2.644588058779332229e+00 9.899111503508013499e-01 -6.234526943765672513e-02
-3.403906178900028223e+00 9.256096454334290513e-01 -2.253879931656381785e-01
-2.529626929866843454e+00 1.390320253998014621e+00 -4.199204111923986460e-01
-2.896213137853901998e+00 6.422127403859061445e-01 -6.224939590387812416e-02
-3.307311004634830631e+00 6.399960160155355737e-01 -3.038112644046115918e-01
-3.245055832689981656e+00 1.489222590903017007e+00 -4.059719483712829202e-01
-2.832404213075058408e+00 1.273320834118500500e+00 -9.594319830483755140e-02
-3.239561703067133536e+00 1.214996520945422986e+00 -4.080206338805183464e-01
-3.146997044756187911e+00 9.658269808427295544e-01 -3.070325323111333660e-01
-2.635237980648875933e+00 7.191237309535818412e-01 -1.914630762817051135e-01
-2.960147684680517699e+00 1.065575667053613174e+00 -4.257548052872728306e-01
-1.639497147245144504e+00 5.405085233925941424e-01 -1.485881129706871917e-01
-1.986719320647960529e+00 7.989195351477462737e-01 -1.675162753327370524e-01
-1.976495997307406327e+00 8.237380572075281293e-01 -3.218569119374006249e-01
-1.549788768229669600e+00 1.370132331902896183e+00 -4.327772865527510504e-01
-2.352525875880743911e+00 1.243617916406190460e+00 -1.855011690267769353e-01
-2.479234745843516663e+00 7.216333809842652158e-01 -2.713924876498694516e-01
-1.506455159473532035e+00 1.103135684747122980e+00 -1.465826264075076324e-02
-1.939270895519354276e+00 1.315905762292462811e+00 -1.607843324560320752e-03
-2.171777311205622674e+00 7.370380770442643836e-01 -4.646341138368192958e-01
-2.178588222811169928e+00 8.591699384158353325e-01 -2.403191009127443323e-01
-1.761859185342159684e+00 8.674415269518842564e-01 -2.420256336755208793e-01
-1.969444340527345183e+00 1.407713902258754146e+00 -1.075007119913884424e-01
-2.206785107241687527e+00 8.986995995903441781e-01 -9.287982754814194664e-02
-2.279535404536439103e+00 1.479982154229954716e+00 -1.276906994505644377e-02
-1.838324575367793479e+00 6.080958284592679064e-01 -3.392277846370284067e-01
-2.445991459672828050e+00 1.301670237791389795e+00 -3.955202704986024997e-01
-1.977918237490087883e+00 8.271789182507767180e-01 -3.808743504754481535e-01
-2.019581170580707408e+00 7.709546160538955917e-01 -3.054411315933336368e-02
-2.061125018849118362e+00 1.324986715126142300e+00 -1.776821699723587500e-01
-1.592079553462060204e+00 1.195779825273472596e+00 -5.949310357282655559e-02
-1.670937444647460524e+00 6.588893528203634276e-01 -3.998217483593986543e-01
-1.984377379708194944e+00 1.107039421567282744e+00 -4.065820608902512845e-01
-1.144527511219281202e+00 9.060504670422684370e-01 -2.725579649703213647e-01
-1.473485919406440914e+00 9.578435979099246822e-01 -6.965333700189368926e-02
-8.907111510571796842e-01 1.386152342992275521e+00 -3.948745588595929945e-01
-9.283227660634372214e-01 1.047169426041355322e+00 -2.643816693849387889e-01
-5.538963504796567960e-01 6.536469268831783808e-01 -1.157738907457517286e-01
-1.163531104186176890e+00 9.513622853975451932e-01 -1.401774321004900514e-01
-7.609375770705533171e-01 7.603009410494436793e-01 -6.196316278813007727e-02
-1.479438291736249411e+00 9.180509821915823210e-01 -1.290577954501408442e-01
-1.483751457751837144e+00 8.883270824740687743e-01 -4.419278214476740629e-01
-6.834240396724435840e-01 1.138337463839182107e+00 -3.317063041941938906e-01
-1.351241083869072490e+00 8.758337501296544758e-01 -2.632763124039048108e-01
-1.265476762575499237e+00 6.486538545505169395e-01 -1.141984849973169958e-01
-1.011424189687928354e+00 1.472491873735798151e+00 -3.347234479111023120e-01
-1.200318558552650572e+00 1.165698628923104607e+00 -2.937590185926861608e-01
-5.466351670629467918e-01 6.768126400720131386e-01 -2.028729354576910282e-01
-1.317267523164313836e+00 1.422538773156384551e+00 -2.817879803024752050e-01
-8.337493902008930036e-01 5.527390728359993233e-01 -1.186604262575006175e-01
-9.370502117995611613e-01 1.229033419801163873e+00 -9.764400328366029669e-02
5.625693403148446237e-02 1.356535564471942124e+00 -2.854345943534966068e-01
1.211517733655886886e-01 1.165104045380623177e+00 -2.638293070135553364e-01
-3.179162980392602478e-01 5.776074318722344003e-01 -1.408460656712087200e-01
7.741185896526836530e-02 6.209546118624515998e-01 -2.323075992121061972e-01
-1.908956863519772895e-01 1.130014146381050466e+00 -2.253646078070108416e-01
-4.604854777902467333e-01 1.172662208239064086e+00 -1.179485992904893976e-02
-4.326277858033797941e-01 1.208377554645926111e+00 -4.526500234892960606e-01
-3.525286683228898710e-01 1.429217665202957122e+00 -5.479842870041018443e-02
-3.405706740211282835e-01 7.323154003250333943e-01 -4.996551625787208906e-01
2.904668658187592456e-01 8.724880514554129718e-01 -1.824080963966778768e-02
9.399203081533080706e-03 8.703215095163034931e-01 -3.466622859368548859e-01
-9.315305576354404593e-03 1.235120173410596323e+00 -3.584254006252081126e-01
4.161343297339401559e-01 5.966079260594145950e-01 -2.498077068508184340e-01
-1.361030866208858825e-01 9.745563399750576394e-01 -2.898825931089508146e-01
-2.368646073146818409e-01 8.692821984241234645e-01 -1.729327025003986051e-01
-1.859008946447584520e-01 1.285581193705047198e+00 -1.899197441132578490e-01
1.324844734919423672e-01 1.360038545561099710e+00 -3.726577284293473014e-01
-2.405311245299674994e-01 1.109952823192834614e+00 -2.660440992281252193e-01
1.180545362437563028e+00 1.099770127855402180e+00 -4.567305018719380882e-02
6.496868299748239650e-01 5.774166665032307577e-01 -1.682201097540758639e-01
8.047050603143102165e-01 5.729065502797805465e-01 -1.433848263414319035e-01
7.960617731817016818e-01 1.352764314948641911e+00 -2.668754209180068671e-01
1.363788723895353883e+00 1.282540511449269616e+00 -1.796799478670987327e-01
5.286668974040988900e-01 1.028368644079279193e+00 -6.142515416248706117e-02
6.849002496608029844e-01 1.298102595332764508e+00 -4.293758952487323199e-01
5.539959524897568599e-01 5.120020647618428455e-01 -6.434675951943980010e-02
1.014492435113661273e+00 1.212480480034708208e+00 -8.657204552400976638e-02
7.710809657055932576e-01 8.086725529011555835e-01 -5.266945245671550424e-02
9.415382954009707817e-01 9.392099912729126032e-01 -4.421779924994897470e-01
7.534201915554668005e-01 1.286153887149767527e+00 -1.134444723772194408e-01
1.051879539622476045e+00 1.332416275129416405e+00 -3.632228150621958918e-01
1.197043015469867910e+00 1.439404749744438661e+00 -2.513178194350302874e-01
7.277612569827187627e-01 1.262748535620792367e+00 -4.790644381969038079e-01
1.062793375724764289e+00 7.044434580658212042e-01 -2.774818982804383438e-02
1.248303094692383652e+00 1.117603108804269496e+00 -4.974731729129686641e-01
1.283230825628891125e+00 6.202257055178979073e-01 -4.621066854455797568e-01
8.467499867764729515e-01 6.604779202856310150e-01 -4.990053036063191172e-01
1.070793144679747400e+00 7.024798086794739049e-01 -4.402785115506198110e-01
9.175647800699824330e-01 6.803780544753674775e-01 -3.453666434482460801e-01
1.313563535406490956e+00 9.893494969452252263e-01 -6.177212171933454954e-02
1.326772843768321053e+00 9.053591442857236160e-01 -1.775608083490549660e-01
8.172866571122217039e-01 8.390325353831560307e-01 -3.703670923868482845e-01
1.699888808840549714e+00 1.164785453560234885e+00 -3.169017204857809134e-01
2.410458982109798143e+00 6.876471318455266157e-01 -4.624264151489647645e-01
1.888556279815425398e+00 1.089936887916783448e+00 -4.292289914412492635e-01
1.885928260899985887e+00 9.263316966390551244e-01 -1.292171771284085224e-01
2.264343270752526394e+00 1.135195215704388971e+00 -8.396493853993547418e-02
2.308044228712562429e+00 5.871068774916530231e-01 -3.402781787695019489e-02
2.444907498409261137e+00 1.350326062764130697e+00 -3.890710224086255664e-01
1.604402048227745681e+00 7.271001657401239271e-01 -4.235065619356710442e-01
2.132079024695540781e+00 8.598100052640411661e-01 -4.048990840303119398e-01
1.820558564543221181e+00 1.077071960862060251e+00 -5.604902816616430528e-02
1.760397212456821237e+00 7.622429611730101584e-01 -4.060510822718406132e-01
1.552683231656949658e+00 5.814964448778816575e-01 -4.824811470274426028e-01
1.613407322358330731e+00 1.002578970066286601e+00 -4.005794352716591789e-01
2.366322766612565687e+00 7.034812180322589370e-01 -3.171349760087895930e-01
1.926201775691627205e+00 1.454038591620765430e+00 -4.696847585473591380e-01
1.677586891244136069e+00 1.139315295990934729e+00 -1.404872348529000448e-01
1.859821731786832189e+00 9.968402180277831093e-01 -4.325669838539933920e-01
2.453568122245444627e+00 1.035032601216469672e+00 -2.194953730306945516e-01
1.693670749421213984e+00 9.833755816943288153e-01 -1.886169405398039345e-01
3.018137213076407477e+00 1.492304883925214654e+00 -2.882370638299516230e-01
2.862743441090545460e+00 1.343603539321760465e+00 -4.855207767976459365e-01
3.007779179049894225e+00 6.252305967048474855e-01 -2.493427109176575840e-01
3.223507460335159891e+00 1.177755916329688901e+00 -4.917107733817207560e-01
2.656574520982401211e+00 7.571660661606571807e-01 -1.555880457086917801e-01
3.176210973376834446e+00 1.212576514552706541e+00 -2.522003272913106997e-01
3.177618176986761966e+00 8.274243848919340394e-01 -4.038267280986609364e-01
2.874268137868794426e+00 8.078861296652259938e-01 -4.560131333845802715e-01
3.173742591317093797e+00 1.458871062797276963e+00 -1.874429581963585889e-01
2.965253648315755441e+00 5.638838803111489995e-01 -3.368925963127900047e-01
3.161492393967899162e+00 1.105216423208325693e+00 -3.188352829508325215e-01
2.780690139735568778e+00 5.182613906147341964e-01 -1.559107440705425063e-01
3.332029440391034214e+00 7.311008954433280138e-01 -2.381754122355452807e-01
3.021157537773126123e+00 1.402273454811473030e+00 -1.214247406570851950e-01
2.732952678580950590e+00 1.047835732197160752e+00 -4.054153435964718000e-01
2.747607348942903371e+00 1.216235155261113476e+00 -1.126608954672327911e-01
3.271564081062157570e+00 5.450130454037758199e-01 -2.797198478610898320e-01
2.816801834841854202e+00 7.878306704226591961e-01 -1.256744879139883864e-01
2.631601482464800412e+00 6.168024574910262459e-01 -1.638933798633956940e-02
2.788940832899188038e+00 1.350201886416435570e+00 -4.134672788083904038e-02
2.688048774658103213e+00 7.937003453852344848e-01 -4.171006801870333902e-01
3.219504591077431144e+00 8.154230664184183297e-01 -2.257505772294283730e-01
4.328810530569960235e+00 9.513944793392727917e-01 -3.445538550401945344e-01
3.642527059357393071e+00 7.283937366578907557e-01 -1.081233166944510771e-01
4.471203616270058134e+00 7.027425062565413327e-01 -1.322253571752991519e-01
4.356196535542370185e+00 9.063261445224579660e-01 -3.890122591463640589e-01
3.636630318640554194e+00 1.343870540582097206e+00 -2.350258005086480750e-02
4.464387374399297670e+00 9.494210162833240929e-01 -4.015180173048289447e-01
4.162871698367178297e+00 5.972095037460896094e-01 -4.936731956176192426e-01
4.045770116921840298e+00 1.141656461848045367e+00 -4.796604366089578519e-01
4.242280886280468621e+00 8.759861346956618888e-01 -3.615567848733647338e-01
4.420763077303963229e+00 5.950671686984314590e-01 -1.633158652962585222e-01
3.670440992182081530e+00 5.158971473205706815e-01 -3.844011394316293462e-01
4.076011091912725703e+00 1.296681835431710894e+00 -4.498430627326435172e-01
4.058175876664826376e+00 6.030311095605025429e-01 -2.268866010076209250e-02
4.401126333014495629e+00 1.441291562506766155e+00 -4.432032371694258899e-01
4.310317039739535616e+00 1.275771342760592120e+00 -2.375091506120963203e-01
4.067280028068978481e+00 1.370978552836362496e+00 -1.054296870141193665e-01
3.884072875173554706e+00 1.443015619446196496e+00 -3.195554399219258102e-01
4.078333500557288716e+00 7.445507400239250728e-01 -7.354789911414805204e-02
4.093941447892174068e+00 1.379837516971525346e+00 -2.318100606156079380e-01
4.920219459939994877e+00 1.183132928966427855e+00 -1.352183579550079173e-01
5.003518192168410650e+00 6.422390461237483805e-01 -1.218959984705918487e-01
4.521097918969303464e+00 7.352746039056015093e-01 -3.908955463506043060e-01
5.130750254231557506e+00 7.588364678101005012e-01 -2.880218910988929792e-02
5.285577204999572842e+00 1.285176595333489047e+00 -4.043349215588953882e-01
5.313166702201145952e+00 8.356145961234364705e-01 -1.117964141308931403e-01
4.617442863714966705e+00 9.945338414999671528e-01 -3.977345070519131554e-01
5.248148831901374933e+00 1.382122120293736600e+00 -3.772522745343120931e-01
4.690142763506120360e+00 1.246243291602231906e+00 -1.365185482291924046e-01
4.672886941632409474e+00 7.735016839102630826e-01 -3.635989827349845882e-01
5.164348399618711838e+00 1.272910847201531581e+00 -2.002349113739914088e-01
5.190430996032482369e+00 1.357681963942956926e+00 -2.577822250607297860e-01
5.204815465458414891e+00 1.492409694461418468e+00 -4.002553578000931367e-01
4.672489551396381557e+00 8.886768950256875854e-01 -3.078724923878368713e-01
5.257195599446543355e+00 5.104886679795370696e-01 -1.708459972257792003e-02
5.280568606101624596e+00 1.017076643712014672e+00 -2.568923664153643927e-02
5.002045249628285006e+00 1.263057890784851978e+00 -1.833912355104025949e-01
4.749450419628971076e+00 1.314809776363661697e+00 -4.876649424806327460e-01
6.358862720633531751e+00 8.066237236692028745e-01 -4.311769269084617662e-01
6.249185635140690920e+00 8.172284985541349300e-01 -4.084652397055617001e-01
5.621313133965010422e+00 9.313644242559391273e-01 -2.876298213210120025e-01
6.293085135040415778e+00 5.307810055849877529e-01 -4.747320094597284879e-02
6.182673219481397808e+00 1.176939356479936194e+00 -1.716375000400311990e-01
5.577180971694756906e+00 7.676954054621951684e-01 -3.117656766504772747e-01
5.522192663950377778e+00 1.261589784967611649e+00 -2.804418278328011382e-01
5.585859334138058685e+00 1.131213490335424510e+00 -4.884224061605344502e-01
5.799140598188747830e+00 5.554908939713705252e-01 -2.470268287956862707e-01
5.786540656201387023e+00 1.062093375585973831e+00 -1.059893092472634635e-01
5.512025307495825643e+00 6.925413840506529084e-01 -1.445877593463045230e-01
6.280982454617756616e+00 1.445140441023450961e+00 -2.095219275738617881e-01
5.840282554065163723e+00 6.898866704568717978e-01 -9.881713979553552463e-02
5.719363247552594842e+00 1.435532142862768978e+00 -6.841199620229510003e-02
6.111474929712644055e+00 1.446329405012338754e+00 -4.830695473325175016e-01
5.505872875622767282e+00 6.078296038400203827e-01 -2.668209299662755996e-01
5.845573891635552854e+00 1.287530915486405192e+00 -6.765222521312352910e-02
5.778162454263368275e+00 6.489280724137387324e-01 -2.566601105949217754e-02
6.070744431250863826e+00 1.149921547274930234e+00 -2.717265792952261449e-02
6.100865628438100430e+00 5.623973807396076552e-01 -2.574150105592440951e-01
6.138792066410587722e+00 9.505103125395457653e-01 -1.802847081105323213e-01
7.478315305714428263e+00 1.006867618519184049e+00 -4.196128826945599855e-01
6.980850335539344087e+00 1.006490386100697521e+00 -4.762484498838688296e-01
7.055677382787926888e+00 7.879806285130701582e-01 -3.938396057380995074e-01
6.666937615012894724e+00 6.840968974973300476e-01 -3.354380459788153246e-02
7.167928291105145178e+00 5.792904404885206304e-01 -2.089233244783823551e-01
6.604325297719324084e+00 1.067359789805156112e+00 -2.589927685077331176e-01
7.335586884369305949e+00 6.238211007833527333e-01 -1.325249543737676561e-01
6.805170680828826590e+00 1.283495839501261671e+00 -7.689613746801882144e-02
6.895236869767954246e+00 7.056402495813394182e-01 -2.212624057836105607e-01
6.874074768389274226e+00 1.158322796205016658e+00 -1.114078301978995711e-01
6.847967682649674259e+00 8.425327550322148085e-01 -2.337474765197331550e-01
7.375114454331395564e+00 6.280823460902862365e-01 -4.250684395253525594e-01
7.406676696385696701e+00 1.362144168856996629e+00 -8.471782070060385195e-02
7.384630359863159299e+00 8.675846708248950989e-01 -3.653939722209997853e-02
6.758056919264737061e+00 1.015951018518681082e+00 -1.489461996917214037e-01
6.607543800477110096e+00 5.707239746395647018e-01 -3.151483756572925898e-01
6.806067815226331419e+00 6.824377328319641833e-01 -4.068946745626629280e-01
7.138328956598563479e+00 8.893909246946964942e-01 -2.292293865243006934e-01
7.054409239131640419e+00 1.293463687839764731e+00 -2.423940426803330439e-01
6.647416886592635521e+00 1.291533796300239345e+00 -1.418877770409547878e-01
7.116997396004130394e+00 1.314216738333691126e+00 -4.078848927369804755e-02
-6.857022623849400311e+00 1.735249916799336489e+00 -3.086623723126180607e-02
-6.819278144108318784e+00 1.801016850898879085e+00 -2.162489101980202832e-01
-6.872661631251017589e+00 2.407533663078618602e+00 -4.845737390074909001e-01
-7.026698474169929653e+00 2.026057471335855453e+00 -9.146822585309344333e-02
-7.388472056002093780e+00 1.759986560004728418e+00 -3.386130493481687154e-01
-7.153784571638152734e+00 1.924830171540948598e+00 -3.865662122729869310e-01
-7.257298797444387439e+00 2.218278984830082123e+00 -3.807370425842684369e-01
-7.151083790760191405e+00 2.322096978973943848e+00 -1.198530216226334488e-01
-7.157429045226244568e+00 2.213427384933154940e+00 -4.857994784488344209e-01
-6.640877639903113305e+00 1.728562798164855252e+00 -2.446767788612795869e-01
-7.120046325164535617e+00 2.025635491368747765e+00 -5.979619571976435566e-02
-6.736832333934138717e+00 2.487991702565411245e+00 -1.429502786746787990e-01
-6.541170635882206597e+00 2.226059519897185979e+00 -1.698346749561263636e-01
-7.015891698693057066e+00 1.570018528463920759e+00 -1.570072696661082290e-01
-6.808781739158811241e+00 2.427053572745066390e+00 -1.575186181383756434e-01
-6.950704308359181738e+00 1.603640041385908432e+00 -3.092486393679561019e-01
-7.428424870193863327e+00 2.107699110476886517e+00 -4.338178749998906625e-01
-6.298246453610160778e+00 2.255762046090001860e+00 -4.353561910289318604e-01
-6.044625216780421972e+00 1.818653302141752803e+00 -2.523702550527922028e-01
-5.743825901745072571e+00 1.929021616878802803e+00 -5.374228128258806692e-02
-5.884775754846425677e+00 2.368450378768093501e+00 -2.587402634002948787e-01
-6.354217809175753295e+00 1.883724943470845403e+00 -2.267268923110776768e-01
-5.575692780336114041e+00 1.867233643067496729e+00 -3.818498246720043454e-01
-6.250159552804671392e+00 1.504157105874842415e+00 -2.035968119001836385e-01
-5.895245929146416763e+00 2.386277771289305960e+00 -4.209966879786417593e-01
-5.834217679166010306e+00 1.655344143921364974e+00 -3.523743822917815294e-01
-5.980601012436606467e+00 1.818544229370473886e+00 -1.817489933761979870e-01
-6.158804702904937756e+00 1.775662247790938508e+00 -4.212181361657538758e-01
-6.348329878043249330e+00 2.371255511213181677e+00 -3.615549823114818651e-01
-6.052431181619304823e+00 2.179748722874869316e+00 -3.964831180754480044e-02
-5.636091182495539975e+00 2.391071978463266134e+00 -2.368348197151473045e-01
-5.599677064534959392e+00 2.493618631263418095e+00 -6.736090465144961570e-02
-6.036457449650534102e+00 1.889494126353042702e+00 -6.413536006403575129e-02
-6.471185976990022404e+00 1.984567415436524485e+00 -1.751419167956740353e-01
-4.936394156777641484e+00 2.288972338668923356e+00 -2.962845671657170499e-01
-4.977085394261891338e+00 2.449637001092934696e+00 -1.738184964370486085e-01
-4.992246366782836731e+00 2.320719852994871601e+00 -4.357507017093631418e-01
-4.898973445239301228e+00 1.910153825168171338e+00 -4.698946503369896277e-01
-5.256343325684946777e+00 2.194716915108802624e+00 -4.738695465604791934e-04
-5.292304036434357428e+00 2.034707207364915504e+00 -4.531811597374559852e-01
-5.286857792934115174e+00 1.920420887387448872e+00 -1.320879876391956032e-03
-5.176978118293529718e+00 2.266532282953770405e+00 -7.346595718192894253e-02
-4.846218265181894580e+00 1.884051865563371564e+00 -2.941247886686255697e-01
-5.011377533791464778e+00 1.852236033458911635e+00 -2.267420354496927359e-01
-5.043740839549418986e+00 2.125373628176443930e+00 -3.293598249214113594e-01
-4.869718227722185766e+00 2.117458632269926255e+00 -2.079504473737614489e-01
-4.654274518841107877e+00 1.895392135632352648e+00 -1.616978348891056072e-01
-5.289619528413464167e+00 2.219810291574384919e+00 -2.576865168003283912e-01
-5.002150082179604773e+00 2.162466062586167581e+00 -4.705409584267297163e-01
-5.428748651238895384e+00 1.638264177702241753e+00 -3.697221242171195854e-01
-4.921808826278945226e+00 2.396925334379709227e+00 -4.529311904186936744e-01
-5.441577067716068861e+00 2.397572803502194816e+00 -2.516141137776450876e-01
-5.370664091166453602e+00 1.712361085976755959e+00 -4.752315738846721871e-01
-4.554126599571862499e+00 2.255441310535651667e+00 -1.309637949942210611e-01
-3.677501976592094213e+00 2.166842919501025477e+00 -2.190771978014804944e-01
-3.597974869420979438e+00 2.006882778150570701e+00 -4.521855225874560347e-01
-4.231978363332464355e+00 2.402186067645212475e+00 -5.823003514151636750e-02
-4.378228214496206583e+00 2.226257686228965582e+00 -1.853853604223942853e-02
-4.193307341909640051e+00 1.630422384940546365e+00 -4.596833455221673859e-01
-3.689123548495273130e+00 2.370422214919454262e+00 -3.309664738644695348e-01
-3.536746376104090039e+00 2.357292737422024942e+00 -4.212828126965462161e-02
-3.793713269973122415e+00 1.824120826560950093e+00 -1.930723093499189247e-01
-3.788260497784739389e+00 1.608268815555407016e+00 -5.579614987430936424e-02
-3.798278955565787651e+00 2.433787194096396433e+00 -4.042099928147955268e-01
-4.405269586460349274e+00 2.132859970363128355e+00 -4.466579746882732849e-01
-3.848223009986705190e+00 2.437892218956308810e+00 -3.433849001031639148e-01
-3.652736908327635312e+00 1.995836187784252758e+00 -3.990806233176282802e-01
-3.822976949083164655e+00 2.116771978511057029e+00 -4.860907685333337724e-02
-4.253908465790365412e+00 2.379161590751156297e+00 -2.073977543325078443e-02
-4.262195878244086522e+00 1.570278577023708877e+00 -5.675639013337452354e-02
-4.433391311701728732e+00 1.804475100465378290e+00 -3.052911584182051996e-01
-3.806861897712373821e+00 2.273899938763822348e+00 -3.564021581778931136e-01
-4.262564072585233177e+00 2.303319587507020927e+00 -1.795001467651502480e-01
-4.406129787839780043e+00 2.453170425811283195e+00 -3.185677627809546664e-01
-4.234222369633766192e+00 1.812403110223240077e+00 -1.245595333339739597e-01
-4.178379573255062596e+00 1.747126381927197158e+00 -3.186276194161674624e-01
-3.829630742712055724e+00 1.527321929367275288e+00 -3.525441978139287613e-01
-3.553527678224144726e+00 2.165736221291481911e+00 -3.102675606298692657e-01
-3.915177111127464471e+00 1.933543573367233037e+00 -2.285729232053768101e-01
-3.240174539167819390e+00 2.211660373295675441e+00 -4.963884484726985846e-01
-3.217034709932476311e+00 1.629777978616074208e+00 -2.103199809456572922e-01
-2.702375697232618279e+00 2.293261294490040569e+00 -3.523739773167804401e-01
-2.974298703386103249e+00 1.874518916997585549e+00 -4.001550062355256898e-01
-3.393828915989740125e+00 2.162807214894698404e+00 -1.251053881882207008e-01
-2.878102630035515475e+00 1.944259368005205602e+00 -2.837395838161445027e-01
-3.252469242031715169e+00 2.490911251415569794e+00 -4.668799486562136281e-01
-3.284262743000235574e+00 1.727581023897599266e+00 -4.365312943747490237e-02
-2.670553873169936310e+00 2.214041749989798191e+00 -2.038747481456475441e-01
-2.676557083044325935e+00 2.150309947869089910e+00 -7.675676506192452564e-02
-2.609491733842812522e+00 1.533435100856458178e+00 -7.697012048911666682e-02
-2.994226285525221520e+00 2.071876572270786809e+00 -1.578244309580263405e-01
-3.336864132624723034e+00 1.745198768946602641e+00 -2.164505785002592830e-01
-3.109880014498795475e+00 1.700885110197909000e+00 -4.269710041689673830e-01
-2.628294444345048220e+00 2.235796054856423964e+00 -4.926652035073502134e-01
-2.540245175479929785e+00 1.978552461717885791e+00 -2.437873518745981016e-02
-3.009146067729352225e+00 1.676260882020645937e+00 -3.668270965847852949e-02
-3.240734756521880477e+00 1.637496483543364079e+00 -3.384535574247191647e-01
-2.500883457003356014e+00 2.212624866680485525e+00 -2.914764640651803518e-01
-3.365700631569656487e+00 1.928524077381307933e+00 -2.102895361963366128e-01
-2.879381403639082571e+00 2.226864986056401818e+00 -3.006632616783413425e-01
-2.524868401077556612e+00 2.343275760562955057e+00 -4.784813832877894413e-01
-2.968681498578176203e+00 1.660937163461804644e+00 -3.870067838811568350e-01
-3.097756933320601647e+00 2.378813436902941447e+00 -3.780406700576435242e-01
-1.785653408818836496e+00 2.440032161555487633e+00 -4.032347351457055140e-02
-2.273707090223799021e+00 2.087367385441037726e+00 -4.913690203604446083e-01
-2.014444517111835253e+00 1.845391591357092409e+00 -1.652585951297069755e-02
-2.250964848774055227e+00 1.691229720377291912e+00 -1.929623144647294453e-01
-1.753726833028650844e+00 1.671688848130255423e+00 -1.633073595259535438e-01
-2.118750668899297196e+00 2.146594908234083832e+00 -3.295243120528787983e-01
-1.543426524078423512e+00 2.277044201122077283e+00 -8.910587135981273832e-02
-1.892630827999366439e+00 2.045062837992849936e+00 -2.521974897571315211e-01
-1.506122360245063518e+00 1.967135137870739570e+00 -2.079194183855470612e-02
-2.275412176326161884e+00 2.083373112607647570e+00 -5.114679191963844573e-03
-2.397177024454140160e+00 2.243587800538943355e+00 -1.130107796522352714e-01
-1.930592854545168713e+00 1.505704168960800615e+00 -1.180334627499473044e-01
-2.498194448785802990e+00 2.301870923729484986e+00 -1.368858615423445002e-01
-1.940545041767449241e+00 2.376607427624323421e+00 -1.945574757094199470e-01
-1.785772402720787966e+00 2.445556483716570639e+00 -3.174060848888018427e-01
-2.390420592895018181e+00 1.764809433029183694e+00 -2.237781177249029696e-01
-2.287930134173338459e+00 1.772456421577935259e+00 -7.180487132849933118e-02
-1.800801089501938179e+00 1.922258268681940052e+00 -9.169252553626527913e-02
-1.808312569709884521e+00 2.393358998682003858e+00 -4.822364283488216330e-01
-1.511328185819335701e+00 1.928458431797613670e+00 -3.443776459964720260e-01
-1.040653676375405290e+00 2.206909052138556149e+00 -1.209454570133630114e-01
-1.478258177190479472e+00 2.364167122233521212e+00 -9.217502719349113249e-02
-1.366805691233841102e+00 2.161168339047122799e+00 -4.188412374254166792e-01
-8.821174930006527859e-01 1.977636730095557738e+00 -7.065447254945311784e-02
-1.286750788242106758e+00 1.996330812661843979e+00 -1.287526826466063312e-01
-1.121543573512576053e+00 2.296601049442260845e+00 -1.986660078434496768e-01
-5.359134198240695923e-01 2.002313433093686257e+00 -2.424995124069440067e-02
-1.150560314258471273e+00 2.262938831218541225e+00 -3.335239134711525111e-01
-1.006751949497197707e+00 2.217047543487861816e+00 -5.697352168028402275e-02
-9.386644954580267708e-01 1.712974178804252290e+00 -4.735917437650378758e-01
-5.228504805694118573e-01 1.526637264394020477e+00 -2.229841766340037168e-01
-5.966277872450307385e-01 1.709882084869734697e+00 -3.849675851318270503e-01
-9.350368953399676997e-01 2.079362745738475127e+00 -2.938250066403274019e-01
-1.048829957817205560e+00 1.782455628432352057e+00 -2.408335726962604895e-01
-9.460982020102131074e-01 1.597124073063596938e+00 -2.264342666511627300e-01
-6.324203360079030389e-01 1.559429869776655764e+00 -2.265646840968464915e-01
-8.463757905764781597e-01 2.414105086516711296e+00 -4.106973192152771901e-01
-6.420490747851133051e-01 2.165542782834169344e+00 -4.025789652728075652e-01
-5.806281317799211195e-01 2.441658080338410031e+00 -4.862110044368215256e-01
-3.444155077328092673e-01 2.205038586855375016e+00 -2.859309155883540399e-01
1.495917143659415416e-01 1.993143832256400572e+00 -2.011859162547224855e-01
3.582339569731898266e-01 1.541531787712916213e+00 -1.081296138689236130e-01
-4.826635171351956188e-01 1.814551828024780988e+00 -3.214805672166125561e-01
2.586723312319332280e-01 2.157612174927455939e+00 -3.027263206426020758e-01
9.466373067478883740e-03 2.286938214124754509e+00 -2.464852510478703351e-01
-4.931828704798899565e-01 1.984378681375577713e+00 -1.865626441559058435e-01
1.631447401007326548e-01 2.392944601166821172e+00 -4.221656222085421462e-01
2.000530399920474878e-01 1.644707798293117307e+00 -1.027033834554735847e-01
-3.296973541213299441e-01 1.861053177119345037e+00 -3.926478619018780591e-02
4.864316064060680844e-02 2.277044368213708481e+00 -3.880796228497196410e-01
4.131862950361213649e-01 1.624665435611632347e+00 -2.515249214755144180e-02
1.798745776829244747e-01 1.844652752731043677e+00 -1.008566485809723190e-01
-2.966000254672671588e-01 1.969354442425382601e+00 -3.268170046107723437e-01
1.136327537088979156e-01 1.638030263188937852e+00 -3.734140202618672078e-01
-4.797495480222924158e-02 2.103518749642480756e+00 -3.257680276406915709e-01
-2.319815987318847306e-01 1.709367940472811043e+00 -1.194823499854109627e-01
-7.046844180102773691e-02 2.470277107895093138e+00 -1.465974413890496209e-01
1.255932022331062825e+00 1.771466366136252191e+00 -1.454053909615904416e-01
7.561559181640848948e-01 1.737080460347836919e+00 -1.455180833088807191e-01
1.195081271246168697e+00 2.110344764479451740e+00 -2.414580716816434602e-01
8.298585217131577707e-01 2.427574548445178948e+00 -6.004546392111542730e-02
1.423493236286649477e+00 1.908867290612091594e+00 -3.497001817520555278e-01
1.395003781508874496e+00 2.230315969766850870e+00 -4.492428248891187081e-01
9.614973191912330464e-01 1.576278277796026472e+00 -2.950990075958568326e-01
7.083404222680353968e-01 2.146654443603548401e+00 -4.183524541669321195e-01
1.373178939060176518e+00 1.795532988693784304e+00 -4.675200145226927617e-01
8.505335494942229957e-01 2.039482331789528757e+00 -1.037022405851359963e-01
1.159243235769739755e+00 2.032655242987203792e+00 -1.022166783020992398e-01
9.354885757981143968e-01 2.266562052183955345e+00 -4.361859967037311492e-01
7.905585359227842446e-01 1.808837680971642214e+00 -1.431227715281266910e-01
1.293110577709592590e+00 2.303882871569806312e+00 -2.346739488309239619e-01
1.116611318608084602e+00 1.629244633741770087e+00 -4.421597670673058644e-01
1.014686200995072340e+00 1.924788751058185809e+00 -1.246976089766054230e-01
1.054935973224981893e+00 2.485797483237941918e+00 -2.352140325752500871e-01
7.124515521005214680e-01 2.273406955421917175e+00 -3.275833225035853502e-01
1.847794095591153152e+00 1.820095732225965435e+00 -2.787765473684693518e-01
2.124323102733162827e+00 1.690013207471061207e+00 -4.952261245901645736e-01
2.296959308466345107e+00 1.830152938313698741e+00 -4.230722333114975697e-01
1.759383801092647914e+00 2.122641300662309050e+00 -2.690679769474684235e-01
2.259545803989961854e+00 1.916029271031238324e+00 -1.329801369217840090e-01
2.244321816356467991e+00 2.456482816248934498e+00 -2.974642567706400342e-01
1.956859294968099405e+00 1.942372875512457853e+00 -4.537914375496612251e-01
1.560201719036029999e+00 1.560419854077013113e+00 -1.603752227992210067e-01
1.540445216071287149e+00 2.205290080068644798e+00 -1.140733062343795012e-01
2.467508057085350259e+00 1.607083361508921726e+00 -1.759799365514762570e-01
1.722446728389657622e+00 2.408550454289269283e+00 -2.880329177584002309e-01
1.734377694600592434e+00 1.606271070702735670e+00 -6.502976187420905774e-02
1.829157089308299788e+00 2.287575120555173314e+00 -1.212212186512946488e-01
2.150188091392898571e+00 1.998794870405570023e+00 -3.099310444880085669e-01
1.688414969334498750e+00 1.624924118277698781e+00 -4.743602642952886583e-01
2.008028027615679889e+00 2.026040094029820438e+00 -2.738811834013521462e-01
1.733377778215237086e+00 1.755977312182775307e+00 -4.042038587158991447e-02
1.931664180791759833e+00 1.876088448509676709e+00 -3.070716258037915480e-01
3.390458094095361474e+00 1.587115842225408358e+00 -1.472039041506914003e-01
2.744889676380966037e+00 1.692920962677849417e+00 -4.886263157803441004e-01
3.458113612768858758e+00 1.500871181465068815e+00 -3.031404238988333333e-01
3.493094608373683130e+00 2.341448071527960195e+00 -1.607464670018199371e-01
2.661094272679768835e+00 1.588585122618585643e+00 -4.545944465521642996e-01
3.455074225345239114e+00 1.758543643463795547e+00 -3.987228051881093194e-01
2.788094801765190311e+00 1.901944958801042418e+00 -2.164227745857054686e-01
2.759851009908723896e+00 1.737598038031510583e+00 -6.746126998665857855e-02
3.488252336062023673e+00 2.409032301744611360e+00 -4.045483603332922229e-01
2.932781845848769109e+00 2.333997522083297582e+00 -1.471519219153449853e-03
2.923115606745641415e+00 2.437380994456852079e+00 -1.293036902776147912e-01
3.205398173684015362e+00 1.572077237475202338e+00 -9.165185860170588228e-02
2.846692134547105013e+00 1.550755334020141873e+00 -1.370081152177284878e-01
2.784680196559667920e+00 2.302105802066002127e+00 -1.579213601678510770e-01
2.835312976633309390e+00 2.057108400373930834e+00 -1.838721880057576641e-01
3.416049753099501984e+00 2.137361956939157537e+00 -1.444523886718922512e-01
2.776684181564679221e+00 2.151678397359154005e+00 -4.393728038110715772e-01
3.086982591334264114e+00 1.778004399304069949e+00 -4.873091330221015482e-01
3.282941713230549396e+00 1.772601655142658217e+00 -1.767086183667974097e-01
3.341225145674458830e+00 1.732799363507959711e+00 -4.311308970286908959e-01
3.234266250427953793e+00 1.636164963027097130e+00 -2.496283166603703307e-01
3.095626111707815653e+00 2.196385476301262685e+00 -6.334692894867366419e-02
2.555711561316076796e+00 2.293068585321959674e+00 -1.080775500267154854e-01
3.335111423088523708e+00 2.198477678991203277e+00 -2.471517097467739177e-01
3.016244825419706288e+00 2.487030670362168294e+00 -3.429385083504854492e-02
4.216314958867101836e+00 2.352982904891110394e+00 -1.497693824702732712e-01
4.184877073625585808e+00 1.614830759540542005e+00 -4.085121007289433948e-01
3.512615779375908076e+00 1.703839710656323447e+00 -1.311205649712210430e-01
3.614628363130011124e+00 1.964528120921601229e+00 -4.830936082787538055e-01
4.381285258879747957e+00 2.408969564885470760e+00 -6.962565114481478190e-02
3.509086415363931621e+00 2.347876750441917793e+00 -4.073775046130680977e-01
4.046143598132282193e+00 2.083513612127379844e+00 -1.845454607781196188e-01
3.816442617582351815e+00 2.370359796548287434e+00 -1.440393003837705521e-01
4.226329123872385907e+00 2.470859392632041462e+00 -4.327426738097521763e-01
4.380376447265362572e+00 2.381375540757533216e+00 -2.289803748700833808e-01
4.496244145655797553e+00 2.454836079665479787e+00 -7.845259316809105599e-02
4.330584949916131521e+00 1.598163938210971580e+00 -8.258916384104431074e-02
3.680541408587144403e+00 2.311677626792469908e+00 -3.369805830958885196e-01
3.682089565596735170e+00 2.286094226366412130e+00 -1.958079304794111408e-01
4.318434478353070816e+00 2.362999338014279971e+00 -4.758191257307426980e-01
3.563424458176131182e+00 2.154534697914208152e+00 -3.577192259086672266e-01
4.206344673675348034e+00 2.173943096647246165e+00 -1.277481892028884403e-01
3.778272178192699116e+00 1.804860553016281344e+00 -3.249729748586691613e-01
3.768420718208020048e+00 1.525138178388733223e+00 -2.239892197432702403e-02
3.782286663019277739e+00 2.452539015242898301e+00 -4.729153201068445611e-01
3.923543997977574804e+00 2.312462346436161553e+00 -1.547501649127660528e-01
3.670569946416556206e+00 1.743819752976968118e+00 -1.784897168617884944e-01
3.845376721374243800e+00 1.561914576637299490e+00 -3.149442887968980642e-01
3.937431055567445881e+00 2.402663600676058664e+00 -4.186153920113433458e-01
4.423830810984828332e+00 2.388742130049223533e+00 -2.976237909470818011e-01
4.760032433459059575e+00 2.371328177688802441e+00 -2.766720881227904272e-01
5.057259424257514624e+00 2.458216998035926082e+00 -2.727827535244209400e-02
4.737445179893180480e+00 1.840092088945480597e+00 -4.756747792039206502e-01
4.664669195594907336e+00 1.763234532747294026e+00 -1.912194119816170712e-01
4.614444853552406300e+00 2.091775207688726823e+00 -3.316458465096960850e-01
4.724425590022129029e+00 2.187033637313618328e+00 -3.967105527088357064e-01
5.350670852416115508e+00 2.332573939255640383e+00 -1.775215294489278506e-01
4.673560264363675998e+00 2.078563991181614057e+00 -7.717075700473507993e-02
5.375626241866884314e+00 2.145538055596151850e+00 -7.740410609210712778e-02
5.244235796130080729e+00 1.817722440508063642e+00 -9.783195461458227271e-02
5.100427777852416966e+00 1.973399378971187446e+00 -2.470481248451346090e-01
4.525110318036102086e+00 1.605004091525854548e+00 -3.212593836986687990e-01
5.484889561556897775e+00 1.723089912340702412e+00 -6.434485889079510912e-02
5.334766633817302761e+00 2.017665052304066009e+00 -3.191588184466951361e-01
4.845911910783900822e+00 2.442897792266837342e+00 -6.807015160464935377e-02
5.448483313320821253e+00 2.191226459473737620e+00 -4.169540937014009074e-01
4.722299649408965294e+00 2.272351502373375354e+00 -2.617896458696602480e-01
5.104941736680610020e+00 2.462329751452664084e+00 -1.555937224748547010e-01
5.022747938436721071e+00 1.674323151694160572e+00 -4.615582731487268831e-01
5.355243706128362646e+00 2.400946617290491858e+00 -4.358132582558535972e-01
5.076639718363672671e+00 1.597024075346960004e+00 -3.064869763433470951e-01
4.929358810580604100e+00 2.258851064685496013e+00 -8.297189627265666445e-03
5.266544296423518290e+00 2.075302342254259358e+00 -2.929091746288392528e-01
4.605375946440364743e+00 2.177874952848576129e+00 -2.473997950397635037e-01
4.591870309020709584e+00 1.806497674317380842e+00 -2.271573732179792415e-01
5.927199092298639727e+00 1.631365376656255251e+00 -3.469077661129382761e-01
5.979057272990051075e+00 1.553695626832027443e+00 -2.781703280041014636e-01
5.740176038313077100e+00 1.982887026790915996e+00 -4.974712040500666177e-01
5.729944500738676894e+00 1.754396120147193372e+00 -4.461528919923871683e-01
6.143127836488075033e+00 2.139225929825265382e+00 -4.491283059046757842e-01
6.191634222511606112e+00 2.086052415658109283e+00 -5.469200397431883687e-02
6.062067602286223433e+00 2.453867848668725316e+00 -2.474794289321522456e-01
6.147511397731829419e+00 1.761251046432448675e+00 -4.383530350814943688e-01
5.822613965948608694e+00 1.934090876357561939e+00 -3.228210961591031491e-01
5.555024024292118057e+00 2.171100661774287843e+00 -1.087688084985121151e-01
5.665282255446747683e+00 2.075745361834439251e+00 -4.981325066799691115e-02
5.824697934238010077e+00 2.195258878514614764e+00 -1.216662972478008697e-01
6.468824927976848826e+00 2.243253414166261450e+00 -4.512160166602345868e-01
6.107876845446575942e+00 2.252513472196636002e+00 -2.599434345723299344e-01
6.084002413424840938e+00 2.052600694968049311e+00 -6.790883096065236657e-02
6.193758745796346332e+00 1.835091340203319987e+00 -5.639115086990820203e-02
6.725440586225360562e+00 2.265307777421810442e+00 -1.079871471029143493e-01
7.394053890672637408e+00 1.933980379905174019e+00 -3.858239405287022805e-01
7.214692388101816789e+00 1.781762829213086263e+00 -2.185214311544338983e-01
7.121227681101483853e+00 1.663544130096935802e+00 -1.600987076174256174e-01
6.708654911854427638e+00 2.161710722740567192e+00 -8.832716642108096039e-02
6.569571904635131077e+00 1.764909794411375188e+00 -1.063346273648768658e-02
7.454755378062092319e+00 1.861031667920116206e+00 -4.773320626845780623e-01
6.644915505646217468e+00 1.953484424123141494e+00 -2.646652921934329328e-01
6.724391692222624783e+00 1.882686339094696848e+00 -2.899132493144787048e-01
7.336965888052979778e+00 1.935570534125261588e+00 -1.601402682208732386e-01
6.631241274787115003e+00 2.046715037428084472e+00 -4.415453412144660916e-01
7.121022976603374133e+00 2.253436864607284207e+00 -3.558805250903454009e-01
6.527201943040415344e+00 1.865568616413034064e+00 -3.025913971453828566e-01
6.566521774388242250e+00 2.089156810747937243e+00 -3.823642687668939999e-01
6.865277053582698130e+00 1.809810615113645937e+00 -4.164658450958995672e-01
7.402343013329852894e+00 1.854001786181507683e+00 -4.632842580018987633e-01
6.688293453996198679e+00 1.728878214444343087e+00 -3.566071995200470468e-01
6.929809383882762575e+00 2.285317456425602245e+00 -2.825642903742302536e-01
7.440278966403006677e+00 2.368272747255044663e+00 -2.064840360026067856e-01
6.513015401659831838e+00 1.787338954880047126e+00 -4.523068887514671843e-01
7.005513208751604992e+00 2.099695733048818624e+00 -2.438643397509174804e-01
6.591826863195482389e+00 2.356435091446421382e+00 -2.520320133213616032e-02
-6.845850950950786107e+00 3.140630771063745996e+00 -2.237114781928806195e-01
-7.168141396265318654e+00 3.041404969248789669e+00 -2.544357637750671586e-01
-6.962561786105017525e+00 3.160857456743546123e+00 -2.626857795899315562e-01
-7.177963212689234318e+00 2.942745238698270427e+00 -4.675113539743414037e-01
-6.905986979707650519e+00 2.733833076740367574e+00 -3.987171954588326628e-01
-6.846875178383601046e+00 3.190454455183957094e+00 -4.973872866304471785e-01
-6.957909798433760784e+00 2.796528424023188464e+00 -3.653401682481582924e-01
-6.681050931572245055e+00 3.232328422212292551e+00 -1.130664295781951267e-01
-6.773064817287393957e+00 2.651321316956943619e+00 -1.145463170985294710e-01
-7.187893464446498903e+00 2.932014944765109377e+00 -2.866668770104343622e-01
-6.759054433097948511e+00 2.663134964469740851e+00 -4.127515850647718310e-01
-6.550736321781956306e+00 2.980223839932152785e+00 -4.187932847011222037e-01
-6.649616048540551105e+00 2.507776493853173250e+00 -7.617730276506762266e-02
-7.045915890490237921e+00 2.654881571636483528e+00 -2.973760241697842588e-01
-7.048161731905738137e+00 3.362166440171204584e+00 -1.513276140621719890e-01
-7.404073465076797866e+00 3.477276016967040917e+00 -4.041952062570732807e-01
-6.661914747297960737e+00 3.484366942734252959e+00 -3.901730535593941340e-01
-6.541013272133401557e+00 2.953881560634691539e+00 -8.311095040026117431e-02
-7.493950593065255461e+00 2.620554235551306732e+00 -1.999675500182451771e-01
-7.440713185682136022e+00 3.374524286218111513e+00 -3.071946058429322335e-01
-6.861301670467523373e+00 3.150334016261354009e+00 -4.078842020010764458e-01
-6.777324206253678263e+00 3.099948632746315269e+00 -3.112523544955205779e-01
-7.183439310648919829e+00 2.588605163906022355e+00 -4.883129619295853985e-01
-6.254900908962490291e+00 3.390960731087576008e+00 -4.359990663633617203e-01
-6.150482422932402216e+00 2.818689857846390368e+00 -9.249027353450500755e-02
-5.662939097229994445e+00 3.314066245538358046e+00 -4.804946115031061282e-01
-5.690206762271901475e+00 2.991345384949635644e+00 -1.185101434356496952e-01
-6.458174210785616154e+00 3.455383099214710541e+00 -4.113069795858415034e-01
-6.203761346461381443e+00 2.769407956241710878e+00 -4.414325643870231630e-01
-5.979342657399824290e+00 2.747218648875985991e+00 -1.283781932265419812e-01
-6.363174185520183102e+00 2.897142886449348254e+00 -7.614327867145220807e-03
-5.576331931112505025e+00 3.425501214327169919e+00 -7.136617486487573103e-02
-6.212963051827059324e+00 2.645912480250173004e+00 -2.435146645255858999e-01
-5.784399747252144230e+00 2.572427881964514995e+00 -2.433951025038147975e-01
-5.993183431013943796e+00 3.492292665055849454e+00 -3.674626512324916661e-01
-5.804311843709160534e+00 3.267088321800674322e+00 -3.165379049760623786e-01
-6.337409667106360445e+00 3.178668596553039905e+00 -4.589745198578487617e-01
-5.740047861863129874e+00 2.765723662116082338e+00 -2.913278406515615870e-01
-5.999672887845431291e+00 3.467842170777718280e+00 -2.293060359258767278e-01
-5.518606360860640159e+00 3.146267047578863441e+00 -9.895365989778071025e-02
-5.964073257906257197e+00 2.796548871168127448e+00 -1.962569390923434298e-01
-5.513958709871215724e+00 2.516798153370865876e+00 -8.963041830520879216e-02
-5.282551712237761876e+00 3.024743428037712789e+00 -1.652373839294796198e-02
-5.289712898038153810e+00 2.748594626954087516e+00 -3.025930647260270945e-01
-4.780511018819489699e+00 2.877375868985010854e+00 -2.422885941338766003e-01
-4.647822619568027669e+00 2.578756662705833591e+00 -1.702022663859459328e-02
-5.167374063697764974e+00 2.937423570552365248e+00 -4.007892808687820718e-01
-4.921953811519392374e+00 2.687919282483672845e+00 -2.959370071955671477e-01
-5.015905624074182612e+00 2.772229877541596110e+00 -2.089655241410142139e-01
-4.553415383183992304e+00 3.032528434824843799e+00 -1.469435905421789812e-02
-5.286876097575727407e+00 3.154194669659535322e+00 -4.756232009255683124e-01
-4.529524653216239649e+00 2.737808909322705375e+00 -2.163984019616478349e-01
-5.035816750189403557e+00 2.562087084551698979e+00 -2.691195242514261565e-01
-4.903750590430493439e+00 3.416961534353914587e+00 -4.387210799974550213e-01
-5.059958073800888023e+00 2.964545728532584690e+00 -3.438957445420953718e-01
-5.110550981034154283e+00 2.558751030099546853e+00 -3.609685517545102584e-02
-4.605300999537199402e+00 2.972387834147800945e+00 -4.635818044014605732e-02
-5.099939822469353068e+00 3.228683116882880455e+00 -3.406217453967741449e-01
-5.267798947786221042e+00 3.161177211030148371e+00 -3.665992550892305246e-02
-4.769135313848809510e+00 2.521939783498611476e+00 -1.431691856582926192e-01
-5.207936075570157364e+00 2.884901094659156229e+00 -4.513777546623671810e-01
-4.915968605984570416e+00 3.113037916373237124e+00 -1.930459609533379250e-01
-4.694240020555946913e+00 3.011187354837264962e+00 -2.899591454293215520e-02
-3.711933454749136718e+00 2.745914295480826439e+00 -4.732610337548379675e-01
-3.867442863511819429e+00 3.107280149783989032e+00 -9.783669266005468046e-02
-3.725164598152364892e+00 2.619351315231853050e+00 -2.694884318559420677e-01
-3.846126168170468596e+00 2.858741637652475021e+00 -2.263615838543682202e-01
-3.743834173960737921e+00 3.312679832779135580e+00 -3.437468212067464890e-01
-3.593728022615417128e+00 2.797833923109834586e+00 -1.861216589446623715e-01
-4.051431738145582884e+00 2.745322774698760071e+00 -4.090080607059647377e-01
-3.670076562880163706e+00 2.691520480166140317e+00 -6.525606697496755260e-02
-3.610140599589843013e+00 2.922180988860368700e+00 -1.833939412053506857e-01
-3.815072225238236747e+00 2.661556880232460287e+00 -3.728595844921311908e-01
-3.578237449913910240e+00 2.932050179117720035e+00 -4.543826134120703131e-01
-3.921635573612607839e+00 3.406009211188715469e+00 -3.156879209485143889e-01
-4.493208478726830712e+00 3.312406380223348989e+00 -4.228943105163143201e-01
-4.468187591440087481e+00 3.237829601826380355e+00 -4.141996664548788232e-01
-3.978466313974749369e+00 2.871090300337876045e+00 -3.350600472909324168e-01
-4.366244076187305367e+00 2.740047156158507136e+00 -3.870138054656511173e-01
-3.648159162453353144e+00 2.973979681063861236e+00 -2.581918665880120756e-01
-4.391651806683002590e+00 3.268027894398588984e+00 -2.887231477232745647e-01
-3.222070247905697293e+00 3.103634961615602705e+00 -4.870471730167089675e-01
-2.975757754281880274e+00 2.974017449066497676e+00 -2.000084228987919488e-01
-3.071406610975448537e+00 2.948343852217831795e+00 -4.538165234593520836e-01
-2.973065924996380005e+00 2.658129320735147516e+00 -1.452980848874894093e-01
-2.892792019489067279e+00 3.216022090224466723e+00 -2.533040277471485524e-01
-3.030090434569828517e+00 2.689349165011542198e+00 -2.016018150091927197e-01
-2.988648416252537743e+00 2.670618144485668921e+00 -8.358832712493935446e-03
-2.730495808891015841e+00 3.078526462921448825e+00 -2.094959475322131226e-01
-2.756317310051212388e+00 3.450159965172735710e+00 -3.704368553245007689e-01
-3.304779628409351133e+00 2.754126977272729704e+00 -1.021135251062421645e-01
-3.439962460203970451e+00 3.012043872276164436e+00 -1.146014613050176933e-01
-2.602056311533664790e+00 3.379117139582710649e+00 -4.391556507834586398e-01
-2.927019709978674555e+00 2.940763402905412605e+00 -4.370083489230616181e-01
-2.785219438658725011e+00 2.950022588767685860e+00 -3.458235967456371185e-01
-3.408214065983418806e+00 3.361518596660738822e+00 -1.372623843055382764e-01
-2.493748515171364311e+00 3.490900599909954494e+00 -1.413125106569772527e-01
-2.193911745772782140e+00 3.458438613318527644e+00 -4.061444973976549022e-01
-2.091805061337899119e+00 2.982190300721629939e+00 -2.274674652339854219e-01
-2.418940241732542518e+00 2.996216244331741052e+00 -3.899727947813769191e-01
-2.004697906156870602e+00 2.862336732528754979e+00 -9.376711833109752092e-02
-2.380990141841364149e+00 3.336742251888583866e+00 -1.516375612983313914e-01
-2.060358717454013444e+00 3.375450687115472803e+00 -5.409317945121472349e-02
-2.206848346392523474e+00 2.997709680238944685e+00 -2.021175963469037384e-01
-1.990693387669484338e+00 3.447427936383583358e+00 -1.717914906674966602e-01
-1.822512083884916478e+00 3.358446065281837534e+00 -7.241821906529111175e-03
-2.360071337431350003e+00 3.048307801248203219e+00 -1.055143474085245003e-01
-2.094115812554731448e+00 2.603607128673584015e+00 -2.966140909870453868e-01
-1.882575389554407508e+00 3.450904348573724079e+00 -1.185444615560271586e-01
-2.050257326189302454e+00 3.309602181571706936e+00 -3.694553640298376962e-01
-1.670505101595810338e+00 2.685871448486212287e+00 -1.825036814219060943e-01
-2.278170731311172759e+00 3.102872668261838385e+00 -2.905012612997488475e-01
-1.604259347430107674e+00 2.531887333225741443e+00 -3.274813487265912926e-01
-1.723439833296669832e+00 2.500956741732609956e+00 -5.110862794521509045e-02
-1.857985607862442379e+00 3.245731065273691485e+00 -4.558772326865270230e-01
-1.529381265101164011e+00 2.820370932367776362e+00 -4.758480420138955225e-01
-1.148475122800684645e+00 2.633229434796756863e+00 -3.350156393468051164e-01
-7.851045658647155534e-01 3.220977515757413201e+00 -4.448233710173621347e-01
-1.277192076135509780e+00 3.061678876013678163e+00 -3.719966270481940285e-01
-7.829235684970115017e-01 3.211247030316114248e+00 -3.169811501622987748e-01
-1.468482567036819120e+00 2.905632263598780796e+00 -2.800170066958678206e-01
-6.980906379239257831e-01 2.601494238632346523e+00 -1.482472934703320533e-01
-6.495335487557385434e-01 2.626550206899132434e+00 -4.940192369732123723e-01
-5.049766536978985698e-01 3.481775477820736597e+00 -3.801325358940150778e-01
-5.407910225066094867e-01 2.727809184112354401e+00 -7.088887011013511597e-02
-1.402750992952864983e+00 3.434806508015341819e+00 -1.178070652431948417e-01
-9.768293102258729377e-01 3.352050163704547003e+00 -1.134777305717342699e-01
-1.115390073945174976e+00 2.911203045704096937e+00 -5.125796349193834089e-02
-7.657109318834551814e-01 3.475900105320185673e+00 -1.727030273665821625e-01
-7.262796668894697660e-01 3.291329295998238536e+00 -3.914993895578344762e-01
-1.350209455303248873e+00 2.644878343592775849e+00 -8.997325165121239365e-02
-5.125561922179775465e-01 2.614784504126168585e+00 -4.791559078571019370e-01
-1.195509365973813409e+00 2.930391837483208306e+00 -1.268711067681849158e-02
-1.015018148551126487e+00 2.629556039835154735e+00 -4.296568369811151200e-01
-7.383729439345305678e-01 2.594130216266863798e+00 -2.153287446719804876e-01
-8.156329841863900754e-01 3.483942448174023099e+00 -3.232530087884342151e-01
-7.001176139277021093e-01 3.354196475048814463e+00 -3.744884389847626949e-01
-1.101400267643051656e+00 3.448726084042396778e+00 -2.361400450122275174e-02
-1.294530574484466179e+00 2.988937574634782379e+00 -4.455772942206301934e-01
-6.146237221711920995e-01 3.039330688730810692e+00 -7.685614768237947203e-02
1.065451424814076731e-01 3.089977787886667215e+00 -4.509743243851325190e-01
-3.155725103874296167e-01 3.452127315723140910e+00 -4.317046176308938499e-01
2.039576397526614571e-01 3.056665186935752843e+00 -4.559093691535771598e-01
3.705315117946623715e-01 3.239529994373016919e+00 -3.545804192893751150e-01
3.583193490656668700e-01 2.994808371838935557e+00 -4.192199371438043443e-02
4.823329291016333897e-01 3.272342296425478025e+00 -4.358941028601339696e-01
-3.866790896444687320e-01 3.178558518771271935e+00 -3.633073532571824416e-01
-2.734193050391358071e-01 3.003492597420162724e+00 -1.714375987732861262e-01
-2.395035760259940361e-01 2.532064658069590024e+00 -3.977972441147841209e-01
-1.708902542525994050e-01 2.762643589605666250e+00 -1.467759153151533269e-01
-6.820519404384484119e-02 2.777118942713512340e+00 -6.060929075133714150e-02
-2.262712229122518792e-01 3.043559798680334438e+00 -6.238014458372909132e-02
9.045426097312230240e-01 3.029626181280432817e+00 -3.938387106326413090e-01
5.052857146429001745e-01 2.764205496108321114e+00 -1.846243343738755982e-01
1.322828583640264455e+00 2.534985570631850038e+00 -4.593401822959108927e-02
5.872869161471250266e-01 2.660026039377950013e+00 -5.367701582970063612e-02
1.411240184203395032e+00 3.435441860682189485e+00 -6.403736413359695234e-02
1.083844013272416973e+00 3.353672806554863328e+00 -2.145281428345278130e-01
7.640122277456686817e-01 2.790653816381205132e+00 -3.339207765394007765e-01
8.723913642707099569e-01 2.727289422929322527e+00 -3.039253443690448364e-01
1.135805759361836920e+00 2.995768766832501484e+00 -1.672348768958968890e-01
9.099073194306281920e-01 3.019717707406559981e+00 -4.715410285428252024e-01
1.450670230340707079e+00 2.837948348393663167e+00 -2.411869185278483485e-01
1.498164686519624311e+00 3.196447920631287687e+00 -9.957722358127085727e-04
1.424941766735463133e+00 3.447581397261505032e+00 -1.646073750102221567e-01
1.124139105476059441e+00 2.754962587444151012e+00 -4.222376937299650024e-01
7.660044867804138846e-01 2.970318489366134074e+00 -2.120595902699236035e-01
1.177341942584954282e+00 3.142027828211428897e+00 -1.575797440201931465e-01
9.405911031244045262e-01 2.803369806591785363e+00 -2.363149028820235031e-01
7.679865396618748008e-01 3.192392168920555662e+00 -3.166082744129372628e-01
6.630127799966576418e-01 3.239269505475027344e+00 -4.045921894203505786e-01
1.395456793756967073e+00 2.864794838140095834e+00 -2.911236692928387271e-01
9.590255318169180754e-01 2.790653460048863721e+00 -3.124053349944411195e-02
1.098792070429290391e+00 3.241666531803625517e+00 -1.101603285868044679e-01
1.951048258261046442e+00 2.834940429330943701e+00 -4.490608553644221956e-01
1.818516643670220034e+00 2.810364978411985959e+00 -2.113240630898722827e-01
2.271204832166166199e+00 2.886222263301544189e+00 -3.634376893844049050e-01
1.922829133817741010e+00 2.807021363812545189e+00 -4.255719178733112784e-01
2.069104765081558384e+00 2.573866170552500776e+00 -2.071068108133893304e-01
1.798428605328819430e+00 2.522642731718990561e+00 -7.616548125247568635e-02
2.486151776337315766e+00 2.589348984141604859e+00 -3.676835611732283127e-01
1.825306559455812661e+00 2.996877693655395802e+00 -1.019295660354302413e-01
1.592700600404857170e+00 2.859624321237957290e+00 -2.374980881847879033e-01
1.836059838982555092e+00 3.293156427016217691e+00 -2.900522928800626232e-01
1.755471434516602258e+00 3.308238399611644454e+00 -8.327718515819881873e-02
2.268893805050700152e+00 3.271053512967508681e+00 -1.099004080076078083e-01
1.620045900875176415e+00 3.487321248154820807e+00 -1.019563595788337551e-01
2.291876078242186310e+00 2.945728178969350353e+00 -1.819470952561417221e-01
2.013665121504622846e+00 2.951725694524347077e+00 -3.977875849403584851e-01
2.162879543269397686e+00 3.211522910440104184e+00 -3.888297006600005545e-01
1.935401273573431169e+00 3.271858698392762221e+00 -2.225252609331587195e-01
1.761200698151471400e+00 2.995568465391968971e+00 -4.737029337506797333e-01
2.338651478792289851e+00 3.087010424049701385e+00 -4.842455627949409092e-01
1.946932299267874811e+00 3.105623342334304482e+00 -4.609949578880154775e-01
1.559766503614561373e+00 3.245349398095868310e+00 -4.513428563258621296e-01
3.205976476097767147e+00 3.212576618298397690e+00 -4.562174209080076537e-01
3.088988525948881403e+00 3.310836578670958374e+00 -2.627208919817647370e-01
2.778694028194548693e+00 2.840518794990499529e+00 -2.135497322455126579e-01
2.695923221188895269e+00 3.314120281474009388e+00 -2.685213613017740641e-01
3.100719407196343980e+00 2.770746896353735167e+00 -2.353331818534130093e-01
3.188192428262615508e+00 3.081388912710696815e+00 -3.555669709254143385e-01
2.856995480786540753e+00 3.340397457831912220e+00 -2.997983217074100537e-01
2.902780444404015725e+00 3.442519087851422910e+00 -4.717079699665376324e-01
3.148269151732344895e+00 2.971291406793245216e+00 -3.074013193366926799e-01
2.851560487192806193e+00 3.396704475227304343e+00 -3.897213271672779200e-01
3.191534099261795987e+00 3.474599693697040692e+00 -2.724638672316785915e-01
2.844474022637299981e+00 2.698334321244455936e+00 -4.555089430062562172e-01
3.284446810103222703e+00 2.903659307677640911e+00 -4.461914429458282427e-01
3.249977821133109401e+00 2.799772631949611679e+00 -4.433881034830946533e-01
3.445877837206003491e+00 3.453132417895432127e+00 -3.949231952807963353e-02
3.049731905831947643e+00 2.767589338165864277e+00 -3.953601973759610644e-01
3.368331148224857685e+00 2.693472818847869377e+00 -1.804412407385136419e-01
3.069862082683561866e+00 2.957565317032862851e+00 -6.185387193960067975e-02
2.646588994982437271e+00 2.839769284417327455e+00 -1.857953368638209923e-01
3.293883441246537203e+00 2.605785729080718482e+00 -1.455768957529901542e-01
2.577292598565811943e+00 3.474491434878164142e+00 -4.071435815260748825e-01
2.735569547974261440e+00 3.254050242437156015e+00 -4.564682010690432890e-01
2.798678562560240835e+00 2.827661337681472986e+00 -1.123769520039132885e-01
3.924446544845563878e+00 3.127051318000942715e+00 -3.998714774347931211e-01
4.368931495280097721e+00 2.721093175162472733e+00 -2.965125476882377598e-01
3.946365524504171773e+00 2.947708486472246037e+00 -1.627266347877966979e-01
4.413086154216912860e+00 2.620007115303168987e+00 -3.610136132852517221e-01
3.870464045646341944e+00 3.007788466308003450e+00 -4.362784298296222829e-01
3.995157965688033386e+00 3.164364127343894495e+00 -4.268780146254051999e-01
3.579749170421109739e+00 3.278885274917268333e+00 -1.745426650889143616e-01
3.960996853540507345e+00 3.081309790591054920e+00 -1.251706178557654425e-02
3.923937501604068956e+00 2.593281631583463920e+00 -3.053080135579104848e-01
4.370978008259321257e+00 3.362695689525661891e+00 -3.806269359584604217e-01
3.823754509522805378e+00 3.193044866966847195e+00 -2.812024756356983346e-01
3.678948176829873518e+00 2.922309528975127080e+00 -4.174918377342429210e-01
3.741702028331751251e+00 3.232767724171434764e+00 -2.915490184273359375e-01
4.359824005304064443e+00 3.367258556928430124e+00 -2.232056608011383503e-01
3.873557148537976502e+00 3.311788248475949104e+00 -6.450180421163587141e-02
4.381802368231953793e+00 2.733992113605880903e+00 -5.885667839482167096e-02
4.055019570943246165e+00 3.269532257464588199e+00 -1.829797321631065898e-01
4.335305772490039899e+00 3.222291485506820763e+00 -4.812725519822080855e-02
3.872376177455089774e+00 2.800480744075974471e+00 -3.769249892398462976e-02
4.796695867748269393e+00 2.947141407277612757e+00 -2.708152607361942188e-01
4.566981076381104288e+00 2.918815577885782275e+00 -3.761788445305374040e-01
5.005352797507971019e+00 2.516259266465995736e+00 -3.443036596845079345e-01
5.498938653585636160e+00 3.415664019287703468e+00 -1.106292005609610385e-02
4.641885229071075258e+00 2.850336412140254794e+00 -3.290673283359382140e-01
5.105279318494323704e+00 3.282781879131047020e+00 -3.599763221238649891e-01
5.415623605348653058e+00 3.459613931648936713e+00 -3.929633158392515924e-01
5.246375838862013197e+00 3.472477806904901598e+00 -1.861545651346396824e-01
5.445452506532362236e+00 2.851522822522969847e+00 -2.011396368485609543e-01
4.947973453091826457e+00 3.330686360111947408e+00 -3.425395564681412708e-01
4.566338271239674285e+00 2.903429322355588482e+00 -2.843710769169547348e-01
5.025436870396990940e+00 2.683198608338470237e+00 -2.034137430549805003e-01
5.388964767141334988e+00 2.625190270125665748e+00 -3.820873120873997664e-01
5.096057766007207945e+00 3.351545377659233438e+00 -1.182894745080993459e-01
4.991630193785502101e+00 2.820853935568933935e+00 -1.926477247777924617e-01
5.126525167473893418e+00 2.589882030106139155e+00 -4.778987456333432249e-01
4.953015125943327490e+00 2.943500483891066111e+00 -4.513420044298577238e-02
4.839946579986023067e+00 2.907763927633476797e+00 -3.238760009810235374e-01
5.107528924359046485e+00 2.896193521443112928e+00 -3.623182592179166051e-01
6.021561490688272400e+00 2.697876247677790218e+00 -6.834189252182554242e-02
6.213894444594458832e+00 2.732422582420831247e+00 -2.990695031613128663e-01
5.906055830811602902e+00 2.595301970010622128e+00 -6.609500415186175815e-02
5.756875643117892238e+00 2.877262123364101143e+00 -3.058143847506773483e-01
6.394757988870949816e+00 2.843376432728874192e+00 -1.767539610065327338e-02
6.288245238892843147e+00 2.855085612344328894e+00 -1.704608754408827309e-01
6.431632615541332143e+00 3.139548664309346648e+00 -4.605804757396132487e-01
6.100693007364526466e+00 2.879309288744648754e+00 -3.664055029458506141e-01
5.793040176282286069e+00 2.856124219848121371e+00 -3.795887472091852288e-01
6.343113663080588438e+00 2.739118729958557097e+00 -1.038546126214701104e-01
6.438690289325482041e+00 3.194677793109002906e+00 -3.166792340509356762e-01
6.408108860104537285e+00 2.584776857958924978e+00 -3.632693368303403503e-01
5.580258672134659648e+00 2.995633724517688279e+00 -1.033556321543009915e-01
5.620511595424169116e+00 3.063241227575012715e+00 -3.455799633164975404e-01
6.277979512829700681e+00 3.343716911695018723e+00 -2.296182029547679804e-01
6.030045965491748206e+00 2.517473127975174307e+00 -6.164700560486835457e-02
6.090043278034148244e+00 2.754421812155342764e+00 -1.803147785875118814e-01
6.249189278615531862e+00 3.211467887948044719e+00 -8.426682833358789537e-02
6.791882437374418657e+00 3.456057734472185672e+00 -2.994969832159615208e-01
6.943073124463509771e+00 2.774976618250580174e+00 -3.564540299950458291e-02
6.956797166844740588e+00 2.662389750380842912e+00 -2.689914153225476667e-01
6.536799997755895930e+00 2.517800499239141843e+00 -6.817512628180821821e-02
6.818641244987446726e+00 2.979878980090143514e+00 -2.223755324482574736e-01
7.339288421740201684e+00 2.559284747136651106e+00 -2.280736966149206069e-01
7.195196874794795860e+00 3.477495740496870269e+00 -2.611785500679442151e-01
6.735925475993649769e+00 2.513918238957748130e+00 -4.771749636630850944e-01
6.576540313659474890e+00 2.569129825051438942e+00 -8.532644902849106927e-02
7.147479322247413336e+00 2.651220701958379777e+00 -1.700803047168815141e-01
7.498246255200861299e+00 3.015726573579209813e+00 -3.830883948649326243e-01
6.683640294373281776e+00 2.794649052480776774e+00 -1.358247531958340915e-01
6.711696897008389229e+00 2.619672929096443781e+00 -1.024891485063488261e-01
6.631434595848601177e+00 3.424369311303316010e+00 -2.701031897714010199e-01
6.976053562625967430e+00 3.284581810826541215e+00 -1.275689253733371942e-01
7.107874256265159119e+00 3.181185861118745350e+00 -6.082310068827645466e-02
6.918398186308643005e+00 2.733840393962539750e+00 -2.687210655032554740e-01
7.032488202719680004e+00 3.081537864781203950e+00 -3.132698581759072454e-01
7.302798335292781218e+00 3.293557877787282706e+00 -3.426806250767526763e-01
6.784323636323797757e+00 3.443573015042066032e+00 -4.537822661184698347e-02
6.890808490339669135e+00 3.328215180760452085e+00 -7.392091490983432323e-02
6.893215471761541480e+00 2.785554807475890016e+00 -2.306825913240846404e-01
7.220698391899937008e+00 2.728896879943425446e+00 -3.185488436893990638e-02
-6.799101149575947467e+00 3.711557612761739122e+00 -3.551446301387475302e-01
-7.456168711350181333e+00 4.403923330864603969e+00 -1.129602395512012691e-01
-6.876715765965037086e+00 4.381455356939014223e+00 -3.825503102309220083e-01
-7.004622873645811154e+00 4.298949913470456963e+00 -7.326565921628613864e-02
-6.567692995529212041e+00 3.943828231741228763e+00 -4.201163918475927517e-01
-6.866154856702723741e+00 4.410205216096340308e+00 -2.806923562893501867e-01
-7.353375747790083850e+00 4.105651432269077361e+00 -3.594390308119752575e-01
-7.363271942546101734e+00 4.158920553024746170e+00 -3.739135777947311112e-02
-6.713145143877730980e+00 3.843666854676595079e+00 -4.661688401415329253e-01
-7.224994312473287827e+00 4.130237299673906293e+00 -8.566995380714814701e-02
-6.955357402529186217e+00 3.594313106194913843e+00 -2.907502935165791058e-01
-7.161421402129573899e+00 3.883359315990109195e+00 -1.996216188010162540e-01
-6.865694845687126069e+00 4.336118156650293542e+00 -1.273687785531514294e-01
-7.342555865246800373e+00 3.772865928127488999e+00 -8.237518449657699193e-02
-7.107086108017921511e+00 3.808843039169056865e+00 -4.899894769537453953e-01
-5.814938130812166150e+00 4.145527838841339019e+00 -4.307355622985369337e-01
-5.786336115187306284e+00 4.480483220240406794e+00 -4.229844545660821353e-01
-6.390520498538322158e+00 3.743913774117348936e+00 -1.132092756757945295e-01
-5.705625780494118615e+00 3.678591426520636531e+00 -3.456702171523495792e-02
-6.009330184754284154e+00 4.400191327526730589e+00 -4.821413627830875015e-01
-6.282425813357425781e+00 3.506771896434340618e+00 -4.727929557238041980e-01
-6.376555685122119677e+00 4.254929323725747281e+00 -8.172787781350265846e-02
-6.195306032018849329e+00 3.503905435923002187e+00 -4.248224154487623139e-02
-5.930219391094293968e+00 4.226251619450366093e+00 -3.811746438063465803e-01
-6.175577161699959738e+00 4.069814652430672197e+00 -4.404926761586125394e-01
-5.726952213710213790e+00 3.547074781548843703e+00 -1.303896324113704708e-01
-5.825511143793837832e+00 4.472048189969038745e+00 -1.613173269416687816e-01
-5.879660034121236833e+00 4.106517204531911602e+00 -4.282885152359803271e-01
-5.769572404480910244e+00 4.304338891884281537e+00 -2.178273062784246150e-01
-6.373911220377010522e+00 3.908193009417409769e+00 -4.349080842578523232e-01
-5.656000805007343146e+00 4.310509697659934858e+00 -1.032592132271261676e-01
-5.697372158317020485e+00 4.358090310523390798e+00 -6.160701511160837640e-02
-6.401881821571107523e+00 3.635923465237745233e+00 -1.498545048412562863e-01
-6.033534986513291010e+00 3.527374734921998822e+00 -1.128854038442135277e-01
-5.727167192952134833e+00 3.554252641168307747e+00 -4.490270218449019524e-01
-5.534425086649210179e+00 4.441914362587056075e+00 -3.169272618690612831e-01
-5.627708211735021671e+00 4.495840104564205575e+00 -4.395025694721503839e-01
-6.349895248783219870e+00 4.350102150378269528e+00 -1.867392225353476931e-01
-5.306661559274828299e+00 3.885999216562721514e+00 -4.779922794870881120e-01
-4.613782071688316222e+00 4.358702148984775704e+00 -2.988038218060395934e-01
-5.360310285138615072e+00 3.985766234310478495e+00 -4.160205693600182997e-01
-5.425229245495081010e+00 3.672066228539101473e+00 -3.180905301067227242e-01
-5.025056018532628066e+00 4.317093825570168519e+00 -3.894186277830726794e-01
-4.598927356259935095e+00 4.218291405817257811e+00 -1.905461768274818724e-02
-5.157133952732625204e+00 4.361124343060151176e+00 -4.846130249958235936e-01
-4.962389201076081946e+00 4.131568283518550544e+00 -2.319879003191562816e-01
-5.232115755289878933e+00 4.424712595475197574e+00 -1.311119117577241866e-02
-5.194820953301320543e+00 4.310156032104973889e+00 -2.904072657641556532e-01
-5.279706457234664363e+00 4.291813204918600633e+00 -4.173993194925706973e-01
-5.202961679189560762e+00 3.810482159424832815e+00 -1.397028770325796643e-01
-5.025353443201158399e+00 4.155371950753259824e+00 -5.127534688187118661e-02
-4.853836079514688429e+00 4.424389252279379292e+00 -9.567486749650200295e-02
-5.476660110328277931e+00 3.572035119109123968e+00 -2.613566889124374626e-01
-4.537653956971221980e+00 3.592968662917689571e+00 -2.190404718912404292e-01
-4.685728186364968018e+00 3.956367700802200460e+00 -1.686793303498959062e-01
-4.780512502526466534e+00 4.367370920816833646e+00 -4.335965007833699758e-01
-4.877583916167640865e+00 3.541252652222789621e+00 -1.936035431572058485e-02
-5.101323606266913835e+00 4.355186113070034892e+00 -2.176697229817836643e-01
-5.372356605545505204e+00 3.643235023445978271e+00 -4.255905320287212135e-02
-5.348713047747461147e+00 4.150571259288126313e+00 -2.467285998873851582e-01
-5.292592767690607047e+00 3.627866625081027863e+00 -2.183031934949930530e-01
-4.950140574455903497e+00 3.683562257968548082e+00 -2.839705322833729895e-02
-4.735828458708662758e+00 4.012291479780694559e+00 -6.849730750973215265e-02
-3.826484141342167078e+00 4.061730260140649307e+00 -1.680093976944867507e-01
-4.432806948767583854e+00 4.135715123966850371e+00 -2.054272400108558827e-01
-3.657008617011923590e+00 3.831691841224523998e+00 -8.124978515515834943e-02
-4.233642005036116984e+00 4.010939647779665052e+00 -1.304445128354725369e-01
-3.655418427188316777e+00 3.519865980821554885e+00 -3.445227902347092197e-02
-3.555103138670935081e+00 3.720256791289283882e+00 -3.843981733800099221e-01
-3.804761432658047671e+00 4.228216020750398485e+00 -3.928293550876613693e-01
-3.971812515436624835e+00 3.584674434632614037e+00 -4.853630808702060762e-01
-3.696143421082361602e+00 3.940818303301874437e+00 -3.185362248039602662e-01
-4.057765231102591130e+00 4.176274940582818118e+00 -3.014601261606237870e-01
-4.437858570143057513e+00 3.757821888184121661e+00 -1.795586130354429599e-01
-3.952811798221675943e+00 3.609310211725269113e+00 -1.661101611213808837e-01
-3.941578153540456597e+00 3.566898488649735910e+00 -2.737262902247312724e-01
-3.581443257716423023e+00 4.085458048597448766e+00 -8.032767772618853996e-03
-3.616736603916499426e+00 3.735931281532653969e+00 -3.939981721735659193e-01
-4.242763016591055703e+00 4.239324952765720411e+00 -3.379340875959826462e-01
-3.703138226886193873e+00 3.980738357295457774e+00 -2.818517674352332136e-01
-3.806762553167493124e+00 3.871227820392340035e+00 -8.631855517811537482e-02
-3.756117333624393151e+00 3.746088407468924686e+00 -7.702627742247614151e-03
-3.984118970143961214e+00 3.978931512920448554e+00 -1.547419794220417089e-02
-3.240104943442069896e+00 3.754002634197730615e+00 -3.977555396851073510e-03
-3.183541688869372166e+00 3.820107627924777205e+00 -2.265717997811762530e-01
-3.111963509795018012e+00 3.703413324646508187e+00 -3.719171354047983158e-01
-2.759217591239254475e+00 3.928242610289590431e+00 -4.123963087004973715e-01
-2.700202313354003181e+00 3.976432927931888628e+00 -5.312762537344717373e-02
-3.066434655549782562e+00 4.125301863397712765e+00 -2.458285959012265209e-01
-3.267031608674884069e+00 4.343460891904655341e+00 -5.702755830291295069e-02
-3.119293948048289522e+00 4.210249961620840864e+00 -4.582758501979906640e-01
-2.741261361016301024e+00 3.608872958302375977e+00 -1.946884431975011154e-01
-3.042858865799360046e+00 4.479025914589920276e+00 -4.528687836553473289e-01
-3.359642892185571661e+00 3.686000111905137544e+00 -2.356924563861184652e-02
-2.712014313972463952e+00 4.437625400911455742e+00 -7.042963088998632770e-02
-3.384299872816952437e+00 4.233687264251242865e+00 -3.063963354720886656e-01
-2.635184079788500000e+00 3.879756463445996673e+00 -3.066380957900705084e-02
-3.058608870570110660e+00 3.604323185934125817e+00 -4.859467037673148582e-01
-2.764794337863099472e+00 3.783717901656618920e+00 -1.805777563920933915e-01
-2.736040964194371483e+00 3.518490262587128825e+00 -1.527818514362717650e-01
-3.388347511682868074e+00 3.690128046596312217e+00 -4.962267369120816340e-01
-3.370153708441772089e+00 3.876599173252515129e+00 -3.694754710153045352e-01
-2.619751078776470621e+00 4.323383404678548203e+00 -5.804185265943040406e-02
-1.645813689252669576e+00 3.889023212459862933e+00 -4.877182323937336861e-01
-1.983878815767313952e+00 4.401809583592154240e+00 -4.426522247682509459e-01
-1.669897657354261433e+00 4.136218685273973961e+00 -3.678195544120708149e-01
-2.026093923071290881e+00 4.325168238052519598e+00 -1.770152139530196678e-01
-1.982007910089807368e+00 4.006426666076361442e+00 -2.901158577604920907e-01
-2.219710947226905873e+00 3.861875050723364566e+00 -2.393783941117852976e-01
-2.224107978344581404e+00 4.101120479977122812e+00 -9.490729467882808024e-02
-1.688089348215862096e+00 4.202021691376232937e+00 -2.658262241613353893e-01
-2.107214997250601130e+00 3.905240983153218437e+00 -7.608010446789315040e-02
-2.460133172681762126e+00 3.802067361109296328e+00 -2.485786281862232272e-01
-1.996314359316507137e+00 3.739730928977902380e+00 -1.772031615593441245e-01
-2.292527090235008558e+00 4.298050260372541231e+00 -3.728602189253074073e-01
-1.615552125868839006e+00 4.412987561680143500e+00 -3.815014045145233013e-01
-1.757147661613456258e+00 3.765072080684213063e+00 -3.031195340498555879e-01
-2.201305180493621450e+00 3.993231682015968786e+00 -2.916030163629645955e-01
-1.893316181532286535e+00 3.573026600055591473e+00 -2.024854741008663694e-01
-1.013495153308317853e+00 3.573656286077920186e+00 -1.748520820856427349e-01
-8.935744672731287253e-01 3.748313234246744230e+00 -4.346395167885344080e-01
-1.160872567217237972e+00 3.905334279215646021e+00 -3.912402910331174155e-01
-9.448332381789672496e-01 4.303221980888135789e+00 -1.355963259080859018e-01
-9.807579236756813756e-01 3.953390200496315288e+00 -5.836696101828486860e-02
-1.337123948163133846e+00 4.368020567651724306e+00 -6.615712451299771146e-03
-1.211692441703158707e+00 4.292005803727839464e+00 -6.183082191174271713e-02
-5.858065079788685736e-01 4.238255483819575176e+00 -3.418299648884524089e-01
-8.403630461606530488e-01 4.195978403788990008e+00 -4.714820933632619671e-01
-5.584261221957653731e-01 3.979413191432580987e+00 -7.592475001437648530e-02
-1.407739092246814039e+00 4.071172543653851505e+00 -4.790490946162577757e-01
-1.344233689163795376e+00 3.925695167139933162e+00 -4.520755431501601862e-01
-5.443209803658479728e-01 4.007793252750211366e+00 -2.520349247884396959e-01
-8.189706287881257651e-01 3.895667620058040015e+00 -2.626289875314355982e-01
-1.139537571680041772e+00 3.554261505084596706e+00 -3.560813727225777825e-01
-8.234446463119793336e-01 3.719460995222780397e+00 -2.522316139507001509e-01
-6.419160119209106341e-01 4.385171820429954792e+00 -6.846268645982078738e-02
-3.231199576426284636e-01 3.610771903925815707e+00 -4.391376560564843601e-01
-4.880699478105583466e-01 4.117572676032958512e+00 -4.026702090094822495e-01
2.002262210579939250e-01 3.892096084610356499e+00 -4.231459533422210484e-02
2.329073670397630025e-02 3.882252061341851856e+00 -1.193474130734806238e-01
3.422681230872433034e-01 4.367824157271378738e+00 -2.081145010594021016e-01
2.055353732172724435e-01 3.576426520842320045e+00 -1.967119704210702480e-01
2.635819171719449017e-01 4.104974128347127049e+00 -3.408525339882828575e-02
8.157374978874809557e-02 3.527632981126817668e+00 -4.110479354675078412e-02
-4.068451287995680232e-01 4.348578910449138135e+00 -3.927155806310125286e-01
-3.471688898148217461e-01 4.058496031137671878e+00 -1.191961298810788605e-01
4.942018602402651339e-01 4.404452689813783905e+00 -2.376504547272784151e-01
-8.514561720401658818e-02 3.591399383271808077e+00 -4.310644904252978193e-01
-2.316601448445618772e-01 3.890967900181147243e+00 -1.566523408272857409e-01
2.521467768243477181e-01 3.543106403784861413e+00 -1.467226486708756994e-01
-1.102122490877714966e-01 3.593585717324412343e+00 -1.554682359860670715e-01
3.355068491794463981e-01 4.158120062914656856e+00 -4.794581548594365472e-01
-3.625419540147145625e-02 3.726992265615290734e+00 -2.241471626505173731e-01
4.827080339873957016e-01 4.311326555056734122e+00 -4.460367202093458161e-01
-4.362777423641226449e-01 3.553296628115525380e+00 -4.519117796978733281e-01
-4.827086817646986106e-02 4.360874996184534780e+00 -6.969153637537139900e-02
-1.972436446203555960e-01 3.624172820152189445e+00 -4.657544531213186900e-01
-1.358045286673963403e-01 3.598304266414993791e+00 -2.035393961381988248e-01
4.888780467860129875e-01 4.239181091768998044e+00 -3.444547497953074355e-01
3.921356258558708063e-01 3.876496613772783206e+00 -3.860276073644541839e-01
3.221908494082459384e-01 4.398603623888179825e+00 -4.672194787084897882e-01
1.152008596699321430e+00 4.150653835126291824e+00 -2.323895494442957954e-01
1.356032489691003207e+00 3.870222487048289750e+00 -4.951628253809019498e-01
7.899560054349876737e-01 4.008905893369703932e+00 -1.767875710791670940e-01
1.331958028661009763e+00 4.182353537120334863e+00 -9.178260225129619698e-02
5.795318337122061791e-01 4.056074322192991133e+00 -3.409281392071594752e-01
9.447970788358475147e-01 3.998512980335213740e+00 -1.050030582216976427e-04
1.402059323736306595e+00 3.615746633201716520e+00 -1.153303279476549648e-01
6.761948711452028249e-01 4.330581128146683056e+00 -4.060220141305457275e-01
6.216928801012198136e-01 4.048242691584068353e+00 -1.776766863555359066e-01
6.410228889448390532e-01 3.688432333748242087e+00 -3.047409258408002586e-01
6.019411849853977259e-01 3.610759375867090171e+00 -3.236976765161845293e-01
8.793028507634002011e-01 4.243524456037205184e+00 -4.067117547518126486e-01
9.018399829534953227e-01 4.374636164705924202e+00 -2.539258270294091346e-01
7.999596312757297767e-01 4.065145650072921057e+00 -4.117132952982309746e-01
1.053789483621288880e+00 3.556208669190235483e+00 -6.161026622633869465e-02
1.062019782889986885e+00 4.089966696626838427e+00 -2.703039667040023630e-01
8.875480887863442803e-01 4.419671824739779709e+00 -3.474636879403085743e-01
9.593577608085102071e-01 4.069762224696740205e+00 -3.958366818273812981e-01
1.027219401921296793e+00 3.816463215265869735e+00 -3.579987662002181992e-02
1.560820168622205628e+00 4.401787938071215933e+00 -4.355175771351760261e-02
2.433798153229217220e+00 3.984053274840363201e+00 -4.734107943485810210e-01
2.361739527733115906e+00 3.895661577831322830e+00 -2.355718477297248370e-01
2.087174218331130149e+00 3.886728606474475711e+00 -2.821279383932182583e-01
2.315226472812643266e+00 4.271371016892672401e+00 -3.799145658149800653e-01
1.748106471932612038e+00 4.333389766069592142e+00 -1.823929482536161828e-01
2.032379782988035899e+00 3.795586708299040879e+00 -1.214164565268909257e-01
2.225104235103271932e+00 4.061304782415280812e+00 -1.248030694010502373e-01
1.577889802358910742e+00 3.550529773183928484e+00 -3.492338843999469589e-01
2.044973942535357025e+00 3.763833448635853784e+00 -4.910228235916047623e-01
2.444177102234922572e+00 3.854533479555463771e+00 -4.563845520495117825e-01
1.845017233777987542e+00 4.386267065672484478e+00 -4.672201656786896251e-01
2.267030067920718039e+00 3.504239095102755996e+00 -3.102769902391333545e-01
2.110944093129509369e+00 4.100643616754666709e+00 -2.972589364696354153e-01
2.079134917336983079e+00 4.497135937403765382e+00 -1.971587247245540908e-01
2.406988465272439370e+00 3.603231750058572658e+00 -3.570539537608290459e-01
2.137657983903290315e+00 4.194746965911912540e+00 -3.980814579886029492e-01
1.910827490488726355e+00 3.798027149025937632e+00 -1.122524816829209016e-01
1.805981583333378993e+00 4.273214600273316677e+00 -8.289743674370519955e-02
2.058296746799371135e+00 3.733995210098024486e+00 -3.349711895979652354e-01
1.703863918335130734e+00 4.353795418020645513e+00 -1.170321249190244828e-01
1.679127312011377882e+00 4.474347257101710440e+00 -1.356681295183008729e-01
1.767830358789574063e+00 3.640120846543879907e+00 -2.213379887929196599e-01
1.927644896820826403e+00 3.910221629629807794e+00 -3.610015085804629820e-01
1.833589786359379303e+00 4.271117556102415946e+00 -2.016468047536417174e-01
3.121435733004798152e+00 4.216376986745725475e+00 -4.674250267752597665e-01
3.371365511286160910e+00 3.988645617912929708e+00 -3.846888184583416859e-01
2.878371517106991462e+00 3.755137283198838105e+00 -3.955715284921854646e-01
2.740847735423837861e+00 4.183363290265921464e+00 -9.551201961095223680e-02
2.911282865108161033e+00 4.125522504538949420e+00 -4.592315670252897775e-01
3.055107632016088814e+00 4.130736257730355021e+00 -3.988792334951511975e-01
2.627628371868661716e+00 3.662094442201226485e+00 -4.054919109289691903e-01
3.166082179106140870e+00 3.732720782285873895e+00 -1.405013981635416798e-01
3.200084115728373035e+00 4.298437959681638887e+00 -2.675012947593131685e-01
2.902367065446862071e+00 3.859559172431504592e+00 -8.107839057689858464e-03
2.581926633493608847e+00 4.423292588056813912e+00 -3.849887156440168212e-01
3.386199539746669984e+00 4.133745590137479553e+00 -1.063537794720215146e-01
3.109241443071383060e+00 4.096822757072741794e+00 -2.795438614418106482e-01
2.902375117852779240e+00 3.655314353819544948e+00 -2.858395276378900007e-02
2.826130670122445565e+00 3.910815205757087298e+00 -4.305046568538930529e-01
2.538523758253310447e+00 3.577548775311248264e+00 -2.205797124417845367e-01
3.512262395705215923e+00 4.300883466016140133e+00 -1.102355007281552446e-02
4.199052771999429723e+00 4.184534240578994257e+00 -2.299846691432421153e-01
4.063551570122928780e+00 4.277257991784079394e+00 -2.632435622394506680e-01
4.123511683139268413e+00 3.706708338191187835e+00 -4.595303244675363885e-02
3.816058478260902831e+00 3.839873773903221377e+00 -3.719386596231277764e-01
3.991639208013040729e+00 3.531684615772919145e+00 -2.293536637213904328e-01
3.883313313907542863e+00 3.676410256111177333e+00 -3.916747265732833938e-01
4.228081524285061121e+00 3.526653258373810829e+00 -3.411172698417122007e-01
3.747369924104468453e+00 3.644154433741515930e+00 -4.398356031574852665e-01
4.416682987379910941e+00 3.573968330144406735e+00 -3.436324067815714756e-01
3.724429830845718215e+00 3.762065037757860608e+00 -3.416744641859992271e-01
4.060337971370380217e+00 3.606915626143168296e+00 -4.802402578800819555e-01
4.041356512267910261e+00 4.124990021766439696e+00 -2.297017148096500705e-01
3.929276177194358510e+00 3.692046665628335944e+00 -1.119723707236666144e-01
4.065159225384171293e+00 4.479267182887536336e+00 -3.856291277193175659e-01
3.540783551531848872e+00 3.658980921733206770e+00 -3.807735377213230521e-01
4.140279290975861670e+00 3.660830900886232087e+00 -2.986457235393764620e-01
5.145564132751022868e+00 4.141496103739939372e+00 -2.131954793849768492e-01
5.210393172341202472e+00 4.409084090036742509e+00 -7.736234545129150320e-02
5.237272855091099188e+00 3.644329884923669383e+00 -2.121423574153382674e-01
5.245742192089579703e+00 3.935979652412239460e+00 -1.584301038314031018e-01
5.311637943074785539e+00 3.932930324927998100e+00 -4.839459362845666135e-02
5.239456796625873380e+00 4.471868145634498859e+00 -1.689732838992661357e-01
4.866107095419653916e+00 3.743992159839004685e+00 -2.572992239612190701e-01
4.582334535559720479e+00 3.796689560668646379e+00 -2.441840207745631375e-01
4.916471686936663588e+00 3.646323642232495388e+00 -3.359700381996191254e-01
4.943096121115129193e+00 4.022829945097900151e+00 -4.242268333094223465e-02
5.490222354479238120e+00 3.919513678301399295e+00 -1.249243841592697635e-01
5.252441098694578869e+00 3.850201194605400445e+00 -3.015325400594850436e-01
5.022311155322530141e+00 4.028691840678455094e+00 -2.922748478193746280e-01
4.825190514824079457e+00 3.517559187062269999e+00 -4.369271859097949573e-01
4.893438472516894677e+00 4.232789148720531358e+00 -1.196503863948521484e-01
4.528136395080014864e+00 4.221628406532182964e+00 -1.166446787130510643e-01
5.005330775857077086e+00 3.770389939303038673e+00 -1.578146221701892671e-01
5.060554872497224466e+00 3.564722370132619389e+00 -4.835061643838578505e-02
6.425133774844908885e+00 4.466393404088492503e+00 -8.194449598752306940e-02
6.055583019701231251e+00 3.975817561917285303e+00 -9.344683881207593856e-02
5.943495625128596416e+00 4.031830242722477919e+00 -3.353155868934720729e-01
6.158818385396397588e+00 3.750992879684581283e+00 -2.979474529321635146e-01
6.079309237932484677e+00 4.319216737165021414e+00 -1.191544528105481504e-01
5.577092127166437763e+00 4.431139172868350684e+00 -7.272719051894327436e-02
5.803413748010289197e+00 4.211865438306020337e+00 -3.614619840037534004e-01
5.807655177571167116e+00 3.566358383525809472e+00 -1.042550688511951762e-01
6.246856981423331234e+00 4.186756784102978912e+00 -2.608276210139308660e-01
6.088992751856629582e+00 3.871750783920560934e+00 -9.173394252385058678e-02
6.347008748966969094e+00 4.364727541952351686e+00 -1.827367860549067302e-01
5.816757554194410318e+00 3.589938184049145775e+00 -3.085555735491407603e-01
5.682497853795831944e+00 4.334542766805578040e+00 -1.138702711258687827e-02
5.723246839543271847e+00 4.348057924434453270e+00 -1.563911211236757026e-02
5.819612390715281691e+00 4.033313955251642824e+00 -2.115202832387925724e-01
6.199460294085945122e+00 4.270884112477965289e+00 -4.876530520683957093e-01
5.845221742415704469e+00 4.496694064352400488e+00 -2.168886420238482771e-01
5.661630028659981662e+00 4.068088749797620807e+00 -4.543971410655505139e-01
5.607424715631491807e+00 3.882879314837353490e+00 -4.283592317255369153e-02
6.194553451859810878e+00 4.427727728559492704e+00 -2.995270513668728540e-01
7.158376115729785383e+00 3.638061095145388890e+00 -3.286306815560617878e-01
6.644142390151856148e+00 3.666481746397151298e+00 -2.667688261258813753e-01
7.016366793027369653e+00 3.909621178373260619e+00 -3.469257904022189365e-01
6.542166117752611143e+00 4.022440954815920122e+00 -1.237513533834579960e-01
7.404714048983899843e+00 4.405899600446584685e+00 -4.822086638345588483e-01
6.936936636289669167e+00 4.228302613522160414e+00 -3.001586248558805181e-01
7.268112526126135009e+00 3.658221136546552898e+00 -3.251272183813540551e-01
7.278499131089322560e+00 3.916053340882092115e+00 -3.029075628724875457e-01
7.159328314032730844e+00 4.410971215890874930e+00 -7.041874132272063491e-02
7.358125237620416925e+00 4.023190562128629466e+00 -2.409907193133697945e-01
6.723616975537632712e+00 3.544817148124820960e+00 -2.991614016525758757e-01
7.168715929415331090e+00 3.745716274099514465e+00 -1.128127195323678222e-01
7.292379113496977538e+00 4.452629283499621948e+00 -1.157825237387282158e-01
7.245540557661177772e+00 4.194700937578552669e+00 -1.281325634544359104e-01
6.685982600465422365e+00 4.363418414860785077e+00 -4.033824593908637013e-01
7.041714073490087600e+00 3.894496579322652252e+00 -1.121834628795692623e-01
7.224093592453993296e+00 4.359701283203566646e+00 -8.605757746143893883e-02
6.917021744166081731e+00 3.838685050449653247e+00 -4.328839185045030291e-01
-6.802957016719424210e+00 4.517232493178418906e+00 -4.207533771705698200e-01
-6.820590797971419761e+00 4.956397818328667881e+00 -2.350677811703203446e-01
-7.320307490684810681e+00 4.988565342814791137e+00 -1.561402314936763958e-01
-6.779042441843677658e+00 4.734964398199494440e+00 -2.784590782277263088e-01
-6.825739978995041923e+00 5.452745876605261444e+00 -6.487493583351344739e-02
-6.831009418947487255e+00 4.583325302860165706e+00 -2.757242806069193364e-01
-6.704111567527188065e+00 4.659583547629347677e+00 -1.725193665472453119e-01
-7.304218246339202913e+00 4.765632889729772614e+00 -4.170910409875858704e-01
-6.822273989536582484e+00 5.122203468085404054e+00 -4.189306665619589864e-01
-6.685942962483162333e+00 5.212340264929599343e+00 -1.696890518482145893e-01
-7.263194199245682547e+00 4.553151232932785675e+00 -1.034794462831580830e-01
-7.078905372848224076e+00 4.503826748736418750e+00 -4.984707021790075743e-01
-7.296184060921815373e+00 5.446446527178387953e+00 -2.917532141553866865e-01
-7.043467492639916117e+00 4.514551716381472346e+00 -3.142674976242947338e-01
-6.934348788602526348e+00 5.046580403027252970e+00 -7.654891356805926250e-02
-6.206198760388114799e+00 5.013760731774695500e+00 -3.906392426276497076e-01
-5.720965287112293574e+00 4.515563205895722021e+00 -3.881554202391690467e-02
-5.892617519670316106e+00 4.838282049944632845e+00 -3.445949140074002770e-01
-6.286195376015033531e+00 4.628625128812920764e+00 -1.626104355085580266e-01
-5.602621817047070074e+00 5.277625301306745342e+00 -3.455014201014172670e-01
-5.560991857162806085e+00 4.518419747134934994e+00 -3.849538864115693571e-01
-5.893698688567451605e+00 4.990425507869677091e+00 -4.866911507629794187e-01
-5.957234917930285256e+00 4.846882318168562520e+00 -3.019868036628832186e-01
-6.169588213393600640e+00 5.084571179309596900e+00 -4.585362788993538885e-01
-6.379765242060427610e+00 5.305378281395931594e+00 -1.775398384468083179e-01
-5.625082170956457794e+00 5.166126696774481886e+00 -4.111921701615326441e-01
-5.683200986656084197e+00 5.131921661788400257e+00 -2.743654557143795358e-01
-6.448268818286067017e+00 5.024154789282633260e+00 -4.318484136610187818e-01
-6.473700555602345474e+00 5.498850902259224682e+00 -4.771972841301330703e-01
-6.197615499131441830e+00 4.864201866954271480e+00 -8.049556854427208918e-03
-6.041009360813015761e+00 4.587089757863632045e+00 -2.931087411450992164e-01
-5.918149443230716678e+00 5.456347724775730157e+00 -1.946756340404576235e-02
-5.608826266068364319e+00 5.135714269929867015e+00 -2.279875244963207592e-01
-5.567564572350763186e+00 5.209684530385684909e+00 -1.898674004825249284e-01
-6.386192355593915515e+00 4.774868137618828001e+00 -8.820749246000048061e-02
-5.718494028376749583e+00 4.593260803703074657e+00 -2.312546618521995612e-01
-6.009278510247992422e+00 5.316532892547378708e+00 -1.610824055607640304e-01
-5.212646507663194484e+00 5.037051890018311440e+00 -3.179190134300249326e-01
-4.946430343825634957e+00 5.314209669608516151e+00 -6.372546111271226721e-02
-5.129572031942064569e+00 4.570577365015864757e+00 -3.458775995450231733e-01
-4.639431955667690843e+00 5.168211118822956252e+00 -3.616100148580390083e-01
-5.042340557567153603e+00 5.375639004017871869e+00 -3.695312379229847011e-01
-4.832919801556128547e+00 4.964657132178038168e+00 -1.393663232124193740e-01
-4.567333471581410009e+00 5.371477139766621889e+00 -4.757905462383860140e-03
-4.889736934199222951e+00 5.194994737566457133e+00 -3.968553119026285714e-01
-4.846144447760485363e+00 5.306956006492240974e+00 -3.294447873252952519e-01
-4.988220192360174998e+00 4.642255915952006262e+00 -4.644482846858988268e-01
-5.363609551094630667e+00 4.583277423770528713e+00 -1.577735514092193370e-01
-4.566611703944798428e+00 4.772354857437015596e+00 -2.873414163530210175e-01
-4.876906766697938878e+00 5.288987927981578352e+00 -1.726565684213312579e-01
-5.274414072283184929e+00 4.989034384244773079e+00 -1.505114819495929623e-01
-5.191633844037567336e+00 5.272593755251669734e+00 -7.620797073609786310e-02
-5.027091026513750727e+00 5.403603032582850574e+00 -5.861371007707560921e-03
-4.157583009450695144e+00 5.344062827503133661e+00 -3.856030426900378671e-01
-4.422631439480647408e+00 5.427962090565284115e+00 -3.815207658748853703e-02
-3.651385795321368199e+00 4.524610828742668289e+00 -4.947184487426756760e-01
-4.282003394067057656e+00 4.507712152059742294e+00 -4.751359749941901356e-01
-3.669320050208132233e+00 4.518204391211675386e+00 -4.151339989176996426e-01
-3.819439394151427969e+00 5.129494903828135222e+00 -1.953326475274330676e-02
-3.848071310862162253e+00 4.684343067439540320e+00 -2.423017128935960329e-01
-4.348384672291582653e+00 4.673591248806449272e+00 -1.848268032324114074e-01
-4.159449444201689161e+00 4.788578708154004104e+00 -4.004243444155193288e-01
-3.894364729518254187e+00 4.642855557765406260e+00 -3.517593617061773870e-01
-3.506284365947048620e+00 5.092464599565282413e+00 -1.421117012377060007e-02
-3.957833665675510648e+00 4.517511841021672581e+00 -9.479499495350474092e-02
-3.562586306836812877e+00 5.465593660102655349e+00 -1.654833932839849808e-01
-4.077888163630216667e+00 5.230029250591478274e+00 -2.546603907317681603e-01
-3.593411004005232723e+00 5.345540740322292095e+00 -4.896106894281135880e-01
-4.413209148695821149e+00 5.244287992160913348e+00 -3.036463251147338838e-01
-3.562717615003211602e+00 5.001900891759541778e+00 -1.519445227021130052e-01
-4.338932452744952428e+00 5.354464638477114846e+00 -2.295450188164842587e-01
-3.735019141372886153e+00 5.369774544058532939e+00 -1.904528664756099943e-01
-3.723996000474939283e+00 5.459747778041920796e+00 -1.586318771032679820e-01
-3.577791675259781368e+00 5.323481254224898152e+00 -5.623239022659376474e-03
-4.433111358727339635e+00 4.651956153717140552e+00 -3.717294542508664534e-01
-3.603574621332338523e+00 5.491472047047539107e+00 -3.791482049757668449e-01
-4.224550178303558390e+00 4.999922673797570383e+00 -1.003771408747464733e-01
-4.090251867842670030e+00 5.486418049539114605e+00 -1.259419654895825857e-01
-4.460788904617110973e+00 4.753705872443305225e+00 -2.406130612865400309e-01
-2.793817949006115242e+00 5.275914484852670228e+00 -5.421015738106049753e-02
-3.306259710936823026e+00 5.345414952576870604e+00 -2.547745775477441299e-01
-3.499962037264234382e+00 4.845890266842669547e+00 -2.588324067836573761e-01
-2.754187213882143936e+00 4.921759639688584542e+00 -1.436277712983127230e-01
-3.115145732827784286e+00 4.845191773388282996e+00 -2.849229274456526184e-01
-3.428967695163532170e+00 4.853502122072750780e+00 -4.148448654433618543e-01
-3.476494173245976427e+00 4.957980010656644509e+00 -2.371119405808777003e-01
-3.317788382107503153e+00 4.691627668609527291e+00 -1.191462458667977842e-01
-3.343372004728323077e+00 4.860372480737296996e+00 -7.665681734197171693e-02
-2.681455334705626470e+00 4.972994917347616450e+00 -4.832281923893333442e-01
-2.948949073471995419e+00 4.796399333371621054e+00 -3.200857228091553708e-01
-3.354919462852036460e+00 5.061660486492414179e+00 -3.966494059912051284e-01
-2.650672634840154807e+00 4.660045175707194787e+00 -4.789495147597282454e-01
-3.106752354893537849e+00 4.583129959818707633e+00 -4.377483264215218384e-01
-2.694619629517128523e+00 5.067994351016359644e+00 -4.138740945386132353e-03
-3.010560117393367818e+00 4.603040003110404399e+00 -1.734520604671008215e-01
-3.487263639629359702e+00 5.099046908536687184e+00 -2.964978032230050076e-01
-2.876994326737710495e+00 5.304751077106264034e+00 -7.409807600649109816e-02
-2.700015498380702539e+00 4.984930240127578571e+00 -3.363385373287517410e-01
-2.572938193187429334e+00 4.635058358464949180e+00 -4.338705262958200137e-01
-2.851088302956165776e+00 5.199359233757551380e+00 -7.471170062073007045e-02
-1.874302800017378701e+00 5.002500911224242230e+00 -4.058843294328866591e-01
-2.194484705273126224e+00 5.031412092288565674e+00 -3.347442770870454609e-01
-1.896034060310419989e+00 5.192891934466597803e+00 -1.554169940361287416e-01
-1.873746246672125082e+00 5.158527994511759474e+00 -1.120969436605090408e-01
-2.385627586211204409e+00 5.159100973949630742e+00 -1.556463552630429348e-01
-1.833308688103407746e+00 4.948939588687753854e+00 -3.687794848246923607e-01
-1.503132249210096916e+00 4.723185242388822758e+00 -2.362232010249201153e-01
-1.895926097251764197e+00 5.333559756424804732e+00 -4.622625698602806921e-01
-2.288734291978494539e+00 4.831669693465425297e+00 -3.061473151371902901e-01
-1.743525190361252086e+00 4.963404067324649560e+00 -3.480848598298429408e-01
-2.022885843220127988e+00 4.860305275885343335e+00 -1.225717107601926870e-01
-1.640576330516177350e+00 5.363000783279051831e+00 -1.173295697142968663e-01
-2.447329453041465541e+00 5.049028283851814791e+00 -2.858150046671781297e-03
-1.766772297641891143e+00 4.539795837677175427e+00 -1.889658971054508640e-01
-2.464595046102003195e+00 4.603076905119138473e+00 -2.656986580082438820e-01
-2.195327794157289070e+00 5.459193868319452747e+00 -1.478007723291874242e-01
-1.581558928284996668e+00 4.818770863626781420e+00 -2.940981723449613838e-01
-2.448859915458344361e+00 5.244936652705900926e+00 -7.660120496916889010e-02
-2.103415518197799372e+00 4.695378514925623747e+00 -2.578768873255050664e-01
-2.076980245557367155e+00 5.330508021092132509e+00 -4.626030142550554558e-01
-5.863895551000375406e-01 5.365118295306466223e+00 -1.536390584733045017e-01
-7.054982749698242017e-01 5.345314316106899000e+00 -1.802513931450100415e-02
-6.696455016378166647e-01 4.862894699661735487e+00 -4.665612678121160428e-01
-1.305231056055104588e+00 5.214081340233642337e+00 -2.293724216780592684e-01
-1.256269942552584951e+00 4.587708715631690026e+00 -3.305817626800653386e-01
-1.383000914696092210e+00 5.265873116848961644e+00 -1.841410617398935301e-01
-1.316885770823772894e+00 5.398753167099103578e+00 -3.296213742487328346e-01
-7.464984418749036621e-01 4.902747385401735158e+00 -1.659358133595674190e-01
-5.855776408630912755e-01 4.578059675860128408e+00 -2.504833338297647316e-01
-1.486492149339593283e+00 4.603892437698689832e+00 -1.677010609984819212e-03
-9.065215115899301068e-01 4.505387166135477628e+00 -2.314561801242120964e-02
-1.334338700761818153e+00 4.753812500947049102e+00 -4.821075701369679223e-01
-7.677849353910817243e-01 4.733300889524251431e+00 -1.413828405590979997e-01
-1.065180104841954467e+00 5.003984321913545585e+00 -9.875192094060558645e-02
-1.401869568002303446e+00 4.821958829267819269e+00 -3.832873214252785488e-02
-8.475703541308501343e-01 5.137759256446265965e+00 -3.199846043619558600e-02
-9.599544638037222910e-01 5.046239541843785759e+00 -2.576086650669111577e-01
-6.421428741263488504e-01 4.690766969567430777e+00 -2.928026866691872954e-01
-1.335293277169355974e+00 5.425761698656575760e+00 -4.736143342393592803e-01
-2.110089071731797716e-01 4.728924971339914407e+00 -1.518155031615791017e-01
-4.227185874033168034e-02 4.603044483830279532e+00 -1.102355686563569748e-01
-1.445762538621506721e-01 5.429173689170294637e+00 -1.204748824119743489e-01
-6.499667817609733333e-02 5.414542299523898095e+00 -3.937273552794984255e-01
-3.394827438127840935e-01 5.282612083508912093e+00 -6.946885078261288982e-02
3.270008282600489480e-01 5.062726749233073420e+00 -4.320303627757837717e-01
-3.870247602480256788e-01 5.393217213591412929e+00 -1.747974149549467171e-01
-2.634408812896573693e-01 4.593335237914576652e+00 -3.020744250065021674e-02
4.299596929160731662e-02 5.091627953319219912e+00 -2.539788440823702587e-01
2.900383226294129813e-01 4.601277929443533310e+00 -4.860947961523578442e-01
3.215230034415226257e-01 4.563392635466680503e+00 -4.584472567118975661e-01
-4.552011578915298173e-01 5.397866318158310861e+00 -7.115820390031579734e-02
-2.211772654451760189e-01 4.672717756168154324e+00 -1.546064907803774702e-01
-4.760587962060318645e-01 5.257310753317764096e+00 -2.145358662437715225e-01
2.392775840815684063e-01 5.467659227999833504e+00 -4.124466381428586459e-01
7.112627563271978204e-02 4.782132405165281597e+00 -4.989666795831269042e-01
8.920349200699408954e-01 4.595551633846564954e+00 -1.829273005259590690e-01
1.278025269409820197e+00 5.034581506683320384e+00 -1.867343741360105724e-01
8.382359689750273901e-01 4.953799304725166053e+00 -2.196155802768604559e-01
7.545507447485491070e-01 4.509981825074660833e+00 -2.575528206091703964e-01
7.617539108661635083e-01 4.734192576154033105e+00 -3.742443718106489570e-01
1.070113580416574450e+00 4.609196905853837123e+00 -3.749720580390025759e-02
8.083604461578488554e-01 5.165351575349490076e+00 -4.754456068759687071e-01
6.927725759042449027e-01 4.662020915782855823e+00 -4.393331957734982751e-01
7.196333677476225432e-01 4.537834839879156590e+00 -4.074253368047262569e-01
6.795497904772833664e-01 4.668779305040546390e+00 -3.167363576113260137e-01
1.130737948990063302e+00 4.829264872913483941e+00 -3.454398094409611986e-01
1.233506563959798186e+00 5.372863526270046819e+00 -1.055111404489643689e-01
6.430070652646691087e-01 4.970911688807133189e+00 -3.675617570704847736e-01
8.935720165098199885e-01 4.886464445282555857e+00 -3.420939507950038205e-02
9.932250858329929599e-01 5.485529604455846808e+00 -1.470151075013177433e-01
1.261727077133041774e+00 4.973618266548360367e+00 -2.187926793124539415e-02
1.303908483143963792e+00 5.000479070713446106e+00 -4.770481019908334730e-01
1.180955231339018141e+00 5.079933810957303564e+00 -1.369923105152288656e-01
8.320384721570093234e-01 4.847940258794839252e+00 -3.540439777317700987e-01
7.322587722608648875e-01 5.495972814601003620e+00 -1.526662211009295333e-01
1.363716300130981551e+00 5.085850538602054272e+00 -3.792244342676021063e-02
1.408715399195910933e+00 5.459515621132347007e+00 -3.715064203990010583e-01
2.105475965062211685e+00 5.491295861730829841e+00 -2.658230384673689883e-01
1.599411347968768382e+00 4.677225180480011346e+00 -4.959088971839324955e-01
1.898598754819518675e+00 4.682260348054093413e+00 -2.200798721499239718e-01
2.097166500873905548e+00 5.131199283380283305e+00 -2.318209214544282304e-01
2.237855737686828661e+00 5.221290979910804708e+00 -3.404777578124527082e-01
1.935923110572300487e+00 4.886281821005928450e+00 -2.560334518364708600e-01
2.344441493480607264e+00 5.270472123635395079e+00 -4.823591725342986081e-01
2.228694474515352297e+00 4.892937111060570388e+00 -1.872128100671979212e-01
1.665858334303374377e+00 4.575570489173188093e+00 -4.883128760402328794e-01
2.452359549390209281e+00 4.755431916235234979e+00 -1.915655289212647716e-01
2.462138366296377612e+00 4.621343877998087990e+00 -4.778160455555280350e-02
2.085509689008537393e+00 4.754366929798749197e+00 -1.191608498159855145e-01
1.521009376542103553e+00 5.016127775753989937e+00 -1.446196145309173176e-01
1.597408760726690247e+00 4.808139994701187803e+00 -3.131913617216213197e-01
1.978279344364114678e+00 5.401736931998708968e+00 -2.856340524537461789e-01
1.690918147151954543e+00 5.199665666254897900e+00 -3.055578897990862686e-01
2.499120634774362415e+00 5.026214377456113880e+00 -1.959662390530834131e-01
2.654238246909303101e+00 4.545985537452025937e+00 -4.334766532278617746e-01
3.324561286164993135e+00 4.901831832153828117e+00 -1.950688652140879498e-01
2.619112848311441866e+00 5.322898755619569044e+00 -3.111319174435109858e-01
2.730078282193183270e+00 4.923176169506525923e+00 -4.854740595146722626e-01
3.237976626267883518e+00 4.579012265222939249e+00 -3.620574383555918985e-02
3.478148633057909223e+00 5.444293818518367800e+00 -2.865556692486563861e-01
2.836899362238838762e+00 5.189913981097417306e+00 -4.431532712740455793e-01
2.704437790021756882e+00 5.018525750195081514e+00 -1.482441304166570717e-02
3.194757755539757937e+00 4.750533969378377463e+00 -2.909699790313347023e-01
3.425618457761324009e+00 4.517884784588842351e+00 -3.342881073294243777e-01
2.539797534354818254e+00 5.433822343295684476e+00 -1.702265107702185531e-01
2.589514101088440157e+00 4.724995813415748813e+00 -8.372964117912573556e-02
3.364589323148550193e+00 4.858521651811953390e+00 -4.814034520586627508e-01
3.249075842378186252e+00 4.649387056660319928e+00 -5.611216644132177578e-02
3.390673453483488586e+00 5.001243392232716189e+00 -3.638808699536077995e-01
2.864346245249455691e+00 5.393122235704913336e+00 -4.277369380395477094e-01
3.276383587194992231e+00 5.122638434996883205e+00 -1.002375977309704069e-01
2.503105504460334529e+00 4.522108987160853744e+00 -3.223597042134063173e-01
3.197546627112007656e+00 4.998512990992814764e+00 -5.952920773552072831e-02
2.782050880342904264e+00 4.902735643262616350e+00 -3.434316593672033235e-01
3.253045686329109287e+00 5.241974569039815179e+00 -3.397479394806630637e-01
3.232182151131807402e+00 5.177043602060562577e+00 -3.363435525920355218e-01
3.365206928443470247e+00 4.642455040527822874e+00 -2.778394166842588220e-01
4.472662742819757398e+00 5.307012784672654249e+00 -1.307703649384688305e-01
3.759892333869514047e+00 5.294621209323100430e+00 -1.142626420205150595e-01
4.235342876132339285e+00 4.908300052742491815e+00 -2.429748682351551281e-02
4.106001488465574667e+00 5.217012927351959206e+00 -3.378573912853806149e-01
4.404992411994545165e+00 5.180612370532507782e+00 -3.245696382702725202e-01
3.575672904460198254e+00 5.142834313937527213e+00 -2.805722682327456141e-01
3.891653592882887480e+00 5.381426134409860396e+00 -2.277576572431296853e-01
3.550702804409581859e+00 5.175958363344269841e+00 -4.930288953752572922e-01
3.525542839383893678e+00 5.225801197951614796e+00 -1.871207170694955124e-01
3.692063578587207573e+00 4.976112015583703752e+00 -4.627035282006399797e-01
3.693504663966269419e+00 4.986767171174470548e+00 -2.922355857896832276e-01
4.028038552216825607e+00 5.261433258757751474e+00 -2.954892195372504915e-01
3.730139172050630947e+00 5.122398117151966801e+00 -1.195302768566541829e-02
4.469681674995371168e+00 5.179236098745571226e+00 -4.820905839275191340e-01
4.204624509190816539e+00 4.592618104989231398e+00 -1.224617541794188469e-01
3.817319501962060713e+00 4.961850878222424654e+00 -3.520789040890051069e-01
4.436299813304437123e+00 4.732300248475958426e+00 -4.964664853937090783e-01
4.186443362549601588e+00 4.968230021590892775e+00 -3.277762113940241306e-02
3.624565349238249468e+00 4.733572156176279577e+00 -3.292406480064915542e-01
3.705252407184524088e+00 4.953515571939334450e+00 -1.698432703971324287e-01
4.319475349689398058e+00 4.822423633610412708e+00 -4.284152921222315058e-01
4.526714165400981926e+00 4.921023235077434776e+00 -1.613441239139632444e-01
4.775632840608949437e+00 5.214278475084766384e+00 -4.999317545566253074e-01
5.159726748596586532e+00 4.854838979273868205e+00 -2.169926351852424773e-01
4.609356809279132605e+00 5.489780585430271032e+00 -3.948991406937949478e-01
4.519177253851569986e+00 5.342814994603788392e+00 -4.507220434843368650e-01
5.131323725781484768e+00 5.153954167681771281e+00 -4.113709271072121254e-01
5.042073722195951291e+00 5.378051413135203518e+00 -1.851429411991798446e-01
4.594865712810872083e+00 5.214529366418952705e+00 -2.691424839014988635e-01
4.694129586047314007e+00 5.433968346235339197e+00 -4.184703334672601471e-01
4.953749482483869926e+00 4.911004948063794728e+00 -3.759871725338861381e-01
4.535448993067941359e+00 4.632229711000714900e+00 -1.774510358996117532e-02
4.949352431780010164e+00 5.103142496107325954e+00 -3.118336814045647998e-01
5.051469348325007047e+00 4.548826633059174895e+00 -1.618744824203091071e-01
4.802578068874357342e+00 4.645853387659464317e+00 -1.564772013712403265e-01
4.973801971773340824e+00 4.627798997234037870e+00 -3.093094559696343282e-01
4.597361714455610482e+00 4.902112084006795101e+00 -4.328807923045037143e-01
4.946917819282781181e+00 4.671460470557949662e+00 -3.166460576106775449e-01
4.563870126198313670e+00 5.247779908203678900e+00 -2.720947188779483383e-01
5.917457146099650345e+00 5.421237403945390554e+00 -3.924381239998755433e-01
5.546980326455461352e+00 4.596865070127398312e+00 -1.279247337817377428e-01
5.609043472102136718e+00 5.266532003600373102e+00 -1.398535709203123645e-01
6.223619434298740316e+00 5.454094071902552798e+00 -1.360275627495681761e-01
6.473427684618432210e+00 4.933707509406341174e+00 -3.629500971954868760e-02
5.839944659540874383e+00 4.667312660125890744e+00 -3.741996385791193092e-01
5.877396789349788264e+00 4.926123477160974318e+00 -2.525240338682781527e-01
5.874696520720497972e+00 4.884767186791769689e+00 -2.097347557660214079e-01
5.813816420140213381e+00 4.572732213569032922e+00 -1.430698960760370397e-01
6.203052300786978890e+00 4.586253490864027782e+00 -6.142170597839324842e-02
6.125658585344494256e+00 4.690510818254798764e+00 -4.721263907236803448e-01
6.497704913332956522e+00 4.779959861882895567e+00 -2.874817407227965305e-01
6.147356125633180568e+00 5.149716033975646923e+00 -3.469152757327229608e-01
5.829173613573916057e+00 4.718196976656376052e+00 -2.529157959134948896e-01
5.637264381268259683e+00 4.893169442442069084e+00 -2.528793418589909692e-01
6.101732622752063406e+00 5.236414613612689450e+00 -4.037995071531739200e-01
5.551382461394407386e+00 4.521418650531440875e+00 -4.751739809428929817e-01
5.541770479640151237e+00 5.011765414297162380e+00 -4.456825768802179510e-01
5.647660632446662277e+00 5.156166530756053135e+00 -1.471953525241396221e-01
5.854146133695381948e+00 5.409569879948547211e+00 -4.330599683970781655e-02
7.197687934303644397e+00 5.165125417273161545e+00 -1.472373506156205991e-01
6.976967833703110244e+00 5.369954845525537479e+00 -3.542279608806264690e-01
7.345373307639672333e+00 4.714128245211316681e+00 -4.289348226066387326e-01
6.520359135526140548e+00 4.969479380831600679e+00 -4.279160292291326328e-01
6.514155839335975529e+00 4.532497414746607944e+00 -4.100473695755972869e-01
6.804287867228868691e+00 4.677080974009362180e+00 -1.170207975385579857e-01
7.329346558354286501e+00 5.045175315639909286e+00 -2.785972378423480222e-01
7.312938983316335850e+00 4.950325854075765974e+00 -5.897028381446567380e-02
7.364219328844265888e+00 4.575176846692244226e+00 -3.593387258649443083e-01
6.696494782385734368e+00 4.970185928083672877e+00 -3.362481420615104355e-01
7.129710912939202672e+00 5.305678309352309441e+00 -8.536830673253703594e-02
6.501862249104966907e+00 5.477345720762444969e+00 -3.587284996074195931e-01
6.722475278481546468e+00 5.184111662205474147e+00 -2.487608648248169629e-01
6.611796945651978064e+00 4.602972935094033602e+00 -4.394737822948560080e-01
7.416810671081204731e+00 5.153656193762103044e+00 -2.166416914777560265e-01
6.913469958252273173e+00 5.320072853508165167e+00 -2.204510639761476654e-01
6.817981659873144196e+00 4.941980439644169110e+00 -8.904677037964248143e-02
6.691790733409032299e+00 5.430046580108205845e+00 -6.549531828314059112e-02
6.811192230564378391e+00 4.501498962915025714e+00 -1.418141918839825877e-01
7.339557743943540657e+00 4.814036185187749339e+00 -3.948597775493336570e-01
7.259331480020891902e+00 5.217832384568851012e+00 -2.933512935208959505e-01
-7.339160073311201238e+00 5.935268159949218969e+00 -2.144650203590252602e-01
-7.139090410238458695e+00 6.288671995992231700e+00 -1.032272490772108142e-01
-7.104467007031297854e+00 5.876029842570780204e+00 -1.493735688449504551e-02
-7.310214382110229892e+00 5.862189674343719403e+00 -2.846642810320503258e-01
-7.147252601211603995e+00 6.178646135171566911e+00 -3.346235130345114328e-01
-6.549583903561850384e+00 5.556423245458399052e+00 -1.627809179052395194e-01
-7.026659154759229864e+00 5.844596757299587608e+00 -2.451723388109616764e-01
-7.109106418820577034e+00 5.571858576523242235e+00 -8.878360761806369794e-02
-6.564589601624802206e+00 6.285942095428715959e+00 -4.847110852847009710e-01
-7.290538290759811524e+00 5.598525625420570861e+00 -2.670648862787672329e-02
-6.750234803846564269e+00 6.316825296125454514e+00 -2.124702844673667101e-01
-6.840884753684309594e+00 5.694486554557879998e+00 -6.106741313397634485e-02
-7.154145853287103840e+00 5.820879313248809694e+00 -1.504257018023569259e-01
-7.280591588922933788e+00 5.607787588461885520e+00 -9.231361687224826085e-02
-7.065705545802427601e+00 6.248247405675012800e+00 -4.942222565907705700e-01
-6.712315261939248323e+00 6.229115853001800929e+00 -4.421238132004585708e-01
-7.325813191353617526e+00 6.270715498721060044e+00 -4.913315184679323266e-01
-6.592037302196746218e+00 5.560752563847170649e+00 -1.701111429115318430e-01
-7.064177643062618195e+00 5.682756335269571579e+00 -4.088134881414440258e-01
-7.075873160086338487e+00 6.295548543436897404e+00 -4.513746478614883983e-01
-6.927707741852019652e+00 5.938864138506440682e+00 -2.302570420433909248e-01
-7.414807754473865309e+00 5.598904127569387157e+00 -3.112755848520603053e-01
-7.083933258247212095e+00 5.882297481237330317e+00 -7.743041611393941537e-02
-7.009028553703758213e+00 6.113519150679600500e+00 -1.021156409141568133e-01
-6.340949396231555291e+00 6.000443672544106377e+00 -4.510390686219025724e-01
-6.276006517685157604e+00 5.869050582758021051e+00 -2.022731142463669585e-01
-6.495944876058377560e+00 5.819170905854939235e+00 -3.937366746904782389e-01
-5.836906946646381655e+00 6.097971203082003910e+00 -3.608675437355124416e-01
-5.529837903885238326e+00 5.947659187565395911e+00 -1.412286838213727691e-01
-5.587291520610878415e+00 6.313240021616152831e+00 -1.430095854734059202e-01
-6.456941436291239178e+00 5.510036761497250524e+00 -3.678805768274386878e-01
-5.887300436865709585e+00 5.517639759468053740e+00 -3.477840956799198580e-01
-6.160027954282316642e+00 6.263338938063437666e+00 -1.248584358212667667e-02
-5.882200126213185776e+00 6.398092665562856496e+00 -3.852320618278728404e-01
-6.005399378581085301e+00 6.306162787372379341e+00 -6.049282183048809713e-02
-5.603716917412141285e+00 5.738559734414550917e+00 -2.719663423836244931e-01
-6.241535012454732190e+00 5.756125006107613018e+00 -5.569692215054899975e-02
-5.837867429818324183e+00 6.284329984478230102e+00 -2.560579700311826912e-01
-6.160710281301417623e+00 5.984196787188658107e+00 -8.084326384111939490e-02
-6.151962992888621251e+00 6.359701077481835441e+00 -4.288667361185893867e-02
-5.903739116147803223e+00 6.421671807800549914e+00 -1.415569048024138965e-01
-5.629869376313566320e+00 5.551968219545571515e+00 -2.744266685598457656e-01
-5.545470447049671847e+00 5.503690500184521994e+00 -1.853779800364172559e-01
-5.801076310779267331e+00 6.409249056030288827e+00 -2.535885603250047637e-01
-6.479736056346818707e+00 5.713136989308157609e+00 -2.812723580231892839e-01
-5.038194390462328087e+00 6.173792155694613371e+00 -3.309498374117758601e-02
-4.939126313901008203e+00 5.837417989728169943e+00 -3.918492058502778264e-01
-4.825972236702002149e+00 5.707904611250819826e+00 -6.547890979463488748e-02
-5.317199351542731378e+00 5.971098811905035220e+00 -3.438044232686756629e-01
-5.474949006142927566e+00 6.228715331913964093e+00 -3.566253554034766182e-01
-4.925582580794120702e+00 6.416294575363231445e+00 -1.708936921244283980e-01
-4.754642938213514469e+00 6.458696516688945621e+00 -1.591870633426886172e-01
-4.580712124240142735e+00 6.453854001142296681e+00 -3.499188649242999105e-01
-4.643383158798524590e+00 6.362780319212033575e+00 -3.931831032041692708e-01
-4.791127733187937388e+00 6.086632102512139042e+00 -3.003758371165332619e-01
-5.072333098058992462e+00 5.855351888343426126e+00 -4.351455984682832678e-01
-5.435620351631651914e+00 6.456109983978873146e+00 -2.961335244771579056e-01
-5.149629979596821450e+00 6.191430527825151131e+00 -2.492626281924703591e-01
-4.955694907375497671e+00 5.673900583989764712e+00 -1.003245047257586009e-01
-4.620801192698978710e+00 5.734065045551407280e+00 -3.449782138798465070e-01
-4.904921894140223948e+00 6.416929123136942081e+00 -3.898890861644161987e-01
-4.728725709677980227e+00 5.957186884344867650e+00 -1.830743267197494362e-01
-5.422569012203367400e+00 5.711861200815700812e+00 -2.626587129655977293e-01
-5.132383250957541776e+00 5.668726268640615018e+00 -4.393895800938008023e-01
-4.998999274496324752e+00 5.593486725683799676e+00 -2.168071394399255780e-01
-4.821374989727543081e+00 6.240265882969072919e+00 -3.853840840705800019e-01
-4.886402821726330892e+00 6.385354205771310632e+00 -3.116105802329691699e-01
-4.753274513565918014e+00 6.325720918585815866e+00 -8.162331865304572887e-02
-3.720626885222148239e+00 5.561887384116264599e+00 -3.646602498647091295e-01
-4.332870255143267180e+00 5.834722966533195887e+00 -7.355159530222721287e-02
-4.475190117290058112e+00 6.125616964451966240e+00 -2.356434531688957890e-01
-4.400123360958010821e+00 6.121497864397296595e+00 -1.305056177850154597e-01
-4.119192797514627635e+00 6.286641333544402244e+00 -1.351513024851467293e-01
-3.523368385801635583e+00 5.793962495002983104e+00 -1.092050107173907492e-01
-3.766210747249223889e+00 5.584723585062272733e+00 -1.919489618141980714e-01
-3.697863749225239527e+00 5.826972512413966854e+00 -3.363942434104298940e-01
-4.066389062784356412e+00 6.247390293166304787e+00 -3.156189487088081336e-01
-4.187135852277724446e+00 5.633239696245329498e+00 -1.556761275607581041e-01
-3.659077221824651893e+00 6.252163407261345895e+00 -3.924075463659502105e-01
-3.529167008739594102e+00 6.164168431920867164e+00 -4.059225701389532759e-01
-3.860888471520675935e+00 5.924274287207733636e+00 -4.907082744008750552e-01
-4.015076948028750259e+00 5.599764532721952293e+00 -4.987119470440504188e-03
-4.168490780775527149e+00 6.041406945343000601e+00 -1.989521046590532194e-01
-2.711430398591108570e+00 5.870418955617786594e+00 -3.218718350322564703e-01
-3.152231752083485716e+00 6.160090992179974023e+00 -2.895035142206889844e-01
-2.754561929461303293e+00 5.747295485556652039e+00 -2.381493360142705740e-02
-2.649064566345199268e+00 5.883715652972803412e+00 -4.256414798151553214e-02
-3.302651614291992388e+00 6.017968491582562862e+00 -3.253273346220471041e-01
-3.067250278013898601e+00 5.914684323547753309e+00 -1.388520558382229098e-01
-2.762369282731537368e+00 5.984779027835278598e+00 -4.045449022545071216e-01
-2.881238671512517335e+00 5.501589312086634820e+00 -2.112626622275755039e-01
-2.503514359831827463e+00 6.127067450331125542e+00 -5.636275914517518970e-02
-3.485305212101948769e+00 6.018623666930015048e+00 -6.801249058019998017e-02
-2.520129938615514931e+00 6.110622525265895888e+00 -1.746766116575031447e-01
-3.263710885957808117e+00 6.273940259881801040e+00 -2.095797863771480252e-01
-2.740891366390996176e+00 6.188665909668252141e+00 -2.167625957888219546e-01
-2.628969620061365475e+00 6.215970753178158503e+00 -2.716912584733304215e-01
-2.545526555519145973e+00 6.410412390563548612e+00 -4.765077651444880047e-01
-2.520674328171489620e+00 5.713088834918615078e+00 -3.655136856474303642e-01
-2.025959943056968804e+00 5.531934257485527695e+00 -4.876387702328184304e-01
-2.077000441128541652e+00 5.884016562966515096e+00 -3.388241315207007887e-01
-1.730491194476615036e+00 5.701801711227698632e+00 -1.928569784140545806e-01
-1.807104900203670539e+00 6.308428523915260655e+00 -1.890576201703950687e-01
-1.528676969566581612e+00 6.337824790368529193e+00 -1.082441943420011654e-01
-1.741074060710794846e+00 6.465395952865470974e+00 -3.513255875380796311e-01
-1.505450352088113952e+00 6.458599526305413008e+00 -2.812848149977540402e-01
-2.380403244591001055e+00 6.466079969722898113e+00 -5.371751288834047955e-04
-2.373600494576304953e+00 5.876957216073501300e+00 -1.402450543052573551e-01
-1.574030454380253019e+00 6.079001915668722944e+00 -4.148830863303167860e-01
-2.426372639595152592e+00 6.242655784789086226e+00 -4.009049519485401447e-01
-2.038011791754406055e+00 5.757205232945899809e+00 -3.800456352182202124e-02
-1.837019577883431509e+00 5.688474160394925150e+00 -7.129786825741923906e-02
-1.536212797154391296e+00 5.511549766939412009e+00 -4.140601613339534026e-02
-2.495537415487437016e+00 6.274839670761259924e+00 -1.708806890567515779e-03
-1.796938185246185427e+00 5.953349345425605676e+00 -3.274090130583182656e-01
-2.157078322314435859e+00 6.272100353903542924e+00 -3.020307761342131414e-01
-1.040293863963404064e+00 6.100154488104523764e+00 -4.780194015043814915e-01
-1.218541381150853198e+00 5.530798673023038958e+00 -1.562245145224672171e-01
-8.796299441847885703e-01 5.708545421015728039e+00 -2.402515204493926859e-01
-6.087229111579208762e-01 6.012006997544634856e+00 -7.252330048010513508e-02
-5.711478771029989687e-01 6.396540698314279183e+00 -1.433715793100809321e-02
-1.323358119329332894e+00 6.496776556148338599e+00 -4.692961646797897401e-01
-1.439195370638220339e+00 5.843747937156894778e+00 -3.746321070729905500e-01
-1.017306104874180939e+00 5.569062303272556136e+00 -2.879227604303942201e-01
-1.413827107736218558e+00 5.669490031898783755e+00 -2.980522621799224225e-01
-8.545704698277178935e-01 6.199956621167347137e+00 -1.943594737371512338e-02
-1.391987790508531830e+00 5.838869082850122183e+00 -8.254745463122503679e-02
-9.379588333350614704e-01 6.099936235512947391e+00 -2.146483305642856720e-01
-5.579577749673658715e-01 6.257461548114436667e+00 -2.198429271009754160e-01
-5.700409840100881809e-01 5.622134585254199735e+00 -2.780652343045542096e-01
-1.121181549941083766e+00 5.926428404114441051e+00 -4.966455886113756435e-01
-6.131594089231384714e-01 6.369904203251419261e+00 -2.646862326729841897e-01
-1.229129894751286756e+00 5.625109567492748042e+00 -3.503710395465908789e-02
-8.771099745631074640e-01 5.538232953207415932e+00 -3.957416202556878204e-01
-1.492178208502442871e+00 5.970294807110867907e+00 -4.296568305848786906e-01
1.391130169670953265e-01 5.797145652955911999e+00 -1.104982036002226664e-01
-3.725419042917508250e-01 5.989586414229318478e+00 -3.275639977046367335e-01
-2.846142544562475507e-01 5.553258320344873766e+00 -9.792864569030435007e-02
-1.574306326019110358e-01 6.027100900403379313e+00 -3.277434614117424871e-02
-7.143032243906333179e-02 6.127502638157420023e+00 -3.672567817025012005e-01
-1.934488963688281160e-01 5.798994262597435778e+00 -3.063087969886808537e-01
-4.190638994379760618e-01 5.785179451755531943e+00 -2.727775481891328013e-01
2.827136344647289690e-01 5.561743749302252127e+00 -2.136982509251144080e-01
2.046089444176661942e-01 5.949569569714839190e+00 -1.213358600281857491e-01
-4.460683360987767188e-01 6.289354327341005302e+00 -2.289399803875902251e-02
3.782133197438115602e-01 6.165285473650918391e+00 -3.748871098114410216e-01
-1.155219255719721616e-01 6.277306261094180329e+00 -4.533905042146297859e-01
4.968217875394858041e-01 5.911124242637338710e+00 -2.492887343076937157e-01
9.084486430746174790e-02 6.490999563344621137e+00 -1.454853290616533457e-01
3.413951379939419439e-01 5.818658306317729512e+00 -1.997285431213260409e-01
-4.414228042673427055e-01 6.132064995682187103e+00 -4.461153264907817828e-01
4.756690611916596367e-01 5.822681184165766410e+00 -2.923096802675928529e-02
1.253565004176397935e+00 5.793625937735765064e+00 -8.538118519341608703e-03
1.447592304531887919e+00 5.654971598648067754e+00 -3.361172287396740899e-01
1.031102512093250212e+00 6.241780047185716995e+00 -3.518670896477456012e-01
1.144633966636964928e+00 6.197464522104297657e+00 -2.134179998861540639e-02
6.247872639068123846e-01 5.722335331995243024e+00 -3.416582479954897167e-01
5.802852187297702358e-01 6.176095007721965402e+00 -4.991933418616820717e-01
1.192298456175425514e+00 6.121358338290141532e+00 -5.229871581967948657e-02
1.174583889547317739e+00 5.587505674431016089e+00 -3.269226816666144231e-01
1.330121783050312700e+00 5.527106749114143014e+00 -3.005543655859739260e-01
8.662982381972899049e-01 6.020810894527130586e+00 -2.538756847846794784e-01
1.372480713498282157e+00 6.225445649217377309e+00 -1.543522381104160957e-01
9.058278974265281391e-01 6.284086119344374666e+00 -4.337691135455798985e-01
1.303072364563119478e+00 5.594242754773443238e+00 -4.543406466907953245e-01
9.028562251271825545e-01 6.090452818202715335e+00 -1.388488315120017802e-01
9.026143965865802699e-01 5.752546004679444991e+00 -2.821383226775093789e-01
7.594590456968042247e-01 6.284891502228617810e+00 -3.619484053674497659e-01
5.221890171691150329e-01 6.076667451835819023e+00 -4.533855440886558341e-01
1.334798233991751459e+00 5.921505386072704269e+00 -4.300047101147068673e-01
5.241250189274566651e-01 6.256161364504695399e+00 -1.940248069578132117e-02
5.894915581740800548e-01 5.920400250932399189e+00 -9.437964147866040321e-02
1.874679100929938613e+00 6.331253278405053919e+00 -2.624101849081466042e-01
2.180883259829226262e+00 6.185780614702638402e+00 -2.702764953258185443e-01
2.075925026129624484e+00 6.165716003579753135e+00 -1.281524565503389113e-01
2.423768978853683365e+00 5.745985809855223891e+00 -4.033215259507727524e-01
1.876420563747567272e+00 5.541088972454744521e+00 -2.502258378879318457e-02
2.298917083528298377e+00 5.859555570805778046e+00 -2.802304704583242767e-01
1.527186736989349924e+00 6.497004533218079914e+00 -3.113189016720436797e-01
1.885656978512322723e+00 6.213049794450380858e+00 -2.408865298707194569e-01
1.896208146546765505e+00 5.790200730635532977e+00 -1.472640389504675795e-03
1.731692081941872630e+00 5.752492714520817785e+00 -2.896849896645701250e-01
1.604577220721310482e+00 6.112019360889931363e+00 -2.823941407614345422e-01
1.540789271234171309e+00 6.438105802130369426e+00 -9.177520107396652804e-02
1.639668815687848280e+00 6.415379446657237139e+00 -1.432094171219695511e-01
1.742482598218369816e+00 6.052829305181514741e+00 -3.590639965153314961e-01
1.981393595974267896e+00 5.810296476067531302e+00 -1.054429359231576768e-01
1.734549563052649290e+00 5.756894197742917996e+00 -4.105718373878985972e-01
2.290251926003374905e+00 5.786083695551260675e+00 -6.532557752042400523e-02
2.453118624962257854e+00 6.475470390023335909e+00 -3.892862567354988812e-01
2.343531981617074322e+00 5.703020461526072893e+00 -1.795209162902029476e-01
3.024207475484715246e+00 5.680444915547951723e+00 -7.446300856873833141e-02
3.055707207378613788e+00 5.791668122812280828e+00 -3.637182419953965962e-01
3.439948903463335483e+00 5.839041270744999679e+00 -1.362594874609310835e-01
2.680854444437356321e+00 6.261253913233669977e+00 -1.276909150672249638e-01
3.156221193422906524e+00 5.886156049290265813e+00 -2.494449104478295709e-01
2.651518667190600809e+00 5.988966129202896838e+00 -4.873657409300307108e-01
2.893302281026032929e+00 6.234596508878601284e+00 -9.394054832008436051e-02
3.338974124122373155e+00 6.159962563142958203e+00 -2.862978345974003247e-01
3.201785983616655784e+00 6.158047136744578154e+00 -1.566186796269786186e-01
2.804661969345431771e+00 6.085974489159930556e+00 -2.708834346841939578e-01
2.674255511863719903e+00 5.680113654974174864e+00 -4.830755605622254478e-01
2.687931291376616016e+00 6.456116703289321634e+00 -3.876255497242855341e-01
3.468971458678364428e+00 5.524364379912306333e+00 -1.783216683570287842e-03
2.892609655642768729e+00 6.342971303952246842e+00 -4.655948423986160378e-01
3.051497608254408078e+00 6.030253556890496469e+00 -2.146283387198266723e-01
2.891636908041089526e+00 6.448776127237929146e+00 -3.322589216730573725e-01
2.735508885025382142e+00 6.392425648130735993e+00 -4.615986582572411123e-01
2.719474296435139493e+00 5.915375395555178883e+00 -8.725956039894633420e-02
2.786137106244831685e+00 5.786443342382368016e+00 -3.783264555990655253e-01
3.247472935520475446e+00 6.144283208747156166e+00 -4.443634463869585716e-01
3.226541147971268231e+00 6.332091482501603252e+00 -4.645856183522081295e-01
3.411159631403066328e+00 5.887804406679885361e+00 -7.819132067820966370e-02
4.393096201023940495e+00 5.823625541333591116e+00 -4.014978690494679370e-01
3.510013255465338489e+00 5.561058944178038033e+00 -1.422933739235645589e-01
3.505778223140717742e+00 5.558708370348217187e+00 -6.895940728994887081e-02
4.407271162609507797e+00 6.324363157258996893e+00 -1.800803649911824067e-01
4.032121301929571189e+00 5.520722787204642046e+00 -4.603877207564668339e-01
4.463376420822360302e+00 6.452305028753178462e+00 -1.026643312086665816e-01
3.704464686295555254e+00 5.916937925425891365e+00 -4.672846747076171425e-01
3.884778905601006471e+00 5.503005888501757426e+00 -2.642918629197161806e-01
3.988723727415617759e+00 6.327516248294241308e+00 -4.313758718549198790e-01
4.394371134912416821e+00 5.971057309522700862e+00 -2.815275021590579740e-02
3.957658166162303814e+00 5.788777294381233673e+00 -4.376145539201807821e-01
3.786248198987959057e+00 6.466727425768493021e+00 -2.382857052165476830e-01
4.242191874689030584e+00 6.471301301338332479e+00 -3.285737868508427084e-01
3.942691263561380666e+00 6.224790731629028073e+00 -2.291767861963904807e-01
3.972023058428488795e+00 5.578649732910896830e+00 -6.079363400546000662e-02
3.976590313097217333e+00 5.841634696480500821e+00 -3.240864972298300728e-01
3.711528457136093806e+00 5.789237076178952890e+00 -4.840254061672926156e-01
3.834193473082809334e+00 6.200190237438889085e+00 -4.572680197742649000e-01
4.476577717366396314e+00 5.699505607736430335e+00 -2.538481230927018828e-01
3.957217950238677062e+00 5.968902172507384307e+00 -4.410175774956162087e-01
4.331925242422352440e+00 5.561939971561734808e+00 -2.892535772886262180e-01
4.177391375196943812e+00 5.655843204424396475e+00 -4.066257329385312147e-01
3.515381946349560138e+00 5.992596509634644519e+00 -4.410695011306913216e-01
4.182266393588637499e+00 5.745756809068009119e+00 -1.034202840592506334e-01
3.746403948179541032e+00 6.264684353877193246e+00 -2.257202672976568181e-01
5.168245959893393859e+00 5.951619629990585025e+00 -1.733782941155190827e-01
4.588165847495867311e+00 5.724361578644206361e+00 -2.570307378657812336e-01
4.966562804738993364e+00 6.096548324163702404e+00 -3.486953922093114500e-01
5.485392847963966645e+00 6.288052637590446636e+00 -2.804290184178448442e-01
5.228026839881918519e+00 5.633691485860035542e+00 -2.027515198793885531e-01
5.047339153972927761e+00 5.635190287399392872e+00 -4.639255847712764336e-01
4.980468801192328598e+00 6.194786640772239394e+00 -1.335275791969561254e-01
4.891502228001616714e+00 5.802520545133774021e+00 -7.384672722138851952e-02
5.162423333725442376e+00 5.646368273006437732e+00 -1.123375801068355884e-01
4.790941650853918432e+00 6.195028327613616881e+00 -4.690250331096699199e-01
5.135708411138510954e+00 6.086537820403020049e+00 -2.620222720212872503e-01
5.141361015030938120e+00 5.842206306784962777e+00 -3.292701174474483850e-01
5.312182225381530287e+00 6.203776088058855720e+00 -3.209077925630356987e-01
4.570191369352588850e+00 5.900108721338884976e+00 -1.899189432379468911e-01
4.803801138231257539e+00 5.587403154609980049e+00 -2.375729445825367492e-01
5.369302059788509496e+00 5.939899830517397561e+00 -2.958862024514452571e-02
5.587233283738344269e+00 6.356057294306129535e+00 -1.384413496537870714e-01
5.893260917529953957e+00 6.346804874848540834e+00 -4.925974445802872026e-02
6.177472643584678735e+00 5.932832849511722628e+00 -2.353243600291445858e-01
5.859388896186151996e+00 5.899466757574851172e+00 -9.378706477400911012e-03
6.324306211705401637e+00 5.821197463782622705e+00 -1.277701206062182848e-01
5.740624385569990551e+00 5.572784490614552055e+00 -2.243005971608429405e-01
5.985337679158444502e+00 6.094453740488130933e+00 -6.902061218611521554e-02
5.618084915587914452e+00 5.818309885056589081e+00 -4.340208735646591265e-01
5.603800183038949001e+00 6.175488047436072492e+00 -3.447431641431997207e-02
6.033324802380789720e+00 6.075614054911927298e+00 -4.225362700362005342e-01
5.553821291656046100e+00 5.722591176208563724e+00 -2.038149954288321908e-01
6.075770136835512147e+00 6.460473391827196821e+00 -4.392860963290718956e-01
5.511173536881164736e+00 6.337904262615460027e+00 -5.569999416310622564e-02
6.202988220169114442e+00 5.569925983165509464e+00 -5.708249191222236618e-02
6.346067203081295460e+00 6.252449947020318533e+00 -3.949994419285598468e-01
6.159531052762297065e+00 6.410079445633698469e+00 -2.880879792370940606e-01
6.497342954507033141e+00 5.586828357836999714e+00 -4.134995384278816744e-02
6.197290118191801866e+00 6.145282006063197855e+00 -2.130092139807260310e-02
5.896155105838534638e+00 6.294968550487151759e+00 -3.218207728022033365e-01
5.787124539044370408e+00 5.748931448291084934e+00 -3.160519637907377444e-01
6.023164508176112264e+00 5.657140223032035564e+00 -1.560277078203800016e-01
7.457164222932417985e+00 6.303689876672311954e+00 -2.509254374924960729e-01
7.264860015270548033e+00 6.001430097003609632e+00 -4.644916274805250822e-01
6.751990628885613077e+00 5.538586693508955605e+00 -2.121977498254317140e-01
7.128428917652513519e+00 5.902529001274242404e+00 -2.308943857980310099e-01
7.408622913721544023e+00 6.395802837461726398e+00 -4.333285794451313677e-02
6.994999593638262070e+00 6.267846494967049154e+00 -6.544403540873133807e-02
7.000296007935180143e+00 5.816863175910887307e+00 -1.529808736163449367e-01
6.567868039067217723e+00 5.779042893941943149e+00 -4.380130399903272576e-01
7.411728614870067844e+00 5.885883505445828945e+00 -2.136433569639191177e-01
7.274349930554471655e+00 6.212928245489212742e+00 -3.726896178983007957e-01
6.767096212342849526e+00 6.409113733985851269e+00 -1.106967854678195806e-01
6.896619189781253212e+00 6.349097755363791507e+00 -2.494870769559121015e-01
7.062626639311812227e+00 5.897978076917382850e+00 -1.010073484596407667e-01
6.982166617009207599e+00 6.154549657503125104e+00 -2.268554308403398778e-01
6.654435435846584923e+00 6.240464228940737712e+00 -3.653644761483771930e-01
6.506219306655069090e+00 5.985468997551130599e+00 -4.715913539995639780e-01
7.331564500113664451e+00 6.237198072801657389e+00 -1.014616063479039099e-01
6.972429066324396629e+00 5.744464204680312491e+00 -4.867706162933682634e-01
7.341609360236692083e+00 6.339052450134570194e+00 -4.096331214046227132e-01
7.195826339302181296e+00 6.208544413971123888e+00 -7.365029710878623348e-02
6.698158558602777646e+00 6.353771171958035424e+00 -3.580781050428392120e-01
-7.349785544441502338e+00 6.600345779794746903e+00 -4.068410674395579463e-01
-6.669942072428926672e+00 7.009529311260106255e+00 -4.913620998482866042e-01
-7.441703062920323575e+00 6.639122337327405532e+00 -2.688071042071964456e-01
-7.322548675612834401e+00 6.553009545636996336e+00 -4.346744450820061445e-02
-6.508787552257509823e+00 6.855552778718152496e+00 -2.854452656252366438e-01
-7.418632240168200553e+00 7.230899233239867385e+00 -4.173798184708115144e-01
-7.151963763867457580e+00 6.625395044250948828e+00 -6.539649019438975586e-02
-7.176648201302073815e+00 6.619118377581196810e+00 -2.955303499377173182e-01
-6.990707231747545158e+00 7.062971662793252392e+00 -2.887663029719806929e-01
-7.169179638997902337e+00 7.348245051441661957e+00 -3.311701618024329719e-01
-7.203659408167662370e+00 6.991264638032106404e+00 -4.365480526411609219e-01
-7.132358062665606901e+00 6.976343771703849228e+00 -2.587927148616504525e-01
-6.926604786270942782e+00 6.847498875679855601e+00 -3.799492852403698606e-01
-6.844456341002544519e+00 7.449355753925676282e+00 -6.521669491619164205e-02
-7.398705997548201019e+00 6.875855781431912561e+00 -4.473511686091065087e-01
-7.260783779659632842e+00 7.086541701962733697e+00 -2.213942630006435763e-01
-6.642585366308198402e+00 6.958683375071702315e+00 -2.257304604974006423e-01
-6.567658989582604967e+00 6.546398121613142607e+00 -4.561474056066323612e-01
-6.887625249680009887e+00 7.100018269873192622e+00 -3.234367696360109790e-01
-7.057369817510531718e+00 6.830061100176727962e+00 -4.511490624163041474e-01
-6.217998357509640250e+00 7.133362755532612454e+00 -3.670204704910151605e-01
-5.951363143032955882e+00 6.792624103611956343e+00 -4.681345859096097684e-02
-6.343018299901327595e+00 6.529210042084097054e+00 -1.150431604879500469e-01
-5.627355505295112970e+00 6.996984462262290094e+00 -3.581242567323599246e-01
-5.731935020881982368e+00 6.560480529970700303e+00 -6.289639317071937796e-02
-5.908421500902426793e+00 7.235966435280477782e+00 -4.095969373806997993e-01
-5.510327747032452095e+00 7.483150967165340006e+00 -2.292895250520210482e-02
-5.682896551915481709e+00 7.029635357891795167e+00 -3.587492838462402744e-02
-6.347796003080325100e+00 7.311855438926659900e+00 -1.418392622043054274e-01
-6.415315671491839566e+00 7.116151695707253921e+00 -1.515131330136796350e-01
-6.029151900737238279e+00 6.979268676194440246e+00 -1.824280283159236404e-01
-5.890678613101219874e+00 6.506471895417057283e+00 -1.556624793739889157e-01
-5.968437055344236519e+00 7.121125282160070569e+00 -1.230442067636481340e-01
-6.164166416779874424e+00 6.672513883823160796e+00 -8.760805815315464429e-03
-6.289703360570259250e+00 6.891632186647779434e+00 -4.289542086767124118e-01
-5.622934721934169211e+00 7.408140445904118465e+00 -4.725115651254689908e-01
-6.298489354179188204e+00 6.908748224469075438e+00 -3.711576534165548225e-01
-5.746843029673234682e+00 7.093748947554749051e+00 -2.903913275934471017e-01
-6.393731179525025787e+00 6.712999881376113365e+00 -1.677733301754411599e-01
-5.284378264587785701e+00 6.867747632184334705e+00 -9.214787232235011061e-03
-4.868403276901769772e+00 7.282921873564461634e+00 -1.047801390192120152e-01
-5.089053467796957442e+00 7.202244443298180698e+00 -1.761702140658627513e-02
-5.467444186541420947e+00 6.609508956802111257e+00 -3.902590938852892322e-01
-5.097244279689133073e+00 7.022054470487017142e+00 -1.983906300204907325e-02
-5.220099272230055654e+00 6.997466909230329435e+00 -6.070046372270176960e-02
-4.934988499723884203e+00 7.010813823542067169e+00 -1.067075567068371811e-01
-5.097395502652471322e+00 7.104389691988750144e+00 -2.942423954726081092e-01
-4.831082223913523599e+00 6.868150184157798321e+00 -2.093477067955173965e-01
-5.120684784249923460e+00 7.298356885404414740e+00 -1.737718793093456782e-01
-5.337064823100108768e+00 7.472864718646590632e+00 -4.490497489768632278e-01
-5.058310955838321910e+00 7.331374526029154737e+00 -1.910748271616053984e-01
-4.678510749175999628e+00 7.096988568587375923e+00 -1.922268978503893777e-03
-4.532236324444860465e+00 7.180000427662447393e+00 -3.610092701584370900e-01
-5.481858610618528971e+00 7.340550640549821537e+00 -4.331592823345058463e-01
-5.249936696923144908e+00 6.587246152667891153e+00 -8.501010054049906728e-02
-5.420444017541506732e+00 7.005999455838383128e+00 -4.874603915488862071e-02
-5.203583385001433470e+00 7.259857933702626553e+00 -3.074109735529599874e-01
-4.770122071692758148e+00 6.583189124630607125e+00 -3.924135411744362756e-01
-4.853610514121304398e+00 7.291889283193379256e+00 -3.198793734864935345e-02
-4.547927643294634059e+00 7.195057430774605578e+00 -3.194937732114979667e-01
-4.711068977274525338e+00 7.276307156820070787e+00 -2.642253258957865114e-01
-5.045449829474307535e+00 6.611970335982372049e+00 -4.127900035539333601e-01
-3.767802238139686288e+00 6.982481577202358736e+00 -2.056408901604935835e-01
-3.673456472117195393e+00 6.901535246756576925e+00 -1.503260263671890584e-01
-3.791455046501174486e+00 6.592998789928774528e+00 -4.406036355471787402e-01
-3.564266940294808617e+00 6.631978639731091363e+00 -2.239900348822558840e-01
-3.635978144051966066e+00 6.773366815693812271e+00 -4.995198844736634669e-01
-3.673857320693687534e+00 7.200584254512087057e+00 -2.837881280037954923e-01
-3.649185051507054744e+00 7.108741551380596491e+00 -4.997272205650329369e-01
-4.244306778793170309e+00 7.072902922745218035e+00 -4.072715244917599620e-01
-4.468077922049428885e+00 6.522450303739553590e+00 -4.903722278132551793e-01
-3.753516201479978776e+00 7.204629201657905213e+00 -4.074708166281855171e-01
-3.671657063772186813e+00 6.514745841286909922e+00 -4.894793886962620633e-01
-3.630436642084054810e+00 7.447258022797388577e+00 -3.587665633775589669e-01
-4.146057055413105985e+00 6.842233104826359380e+00 -1.681825638168419346e-01
-3.881638460033027371e+00 7.152678221554936044e+00 -3.893910279893404436e-01
-4.207316335301409360e+00 7.388476375778031624e+00 -1.926043297513970742e-01
-4.243075159168189003e+00 7.238259302572826570e+00 -3.599500887634299318e-02
-3.447773830100442360e+00 7.214801921426939657e+00 -1.388086323928412469e-01
-3.110948408768795304e+00 7.461831430929592557e+00 -4.899456551225807033e-01
-3.389517580399211027e+00 6.907987406670962116e+00 -1.773416757035040092e-01
-3.086723763829320788e+00 7.474338586525362871e+00 -6.066489407401576273e-02
-2.701091442735284787e+00 7.392298846593604367e+00 -2.418136353360651469e-01
-2.635058618637612149e+00 7.431083760626632895e+00 -1.155599589942415406e-01
-3.122175380301078995e+00 6.866750273017265371e+00 -2.438488331783119634e-01
-2.735053255211912671e+00 7.354281267467783323e+00 -9.252304635011832090e-02
-3.433714838990107765e+00 6.832497980420418671e+00 -2.534030542113008266e-02
-2.771761910862574396e+00 6.879797018581662371e+00 -4.444301525323304247e-01
-2.700135696626899673e+00 6.580584443651574134e+00 -1.109761301996314842e-01
-3.374420260702397201e+00 7.009765327710237415e+00 -7.418932104586417609e-02
-3.386621557447344166e+00 6.796756599537733479e+00 -2.999498345038418279e-01
-3.351487940000131616e+00 7.150299520016694999e+00 -2.530594735133870898e-01
-3.054273363174027978e+00 7.194998583902831868e+00 -1.134495578181606845e-01
-3.275028678239158886e+00 6.799244341370513922e+00 -1.714026643303689923e-02
-2.964898838264378611e+00 7.104861928639303770e+00 -3.918786353961998259e-01
-2.883487761600981081e+00 6.971260600663105933e+00 -1.159630664455608695e-01
-3.031868229563673189e+00 7.306006578062568479e+00 -2.779883687104724999e-01
-2.723179673349509500e+00 6.650054537650916586e+00 -1.750721819065077511e-01
-2.713263658680847179e+00 7.193922153595302404e+00 -1.906207408444942075e-01
-2.848967819166411175e+00 6.738562836528302569e+00 -1.409531379734385581e-01
-2.664407868066671625e+00 6.518016274567706603e+00 -2.376557955565914426e-01
-3.004118410489391877e+00 6.676741343698129327e+00 -4.252919133319252865e-01
-2.227129210210487820e+00 7.403053743834391298e+00 -3.355211215644633427e-01
-1.529937371613554475e+00 6.790688681975661112e+00 -4.550427339443867680e-01
-1.764420246917580926e+00 7.357990318737211766e+00 -4.989008747817660350e-01
-1.841327831156897687e+00 7.124847008235359880e+00 -5.123089887134391063e-02
-2.412512703034865424e+00 6.994858734883907303e+00 -2.143199209936774707e-01
-1.956588034654454411e+00 7.169828582938627903e+00 -2.128724871353249171e-02
-2.109847124127994356e+00 6.697057513470472401e+00 -2.263756473392142254e-01
-1.899270091568475038e+00 7.188541120864126555e+00 -1.606111969488335234e-01
-2.466596923602299540e+00 6.953886227174084667e+00 -5.923477141298505444e-02
-2.245184234578545102e+00 7.395470029112376054e+00 -3.640023628245447895e-01
-1.682818135442211371e+00 7.254941240690932602e+00 -2.225320724240535952e-01
-1.570749771253687754e+00 7.276436032326806469e+00 -2.427751926087040601e-02
-1.772968511697072813e+00 6.954428035785349849e+00 -2.190125533384623679e-01
-1.502259158746272583e+00 7.268105433068665633e+00 -4.687746422394702961e-01
-1.833701071329095100e+00 7.148551755720772505e+00 -3.467140247207947112e-01
-1.641919862277426034e+00 6.509609672542701730e+00 -3.623632733397723626e-01
-2.442475874448090778e+00 6.573998626982717752e+00 -3.746796883744210049e-01
-2.034488533056921788e+00 6.710799974548146807e+00 -1.418765709567999522e-01
-2.316935038993095830e+00 7.289265188363348358e+00 -1.281945238048738389e-01
-1.695304353298888955e+00 6.941476132845979308e+00 -1.296149658735714638e-01
-1.772942049192070435e+00 6.790080459861275841e+00 -4.832935696422229199e-01
-2.074825359040833206e+00 7.002745959119621944e+00 -3.340190878307254252e-01
-2.299371456587965490e+00 6.545286987366125686e+00 -2.730075521622143953e-01
-2.287670558827543665e+00 6.793763794616840102e+00 -1.147735948554036156e-01
-1.312663768701797906e+00 6.919609445963466499e+00 -1.472819377390610640e-01
-1.190461600963617528e+00 7.068171775591338246e+00 -6.865145392190541429e-02
-5.874621183368686772e-01 6.615261452722098312e+00 -2.711686548067113733e-01
-8.578828403463543140e-01 6.508751118893986387e+00 -4.392817728123166177e-01
-7.605580389708395117e-01 7.063883651282354847e+00 -3.214744760512093791e-01
-1.212001858023274536e+00 6.841930847105906821e+00 -2.504762636368162987e-02
-1.431999863843102183e+00 6.640906777290553009e+00 -2.112782235158867650e-01
-1.354764310253065318e+00 6.817686397863852221e+00 -3.700272711465206754e-01
-1.227718804373224337e+00 7.103842183602548488e+00 -3.692928635655530201e-01
-6.980172773359596405e-01 6.770458022755050820e+00 -3.791898467253016491e-01
-1.256801867914263404e+00 6.701704289958556160e+00 -3.205586823409465325e-01
-1.416578340183953344e+00 6.555805212312689534e+00 -1.175378674278046987e-01
-8.586451956876812730e-01 6.939727366907984418e+00 -2.076139055335204375e-01
-9.985970183924584020e-01 7.197052251237945342e+00 -1.889285074194066993e-01
-6.293491906117054668e-01 7.449259276762543180e+00 -9.767747723090636214e-03
-1.385557290177077405e+00 6.504409274167080923e+00 -4.204605355377513121e-01
-9.433922992900694027e-01 6.806584833812816981e+00 -3.019900231636327703e-01
-5.481711808379738926e-01 6.913070650567568975e+00 -1.419106453999319228e-01
-9.243961019528219580e-01 7.121295695999007691e+00 -1.965325415652845464e-01
1.117428426448414669e-01 6.809788391029680810e+00 -2.895818520300128540e-01
-2.359832623652522443e-01 6.766342469416617433e+00 -1.263122662809657015e-02
1.679320708691838249e-01 7.156297010590780161e+00 -1.533194841432852229e-01
3.235686197069158609e-01 7.452675844114351023e+00 -3.448490177857959083e-01
-3.643152864214691533e-01 7.156761831173227506e+00 -4.353708919794669896e-01
-2.281829403581259186e-01 7.112168240268470498e+00 -3.588311075535965955e-01
1.076857202744614384e-01 7.478935372245514301e+00 -2.066876071382388602e-01
-4.531607733617031286e-01 6.856822719940288025e+00 -3.922871725706080781e-01
2.571978381310744410e-01 7.383582519738016714e+00 -1.205247300788894194e-01
3.020534807543002742e-01 6.889107601035693307e+00 -3.832292975497395560e-01
6.819945694010254300e-02 7.442176161538842649e+00 -2.183341789307338132e-01
-2.699424505399772301e-02 7.092691316290821391e+00 -4.345049474305007209e-02
4.640741138193256177e-01 7.344110245633272527e+00 -4.715919972835980190e-01
1.218356425952169531e-01 7.012003326075591403e+00 -7.611858120959524854e-02
-3.395453447283145465e-01 7.353204369131145057e+00 -4.537890724833069100e-01
-1.539590422599639297e-01 6.775250670572152245e+00 -9.369616169984418264e-02
4.830247988593523445e-01 6.871744694607080817e+00 -2.456811881690903476e-01
-3.610137275246332322e-01 6.620422762834143882e+00 -2.492980361462535654e-01
-3.257494782338010708e-02 7.113157691294244245e+00 -2.455006214253305785e-01
1.384123827003477913e+00 7.265639281853040643e+00 -1.761156048568555121e-01
1.191906663467193539e+00 6.768971590194501786e+00 -1.897557004256658075e-01
5.149054213919370682e-01 7.073884796414795062e+00 -1.093931523751994206e-01
1.010511350003026720e+00 7.366329246137603093e+00 -3.458484066307097038e-01
7.271827720770058789e-01 7.157648184893478316e+00 -2.120672218533599107e-01
5.558607051121722264e-01 6.544955926679044467e+00 -3.580878639469062819e-01
8.372790657018853722e-01 7.380960813004591614e+00 -4.431877259539049874e-01
9.700253744769398168e-01 6.503907452988526572e+00 -1.814780609902459929e-01
6.334322046290576935e-01 7.098135466201721755e+00 -1.441084372072882758e-01
1.122268794562975458e+00 7.318865964277584624e+00 -2.044861593647606668e-01
5.575985104013483351e-01 7.292197319863849003e+00 -4.536794788033251535e-01
1.026168177423071981e+00 6.929641274951286789e+00 -8.255951063296507186e-02
9.518627003787329954e-01 6.512311025683054311e+00 -1.542640908121466481e-01
1.311880236866466376e+00 6.664236900686168141e+00 -4.855138041922391068e-01
6.470959402855065434e-01 6.996377504138369119e+00 -8.568836614392694173e-02
1.360546904293926218e+00 7.307972431569302429e+00 -2.131182747164483970e-01
7.367772743276237435e-01 6.903920756018191440e+00 -8.265878247309288440e-02
1.266748657941894507e+00 7.165315498617999879e+00 -3.624966425268993930e-01
1.037290055000665845e+00 7.160853028970230127e+00 -1.595954858157160317e-01
5.704557008597337386e-01 6.892372093820311463e+00 -1.883793337577461813e-01
1.264236782539606807e+00 6.565005896661782359e+00 -4.491242483719481982e-02
1.008609846760812445e+00 7.028062266842255212e+00 -8.344409483904513536e-02
1.914155068637832358e+00 7.341290895830873353e+00 -1.722604295983369838e-01
2.412956121256101483e+00 6.911879911672235366e+00 -3.062771004286055643e-01
1.976025243040025359e+00 6.823356710961506977e+00 -4.396484094635422224e-01
1.582422622537380974e+00 6.675727644619726675e+00 -1.523301104346508339e-02
1.730901231131802831e+00 6.582035458375843362e+00 -4.636934651613486835e-01
1.682035654122017831e+00 7.215835976977574617e+00 -3.785900221967697377e-01
2.065842566527262392e+00 7.497154409086505211e+00 -4.610853855429244419e-01
2.096918371827729999e+00 7.474225063179723350e+00 -2.763327290072918885e-01
1.862250676618780076e+00 6.767918371708493197e+00 -2.680279921387551667e-01
2.106940997369108004e+00 7.271767366798965071e+00 -2.251185952597971607e-01
2.290361034442735644e+00 7.031581799639734953e+00 -3.615428573258459011e-01
1.584064134597323203e+00 7.421954090610960009e+00 -2.262760726385231180e-01
1.914446619705390873e+00 6.651054421693626040e+00 -1.435594580379948582e-01
2.209416198884035509e+00 6.797509078158956441e+00 -3.928215417669704834e-01
2.062397168174515016e+00 7.369539857167943353e+00 -1.042305315113196684e-01
2.438174953631556008e+00 7.407824857744696345e+00 -4.767699603339359271e-01
2.320576533993664370e+00 7.233021497599651184e+00 -3.006771351124051250e-01
1.723321614590236805e+00 6.922326238723677250e+00 -3.496428091093921608e-01
2.423953612507101951e+00 7.379347141427576418e+00 -4.529130418673155134e-01
3.143482121969125131e+00 6.643959965131156054e+00 -1.529351680072394970e-01
3.183204425510261615e+00 7.043585452868100560e+00 -4.107964488781767898e-02
3.322171603166957254e+00 7.406852746580657509e+00 -4.666478110973315552e-01
3.225177356977033227e+00 6.822991620640188160e+00 -1.229985685659151784e-02
3.004082931697579895e+00 6.985104921779857534e+00 -3.908779636894976761e-01
3.061359026247373549e+00 7.079018989127623840e+00 -3.558651760535074260e-01
2.994263413171522004e+00 6.769405450034884808e+00 -3.659264077340207422e-01
2.796856870152984342e+00 7.161995398420058834e+00 -4.956640756132468795e-01
2.731175545506367541e+00 6.959175293070245516e+00 -3.034695828093205705e-01
2.726172870655906522e+00 6.624831215032376264e+00 -3.604592064125622386e-01
3.218980731456529298e+00 6.661178861465696599e+00 -1.728770946793609653e-01
2.655060993713494355e+00 6.562231758933938508e+00 -1.989787957545985364e-01
3.333730709173465812e+00 6.697381140078505268e+00 -4.165840967076253065e-01
2.568754089178845845e+00 7.139606956907112334e+00 -1.553612226618934500e-01
3.414958671849030125e+00 6.955018028562635735e+00 -1.931719300422862773e-02
2.953154377773159922e+00 7.340196798518615395e+00 -4.755743346420491235e-01
2.751477475897079472e+00 7.427174714114119780e+00 -1.876008401123563374e-02
2.949344983556368760e+00 6.842915884093976331e+00 -2.300749562244259749e-01
2.859152562230473649e+00 6.911648105545742382e+00 -1.872704326192398128e-01
3.892203707790953260e+00 6.714332732218139199e+00 -2.847965629076778526e-01
3.912295612414645518e+00 6.904402867834781077e+00 -1.325253853908137103e-02
3.791111128055574042e+00 6.982850155010977389e+00 -4.335720709725361388e-01
3.568318642450277522e+00 6.828538444028001919e+00 -5.437782817487502030e-02
4.410013586863312796e+00 7.283373974203936285e+00 -4.987681799928296300e-01
3.764060723221767546e+00 7.142137335673353959e+00 -2.084509255647191139e-01
4.367569101440894386e+00 6.597037798648621276e+00 -4.264905481278962185e-01
4.459496914615817431e+00 6.921473890953595998e+00 -2.584361816769487064e-01
3.601557993050988671e+00 6.866985131904872475e+00 -3.415679923133989604e-01
4.144815460867953050e+00 7.482528771771637111e+00 -1.082170382184806101e-01
4.041254782726907635e+00 6.523831697008159125e+00 -3.370258205860103828e-01
3.957332298852600516e+00 7.470803376391687678e+00 -1.792967747878524420e-01
3.983456938456253482e+00 7.316691010154638519e+00 -4.728624339153082445e-01
3.953123902138212742e+00 7.136131868346314633e+00 -2.616824270026363308e-01
3.968401767899205623e+00 7.067966396182100652e+00 -2.765558022317318176e-01
4.299935088842303799e+00 7.182098118875613224e+00 -3.032214860608224427e-01
3.904565422221724091e+00 6.657904902099346600e+00 -3.785233045510221217e-01
4.850268000943540159e+00 6.705732064181098906e+00 -2.356346854712043637e-01
5.494749544055380852e+00 7.440868246057826596e+00 -1.109758749604541350e-01
5.044365133814871172e+00 7.474007079750697002e+00 -3.526126074104016794e-01
5.243830659698030416e+00 6.588590907954298359e+00 -1.343293581275872839e-02
5.212220348681789517e+00 7.238626106218044143e+00 -2.916228767963247037e-02
5.269657674266662539e+00 7.294065183449017553e+00 -2.885201568046635856e-01
4.502541297861744951e+00 6.984982152446974624e+00 -4.189659679698021222e-01
5.365146331106393163e+00 6.986041393753462003e+00 -1.012220066549485153e-01
4.992211333760128156e+00 6.705844941145755911e+00 -4.051007197088267731e-01
5.143900853352235458e+00 6.722042009694973785e+00 -1.838725997616670327e-01
4.572046813521112085e+00 6.710365217995743592e+00 -1.105901016843056084e-01
4.699585704297923883e+00 6.788342294833473289e+00 -4.622587128076514063e-01
4.506229661168649869e+00 7.229600305234569646e+00 -1.241739101576015969e-01
4.807652615036861476e+00 7.177204821566203208e+00 -9.008725191299404855e-02
5.482047709883172359e+00 7.330136284606002306e+00 -3.932994397993994085e-01
4.900618764617874490e+00 7.336902538459391110e+00 -1.771994628233706237e-01
5.272080333930801999e+00 6.914331998220847098e+00 -2.052328206583453607e-02
6.025508634652958051e+00 7.179401293734279932e+00 -3.303972440329818738e-01
5.960273447596378560e+00 6.684016348353900128e+00 -4.255142281544017635e-01
6.304975377191457397e+00 6.949804171365347116e+00 -4.185857558061254480e-01
5.766757933243312095e+00 6.571386295103145869e+00 -1.700394902363324690e-01
6.349760716583734421e+00 7.460343503040792967e+00 -3.910801201634352964e-01
5.817119857399188021e+00 7.210519394089718759e+00 -1.988118006236305746e-01
5.950156732803193904e+00 7.263232447833647853e+00 -1.141588893922769188e-01
5.660832435229629311e+00 7.391938113366476770e+00 -1.426655808917445256e-01
6.421040411382243462e+00 7.086122612204412974e+00 -1.745128239656548175e-01
6.175351532157346668e+00 6.563517732985076236e+00 -3.070226701007996439e-01
6.419119071021377465e+00 7.437276319550074177e+00 -3.884504038594815967e-01
5.872021331958539037e+00 7.095528555065305554e+00 -6.297548480873338406e-02
5.964916573252782683e+00 7.158066902637401085e+00 -2.437689648973240253e-01
5.817843013343420466e+00 6.678394117926934825e+00 -6.960589843979292368e-03
6.472998699224042696e+00 7.458096071935914395e+00 -1.864434242477308601e-02
5.944916169499581571e+00 7.132732843945111867e+00 -3.717434644649983966e-01
6.083941592580917046e+00 7.018963197287435563e+00 -4.824644307851055913e-01
5.608825282164463744e+00 7.411800647759619665e+00 -3.010001369058930010e-01
7.422742136795502432e+00 7.135561575938822898e+00 -1.368487472987034437e-02
7.212655364657557300e+00 7.117164232451436590e+00 -2.949602278903746821e-01
6.961037267353425761e+00 6.528505430495037842e+00 -2.833337389810068885e-01
7.097575091404973335e+00 7.163702418081969725e+00 -1.095559414956568389e-01
7.299722964212275400e+00 7.104570585618031231e+00 -4.771934453704353984e-01
7.097801163081397746e+00 6.765471593839933462e+00 -3.156677348501357727e-01
7.032475480449436489e+00 6.574534338481626605e+00 -7.015195194935408551e-02
6.515810605568216118e+00 7.484894588199122012e+00 -3.317354640025484969e-01
6.679191358682766477e+00 6.783277152954365619e+00 -4.028536410465530793e-01
7.026790149902428340e+00 6.609007575029057335e+00 -1.881537220812230515e-01
6.944500752070606353e+00 6.855170200714512774e+00 -3.101970926843460319e-01
7.067136710447451620e+00 6.896604584763155188e+00 -1.399492198579039837e-01
7.392762609684602637e+00 7.264361375364835283e+00 -2.941545639548195368e-01
7.151539668165467489e+00 7.161107992748025453e+00 -2.971019201426692291e-01
7.218055912302553168e+00 7.330001445749037003e+00 -4.342827266858666491e-01
6.722223040844518493e+00 7.367842141341320428e+00 -3.277332535926955615e-01
7.171672244960474174e+00 7.261950872153910552e+00 -6.957377374677520265e-02
6.652580067746363568e+00 6.658628128966718407e+00 -2.013054858554372828e-01
6.561644806526480522e+00 7.380543452965607543e+00 -3.441184096072582577e-01
6.596529722689618680e+00 7.411259848913488213e+00 -1.746594953532074612e-01
-6.515986944757440114e+00 -7.048745810564864378e+00 8.652722693557635125e-02
-6.910952724177264805e+00 -6.727789192857392742e+00 4.088584158862929030e-01
-7.260054593405028456e+00 -7.473934025327768182e+00 3.128895883168958392e-02
-6.566165450006391069e+00 -6.930320078384841764e+00 3.844645178488335091e-01
-7.321478998180936948e+00 -6.646055796550692563e+00 3.534155391692905823e-02
-6.864477223073802037e+00 -6.875363420898390920e+00 3.602746173560831267e-01
-7.187027702045150512e+00 -6.622994278842057270e+00 3.773566161689210219e-01
-6.706453245308396482e+00 -7.406698174145489588e+00 1.401398171156724715e-01
-7.352945361805460323e+00 -6.603620268990447073e+00 1.848073281947932855e-01
-6.946825242182483429e+00 -6.552366407596916353e+00 4.713311006718221563e-01
-6.679168041352936847e+00 -7.358972912928845034e+00 4.498651985404560349e-01
-6.571490235231240540e+00 -6.889771983327584337e+00 4.487668582625552460e-01
-7.390419697207289751e+00 -7.189614816203073744e+00 2.482543019785126148e-01
-7.154728265952602584e+00 -6.785639792054739772e+00 2.965692718099788294e-01
-6.675772856220020479e+00 -7.350695665500793119e+00 2.748696739273892575e-01
-6.509695283010123568e+00 -6.631654260795849964e+00 1.711962001267561817e-01
-7.127951254577840956e+00 -7.291648914243340940e+00 3.143844252789662619e-02
-6.953430734552390469e+00 -6.780870529323506091e+00 4.374662122682622112e-01
-6.842273777978462590e+00 -7.490809322166434470e+00 2.035769729469212308e-01
-6.809421319502239278e+00 -7.320777871625922195e+00 7.611739947560636210e-02
-7.200479981276154184e+00 -6.906317959879596735e+00 3.453117708959041465e-01
-7.266213560384996661e+00 -7.070311677239582870e+00 3.138691970594305047e-01
-7.338281675094720846e+00 -7.036954689046210021e+00 3.564066814113839854e-01
-5.541033915094532247e+00 -7.449653863296875400e+00 6.818847353504153830e-02
-5.946337856047905213e+00 -6.912965867249523555e+00 4.895051363337881156e-01
-5.530397590793224794e+00 -7.025165976155114400e+00 1.737174267540613215e-01
-5.838719583451124073e+00 -7.456622360907041447e+00 1.412355173923209861e-01
-6.386791217384862662e+00 -7.104682451876068505e+00 4.637662823240162879e-01
-5.910985575791091406e+00 -6.950861702178062984e+00 3.871461113085263861e-01
-5.948822136448421283e+00 -7.273361275427847161e+00 2.271591284969769475e-01
-6.175149809708469384e+00 -6.834487281617599663e+00 3.573107308023661943e-01
-6.296688256383303539e+00 -6.954036121281670368e+00 2.509966762106010663e-01
-5.512655917218364010e+00 -6.705167040899900677e+00 4.367615946998064658e-01
-6.210507911741794729e+00 -7.352411966597921733e+00 1.290552995784679524e-01
-5.862239557285865210e+00 -7.233160380053464955e+00 2.895946915100644503e-02
-5.649339210067003236e+00 -6.935966431327784676e+00 2.656039891565331601e-01
-5.651794751286586482e+00 -6.533003401582591962e+00 9.315963802714932740e-02
-5.757362372215332869e+00 -7.157599478274115690e+00 3.926508845861178543e-01
-5.752844619103018253e+00 -6.724283297810592863e+00 4.017856114361784137e-01
-5.772752666958214540e+00 -6.554243635568942850e+00 3.144988608071574987e-01
-5.755256491386938400e+00 -7.017936167621902754e+00 1.218671884542992245e-01
-6.452537876121575700e+00 -6.511135480642808560e+00 3.910211079108130150e-01
-4.681996203262452028e+00 -6.586538860198293044e+00 4.769561260549615156e-02
-4.896507836291007720e+00 -6.617024611821992863e+00 6.811115980618076549e-02
-5.484857000970322360e+00 -7.395719203100528993e+00 2.673747131685679790e-01
-4.690730973239320534e+00 -7.174069815166676634e+00 4.141692985330589494e-01
-4.729898044323499029e+00 -6.874324255793895944e+00 7.562485017880860028e-02
-4.898760120318934597e+00 -7.459169233797677379e+00 3.866923596052807000e-01
-4.510334217106600541e+00 -7.252442782989326986e+00 2.413996578032389095e-01
-4.698659285053124357e+00 -6.673749499690281084e+00 5.627176778541098656e-02
-5.271223098858263789e+00 -6.909324593758595867e+00 4.943584816167074791e-01
-5.304414546863760016e+00 -6.978063401222087236e+00 1.749181998425406448e-01
-4.625407420930478963e+00 -6.589841924639737947e+00 3.413243912067578378e-01
-4.937575300716797067e+00 -6.762150369700918873e+00 1.983952631179359827e-01
-5.163927332432458606e+00 -7.452085930256909130e+00 3.465898924027026595e-01
-5.116675535138663911e+00 -7.206982059261593854e+00 1.049303095826914500e-02
-5.070712322729174382e+00 -7.082855730793100157e+00 3.841456853865956589e-01
-5.424252055600667255e+00 -6.997077409256670322e+00 3.197489726803759424e-02
-4.994889524466996633e+00 -6.960224372317567187e+00 4.463547874019262451e-01
-4.990400848052096272e+00 -7.235958266562698249e+00 4.072012620648024495e-02
-5.149926947614423156e+00 -6.614242012174807783e+00 3.482112068358595991e-01
-5.080311746481205759e+00 -7.144057168968813265e+00 8.891447188802636958e-02
-3.898956468633784755e+00 -6.981192769987940139e+00 2.161216242405732402e-01
-3.694380122368222441e+00 -6.761622750235586565e+00 4.682338596640409634e-01
-4.110268531872121045e+00 -7.319509250036364989e+00 3.090539889280226049e-01
-3.574254639485787699e+00 -6.917301659733343655e+00 3.441023662896096624e-01
-4.131985889897544340e+00 -7.492066632275443006e+00 1.119761247862900433e-01
-4.335757805509267371e+00 -7.493518468629158491e+00 2.972840702704857563e-01
-3.518437390563938560e+00 -7.076179556086827027e+00 4.768918425024146757e-01
-3.679514614282330953e+00 -6.733994400501793542e+00 2.621700938711164497e-01
-3.540316528650386818e+00 -6.829332468530147970e+00 7.175063128724090689e-02
-4.425571513937996748e+00 -7.442560079382123384e+00 1.620224450895140222e-01
-3.829849169667047804e+00 -6.778099332790050724e+00 4.948891670964936651e-01
-3.522239668172024274e+00 -7.467545308971497597e+00 3.126986638242232885e-01
-4.113484452051289431e+00 -7.208684464957014093e+00 9.102471066548822876e-02
-3.602319402913734425e+00 -7.155838376998228334e+00 2.950780899344209729e-01
-4.352709136825025027e+00 -7.164612123876561434e+00 3.303036692240208794e-01
-3.596937263915664484e+00 -6.958091789495144397e+00 1.912084017472501785e-01
-3.958495397917008773e+00 -7.456730616389869226e+00 1.228442338954849333e-02
-3.402398631861021094e+00 -6.533500390245903233e+00 3.226177962863374660e-02
-3.296483189954662940e+00 -7.006125041915543861e+00 1.223490728111702452e-01
-2.907567203938173250e+00 -6.507842800780386128e+00 1.861656389582524440e-01
-2.732565774430374184e+00 -7.308115854456080029e+00 3.606394921788869112e-02
-3.011034710521494517e+00 -7.489607496924523211e+00 4.551744895716041128e-01
-2.776380740668095370e+00 -6.771281478477395588e+00 2.787462338425594766e-01
-3.224605250758179054e+00 -6.599903362670502815e+00 7.221263489057605511e-02
-3.182167868873333916e+00 -7.147876170570492071e+00 2.299492561779583610e-01
-2.657588891843141177e+00 -7.340931412339362971e+00 3.356648145615732659e-01
-3.147550902817849661e+00 -7.025019025581380916e+00 3.081691017210754779e-01
-2.867031840027625123e+00 -6.676301669333927435e+00 3.871736451274596646e-01
-2.928130852098260739e+00 -7.489677832248577083e+00 2.747468667375461138e-01
-2.612971257788869295e+00 -6.828986075981123172e+00 2.788740243740743807e-01
-2.893008397458256553e+00 -6.858173434686767322e+00 1.192224844066913647e-02
-3.380501159648479970e+00 -6.941448341463077654e+00 4.479626013252637762e-01
-2.863756174766981744e+00 -7.024308819725016306e+00 2.045108279906848736e-01
-2.974174740564644814e+00 -6.586916687181349594e+00 1.796209342918047014e-01
-3.411928515091398495e+00 -6.693656836434755064e+00 1.678878798135965411e-01
-2.815359587270090280e+00 -7.094732883981848204e+00 4.247011377578644442e-01
-2.976047827405449375e+00 -6.927817338528018176e+00 3.080754999221753110e-01
-2.930977855001406063e+00 -7.383637856253663756e+00 4.368350517150094703e-01
-2.810493266454004768e+00 -6.949821006385193733e+00 4.647167136945320465e-01
-3.316865835880186353e+00 -7.419304650152879432e+00 2.132467026729774062e-01
-3.203528854226988187e+00 -6.975878014712718844e+00 2.328353652029733212e-01
-2.667706387196565387e+00 -6.569162810102517014e+00 4.920169969491805517e-01
-3.246246047955134273e+00 -6.539623981639174133e+00 4.740278146626835110e-01
-3.178508837245534124e+00 -6.760494377526452325e+00 3.255749002853107754e-01
-1.596730567156862790e+00 -7.321707051402424504e+00 3.997428621651426539e-01
-2.112100856276703631e+00 -7.156832754907635596e+00 3.451714497144049432e-01
-1.743057325607431096e+00 -6.537857346420577365e+00 4.434688399959902938e-01
-1.591295663826603146e+00 -7.086209606090217328e+00 2.058672582169975840e-01
-1.608436797266653784e+00 -7.260760969949623167e+00 5.538548558132028177e-02
-1.506659664126562603e+00 -6.617335890277095345e+00 2.593131204300949122e-01
-1.687432517047346536e+00 -6.609187047339314169e+00 7.034093224184445603e-02
-2.262043188888632983e+00 -7.245743932038612556e+00 2.446780905656193994e-01
-1.916113490301106559e+00 -6.910750272819727869e+00 2.562517420555359138e-01
-2.215239779651627217e+00 -7.327649505883769621e+00 4.267856018369879934e-01
-1.976715897978599479e+00 -7.474074733265685389e+00 2.612300311475301839e-02
-1.933379306407388754e+00 -6.864785961179617146e+00 4.412856066464225790e-01
-1.794434254490084868e+00 -7.071025412287563761e+00 8.558821547881123593e-03
-2.033397989890433522e+00 -7.329899428105269621e+00 1.910058461568731047e-01
-1.895641949103482382e+00 -7.403963748948180879e+00 2.144168170962501563e-01
-1.842079645602654026e+00 -6.790504004667448079e+00 2.820783252083813863e-02
-1.658270461134721430e+00 -6.726044610892674136e+00 2.948125191669888068e-01
-2.427721746165866890e+00 -6.722325571988219117e+00 4.638953482118530758e-01
-2.375305565396358176e+00 -6.723586175931324682e+00 4.941668552845435158e-02
-2.130194966595993833e+00 -6.891218500587770635e+00 3.264382397812202186e-01
-2.153178737077459104e+00 -7.013895470930225251e+00 4.872405015693637154e-01
-8.497959121453178000e-01 -7.202730795696731469e+00 4.824317796559025595e-01
-1.235988944518487287e+00 -6.951275746916506293e+00 3.904614208966670219e-01
-1.445362498191096634e+00 -7.398592542588457555e+00 2.334752276824119122e-01
-1.487149696375592356e+00 -6.703209383067070704e+00 4.677947303659131251e-01
-8.116083620659226838e-01 -7.018706559208879980e+00 1.604683062323566389e-01
-1.090911335938405280e+00 -7.314997481407255364e+00 4.606239203691320228e-01
-5.552481208238546628e-01 -6.531409268686429570e+00 1.611103313003603432e-01
-1.018904371142415499e+00 -7.141678670612082946e+00 1.667795332260695318e-01
-1.355332491904225556e+00 -6.850156884468819207e+00 3.412975519816701109e-01
-7.434407913655505240e-01 -7.394532748482902207e+00 1.797614167817176423e-01
-1.229199035292984021e+00 -6.545003348990781511e+00 4.218340165768932337e-01
-7.300320547181131658e-01 -7.447000322378703352e+00 3.630740387568796024e-01
-1.412876581817452681e+00 -6.619549611134226907e+00 1.409282514257022001e-01
-8.122495282768689151e-01 -7.007778146454584522e+00 1.606666905974716286e-01
-1.139513960575168738e+00 -7.056147645601694940e+00 1.543952626646980519e-01
-8.314987388525318934e-01 -7.465466873434849049e+00 6.651455554796292802e-02
-8.294911734489174293e-01 -6.612942340725286527e+00 3.583919514787758942e-01
-1.035213097595617526e+00 -6.981175388134968074e+00 7.641997429464808533e-02
-1.487609145287647650e+00 -6.791774715747466828e+00 4.419613340108430322e-01
-9.909193621044405376e-01 -7.065917302425599900e+00 1.254133191746831244e-02
-9.548323495088375523e-01 -6.723358703285968296e+00 2.160969243106372062e-01
-1.479641401892248354e+00 -6.751295012317650723e+00 1.664550949994758611e-01
-6.886517946534409518e-01 -7.412533693913002431e+00 4.415521116884679742e-01
3.951324733218175567e-01 -6.900632595456078100e+00 2.201008030260922510e-01
3.799194149460456416e-01 -6.968673832763228049e+00 3.897588263358535698e-01
-2.492377877206024550e-01 -6.918114058297716973e+00 2.903211414864514950e-01
3.440513249439751675e-01 -6.840645020133220733e+00 1.859208356930341921e-01
3.721223098270201035e-01 -7.072062856290073363e+00 4.302225314878000972e-01
-3.529161820065285227e-01 -6.641749356985851449e+00 3.869226971273143079e-01
4.340065228168548117e-01 -6.564691462957043200e+00 4.342768762241551173e-01
2.000112046027373580e-01 -7.272774431451417776e+00 4.920474912251986410e-01
-2.140047278069365788e-01 -6.845672039352003857e+00 2.756048665058727920e-01
7.354410967521207709e-02 -6.691555661750358652e+00 7.031095958316413430e-03
-1.042125938575599875e-01 -7.016355778307882041e+00 1.602146888979838479e-01
4.701978955997629939e-01 -7.075448600339607097e+00 3.713731418597543410e-01
-2.908357308925211271e-01 -7.221334740533614571e+00 1.133305212528412653e-03
1.851098531335049202e-01 -6.797133569606630843e+00 4.490893139057110517e-01
-4.176751537112863844e-01 -7.026632763793278613e+00 1.464821736197947644e-01
4.528449060567876217e-01 -7.238906326310170058e+00 8.698569918614218466e-02
-2.741644378756706857e-01 -6.647602732704386064e+00 3.013817407321575104e-01
-2.643221246294507054e-01 -6.961568292414348491e+00 1.595822117054321865e-01
3.533397010226329016e-01 -7.070236006509722060e+00 2.463138858834863498e-01
2.164682617124622510e-01 -7.399018205482182253e+00 3.042422506028277240e-01
-2.216005664237208350e-01 -7.456594093538532420e+00 3.140226570244557536e-01
-3.075816841681078273e-02 -6.788105835762769047e+00 1.510656651856727706e-01
-1.915870380320754407e-01 -7.009640424490102717e+00 4.064945459662983041e-01
3.697692496575113452e-01 -7.038324448790318044e+00 7.307950612605296214e-02
-1.615264970104872688e-01 -6.921512001589475105e+00 1.148018500674634623e-01
-3.492239498687927934e-01 -7.379356427872723501e+00 4.167945628615754572e-02
1.125546470628053797e+00 -7.111425179931694984e+00 3.527713050677672157e-01
9.910618459398996549e-01 -6.824518861738036790e+00 3.896258453567735813e-01
8.530654927786240904e-01 -6.588210858035469464e+00 1.829130679059609577e-02
1.045326386631847626e+00 -6.739472962491074526e+00 2.176549635981572806e-03
1.094550681292149719e+00 -7.315348742869137944e+00 2.550095819035274047e-01
1.189553228017926401e+00 -7.173133749110141899e+00 2.645287663515638599e-01
1.049543032856874447e+00 -7.226417200095583304e+00 1.293370443386283597e-01
1.051455122780238227e+00 -6.763890910773698195e+00 3.075588605134917941e-01
6.558159501397273772e-01 -6.734592142325791286e+00 1.865830910257066932e-01
5.050990722080435091e-01 -7.356320381302338340e+00 2.881266498697705458e-01
9.562067825445854652e-01 -6.560609752511562753e+00 3.839706970824128263e-01
9.923606026023890081e-01 -7.336804063531827680e+00 4.846245944172391518e-01
1.125135771946746743e+00 -6.703588122033615981e+00 2.663147815299105048e-01
1.437040960448531024e+00 -6.832326340784680596e+00 1.131603848665285739e-02
1.366342804299865321e+00 -6.579772238568654785e+00 4.925301786173470475e-01
9.362147039968089501e-01 -6.601932510969099610e+00 1.757667511434277685e-01
9.770972384296019442e-01 -6.825476455590130165e+00 3.317493644034392730e-01
9.761824148858124772e-01 -7.313842292538457635e+00 3.924837267939569330e-01
1.243820744475053530e+00 -7.026600652106588463e+00 3.131106891583481655e-01
1.611827042600857851e+00 -7.439593626424287898e+00 4.428286027782153411e-01
2.025372123670525326e+00 -7.093199338469615256e+00 2.025711270827432742e-01
1.785572000378172319e+00 -7.366339770175535762e+00 2.332063503360579659e-01
2.419448356409542811e+00 -7.476861617268856008e+00 1.409101301497823755e-01
2.424284804884987210e+00 -6.921372688441040033e+00 4.245168603776399152e-01
1.830648011624038674e+00 -7.216383094991425828e+00 4.805704848897871528e-01
2.444929511433162617e+00 -6.972230355102412069e+00 4.153407508262141334e-02
2.061278792494224632e+00 -7.059200630199451432e+00 2.418487043483903420e-01
2.325643836466818826e+00 -7.409609655385315463e+00 4.066545574856181844e-01
2.231139011719903920e+00 -7.004375668140665923e+00 3.486339449721320705e-01
1.616345139000465281e+00 -6.734568333304280507e+00 2.580596362610148020e-01
1.916138497111880667e+00 -6.915577485272733860e+00 1.609298397842220396e-01
2.448801695829894598e+00 -6.647354923208167676e+00 1.998525393421815011e-01
1.514490065095426274e+00 -6.799201499363829448e+00 1.223355244529855668e-02
2.192006431273739508e+00 -6.731608034749222647e+00 4.747473538393034431e-01
2.448590487333786925e+00 -6.896997738082261797e+00 4.939685327939962178e-01
2.103290201030389994e+00 -7.281198404113388811e+00 2.480693176133303979e-01
2.070003120340754066e+00 -6.991053109272641564e+00 4.634053711141774556e-01
1.779432550891950626e+00 -6.979179430543037022e+00 3.969327835618212674e-01
1.919604816247289847e+00 -7.246429901801222151e+00 2.303182962852492466e-01
2.052092172633658507e+00 -7.485769028336346942e+00 3.206684759311535515e-01
1.980719156501049127e+00 -7.101087261580256715e+00 1.883432328410705736e-02
2.244469269342117101e+00 -6.975358594205383511e+00 1.492187484334035474e-01
2.969439779795898460e+00 -7.176797719631013095e+00 4.562266159895429496e-01
2.792189849549593816e+00 -7.466940131063173780e+00 1.422328387142943740e-01
2.914725860116703871e+00 -6.986646150445997350e+00 3.450722894321049949e-01
2.856848251651168624e+00 -7.409690101893211533e+00 2.354635216371292472e-02
3.368392495245245755e+00 -7.004234910617503473e+00 1.380912976009316395e-01
2.912963807131097482e+00 -6.697700220865947074e+00 1.639030006656536642e-01
3.186781246750607366e+00 -6.990369679021727123e+00 3.454582402433832300e-01
3.290863518552091804e+00 -6.897003346482058816e+00 1.730650667668065523e-02
3.243179605796560949e+00 -6.609529229791105465e+00 6.639385430853650405e-02
3.122991433624498825e+00 -7.143790767258773045e+00 3.037299309962406824e-01
2.531301376174944551e+00 -6.989346070346457829e+00 3.734886429979233924e-02
2.902660468876625544e+00 -6.552125522447194150e+00 3.434324721036308148e-01
2.866476547237093442e+00 -6.954300097108196965e+00 2.403942359389912298e-01
3.147239550712379597e+00 -6.580193474174534707e+00 3.920803028649331168e-01
2.918436621565930977e+00 -7.017155606335552243e+00 6.631389912012330967e-02
3.036352139398118766e+00 -6.572003042613056678e+00 4.595813371439980699e-01
3.230936370061600726e+00 -6.969957111912901127e+00 2.117660256781555006e-01
3.387056401841643805e+00 -7.353362327526905773e+00 3.236589514290226788e-01
2.762802220825893329e+00 -7.175000345913684185e+00 3.099359289053609245e-01
2.975341400863523944e+00 -6.949862239638453509e+00 1.966333146054175529e-01
2.675938079665986180e+00 -6.650917197236926093e+00 3.354704600067908160e-01
2.738877772645716746e+00 -6.509752811748596990e+00 8.713761663844366012e-02
2.919521697077778200e+00 -6.740274172181202950e+00 1.447850455913251011e-01
2.522398391210089130e+00 -6.517087408465383369e+00 4.914192902799641161e-01
4.125103547744478405e+00 -6.711211338515755465e+00 2.986697377451577040e-01
3.800610297790719017e+00 -7.459214612051535909e+00 1.527790281367824576e-01
4.420471821562340864e+00 -7.378754799598929992e+00 1.758006643420930715e-01
4.241205001531426433e+00 -6.862731704629180030e+00 1.572908405694963818e-01
4.419399261510831067e+00 -6.974534395857181934e+00 2.705041416768541040e-01
4.083470319281301997e+00 -6.957233981552412239e+00 4.142109038968033730e-01
3.987601012136916978e+00 -6.828180445799778120e+00 1.167754009748254163e-01
4.407238691075070491e+00 -7.294306226817181660e+00 3.254976629321024717e-01
4.158715525218077858e+00 -6.937115728539771986e+00 1.314545889377853882e-01
3.558458244194319775e+00 -6.618419560832556670e+00 1.385001451018066376e-01
4.093764244664978236e+00 -6.603515344540205945e+00 8.356054619824782037e-02
4.177458591295897250e+00 -7.304711465262751169e+00 2.287928656486819534e-01
4.046002022897409844e+00 -6.530575117977925892e+00 3.632629876143802505e-01
4.137616106014712969e+00 -6.687209577211903344e+00 1.001941161437880368e-01
3.849535796583626990e+00 -6.778042937730252682e+00 2.871886436579700330e-01
3.765960003241554332e+00 -6.505962368718607891e+00 3.199665888665563784e-01
3.505172488896164396e+00 -6.699581555309913838e+00 2.413624160313467826e-01
3.747441326863970801e+00 -7.155615573602625012e+00 4.483737270411793929e-01
3.774946074954620201e+00 -7.303438394733341887e+00 2.101650378625379290e-01
3.815630820531573875e+00 -7.277145158922193602e+00 4.693156283219330760e-01
5.443811718448788639e+00 -7.305219497556048047e+00 4.032741301047302329e-01
4.798630003897397245e+00 -6.594004670970258886e+00 3.618636722064625388e-01
4.508486851184805744e+00 -6.632464577794830340e+00 8.911243816139879925e-02
4.757613353259149136e+00 -6.573271716803463782e+00 1.015234494780319352e-01
5.334713949871723315e+00 -6.704143720239703619e+00 2.206256312424059729e-01
5.224415302255627225e+00 -6.974726967190271409e+00 1.166951075532676185e-01
4.927159669818713894e+00 -6.997509032611627156e+00 1.053478232372899726e-01
4.635049700680450968e+00 -6.796488760225835257e+00 9.887441604049485022e-02
4.902952892505911819e+00 -6.824284682994919748e+00 3.522754300870207800e-01
5.099348639363178393e+00 -6.942806099686880117e+00 4.855636875229638605e-01
4.767687078665769462e+00 -7.380175003290623259e+00 4.374379551772022978e-01
4.606193522697134668e+00 -7.032036489879139651e+00 4.435920639066317506e-01
5.381157775783197650e+00 -6.916930564642107981e+00 2.635021729407505120e-02
4.586016567886996853e+00 -7.414267194421074514e+00 4.376362305520462570e-01
5.285362247019218529e+00 -6.945313352241351268e+00 2.784169450039009064e-01
4.799102521877996352e+00 -6.615981789774964206e+00 4.541213445616723021e-01
4.658215806923887925e+00 -6.982207224452364080e+00 2.235743778546019911e-01
4.522115124867731595e+00 -6.985323393851105678e+00 2.618553235700105120e-01
4.923489518052315717e+00 -6.814863862775717429e+00 9.857671703521297957e-02
4.568176226507933535e+00 -7.152640338677193732e+00 1.377169349807463306e-01
5.439287610885934043e+00 -6.735331910945208556e+00 4.619217939628619263e-01
5.469933472416357745e+00 -7.167876043974076516e+00 2.688834826566690595e-01
5.127843227532677517e+00 -6.535948840991959052e+00 1.807114751881915282e-01
5.106284140419045769e+00 -7.331194337671312233e+00 3.299058517638631116e-01
5.806791933908016290e+00 -6.942314461694371275e+00 4.443028916814135698e-01
6.352279131498022480e+00 -7.105112881890047305e+00 4.155651028604214758e-01
5.663638939785911930e+00 -7.284966107006689562e+00 2.423748250775936697e-02
5.553301279999828921e+00 -6.606342218536969568e+00 1.143529557460372104e-01
6.291152154968212784e+00 -7.173865710357596903e+00 3.554387816265194289e-01
5.966085479869638775e+00 -7.082854354001865360e+00 1.353807798293278353e-01
5.621038026709415547e+00 -6.681168957858262480e+00 4.778012009037606589e-01
6.474344942613466714e+00 -7.437445096229157393e+00 4.099479823456455563e-01
6.039978785430761832e+00 -6.700896203965991837e+00 2.716508506081201091e-01
6.484806385465461176e+00 -7.382174436378286408e+00 1.738605624872135991e-02
6.106966169666094402e+00 -7.415189361762519304e+00 4.425903517587919112e-01
6.307272219461548701e+00 -6.694543508897984552e+00 1.384823644326971248e-02
5.734552648556668686e+00 -7.485105734924274223e+00 7.820102159356601135e-02
6.235433543522368893e+00 -7.487752598483268685e+00 4.665926332119720854e-01
6.039740594858336920e+00 -7.062250971499047125e+00 5.939482330585477143e-02
6.289365876907003994e+00 -7.432278650733474379e+00 5.484230804783152280e-02
5.970773623452537038e+00 -6.679633331168036925e+00 3.971349422186758460e-01
5.700172793879538347e+00 -6.715360804997104083e+00 1.806988458774245743e-01
5.957462060619675981e+00 -7.179088419693684386e+00 1.741717049799973438e-02
6.745016813575091419e+00 -6.502289013789383176e+00 4.796297263143554090e-01
7.194243929144867877e+00 -7.205570148436563294e+00 1.530380298619515855e-01
7.311193437938916517e+00 -7.034820321932950371e+00 1.226143409068001233e-01
6.887316556235138165e+00 -6.551771908800521516e+00 3.835858629507580275e-01
7.471206103960270184e+00 -6.519930306986260860e+00 1.509311639768817770e-01
7.025698962035319184e+00 -6.694973769204471736e+00 4.711189774481088222e-01
7.023879438794619290e+00 -7.446915291813238191e+00 5.853004549843277005e-02
6.688080819361257312e+00 -7.232030136232991957e+00 4.010906420960260732e-01
6.773597828020722744e+00 -7.397963523811281306e+00 2.322723938759025941e-01
6.804472822377714891e+00 -7.463110006583549172e+00 1.506444383757408190e-01
6.784546387200411033e+00 -6.754413018127490176e+00 5.240878499817469560e-02
6.970248082128676970e+00 -7.252258445898446482e+00 2.799989919944341210e-01
6.645890612329843350e+00 -6.752205803475161083e+00 2.348188290083452756e-01
7.413689911046683179e+00 -6.509478433178459866e+00 2.036771049773289377e-01
6.874517219795045264e+00 -7.168672954393385588e+00 1.092411461470668144e-01
6.778688379381568652e+00 -7.174250021525576670e+00 1.681374149600411982e-01
6.699076599748282845e+00 -6.977687267081472910e+00 3.091324404431325945e-01
6.630021282802552207e+00 -6.978209205508654200e+00 4.227498762687265099e-01
6.759772644115230378e+00 -6.656176187351574569e+00 1.294786205824465242e-01
6.736768064278370716e+00 -6.837563897966414395e+00 2.853166324416491761e-01
-7.406505376278007979e+00 -6.453594418245354625e+00 5.378567326390104597e-02
-7.156807908345845348e+00 -5.962621608070887369e+00 1.400813753607383916e-01
-6.793819354160016033e+00 -5.582816202052184984e+00 4.622548999884887877e-01
-6.615722228254972137e+00 -5.972208350246323683e+00 2.448500817210899072e-01
-6.958502477291122368e+00 -6.392057597471310970e+00 1.021563946425381175e-01
-6.941987061764940847e+00 -5.761220825514393518e+00 2.990963451569861320e-02
-7.409138102588772590e+00 -6.329730199619688413e+00 2.431896230536629844e-01
-7.331573255497758623e+00 -5.828171887101717630e+00 1.835367864529384718e-01
-7.318880884883223636e+00 -6.186524526874073615e+00 4.845606471950976157e-01
-7.289161251210318326e+00 -6.106393969498967067e+00 4.063887618217272291e-01
-6.855345070686581721e+00 -5.878759362947124423e+00 3.565425344056833978e-01
-6.995627974957944417e+00 -6.430248835782583328e+00 1.155385774938029186e-01
-6.603085439614320151e+00 -6.340436954590209950e+00 1.223498303318528713e-01
-6.961498641749897409e+00 -6.143185479871227983e+00 1.435290099276489428e-01
-7.339310252018353076e+00 -5.716576629467829740e+00 2.958675668526780100e-01
-6.681929083289062099e+00 -5.687996792881020447e+00 3.314858919749887889e-01
-6.808032358559318986e+00 -5.753981384496658968e+00 1.322910994276096375e-01
-6.827854129362512126e+00 -6.261540405190025638e+00 3.156158900505374731e-01
-6.912200067583528451e+00 -5.929756256795035263e+00 4.917916030957609763e-01
-6.964810959807942403e+00 -5.887536064997596519e+00 4.877153689436752870e-01
-7.011373258717653378e+00 -5.830821207023292985e+00 4.041159747699296645e-01
-6.522313467645659557e+00 -5.638434996474968486e+00 4.952243383632506379e-01
-6.586307563845618773e+00 -6.090404551335277361e+00 1.888303583527104479e-01
-7.186343032505263295e+00 -6.472912760486634554e+00 2.694798800171476216e-01
-6.213198530482872073e+00 -6.375566033640000185e+00 3.446070374592071772e-01
-5.751586932492207538e+00 -5.915190771482527587e+00 5.337617939060912420e-02
-6.185191643289773999e+00 -5.647357933833649035e+00 1.382603403969184797e-02
-5.821803801804068534e+00 -6.394417041121794654e+00 5.645410382380688930e-02
-5.629895479397185376e+00 -6.121604867013354934e+00 4.329679149925524939e-02
-5.522793926853450053e+00 -6.110136925749663384e+00 4.233442058067957703e-01
-6.082072923067369352e+00 -6.250121092517288091e+00 2.572440714677100004e-01
-5.511727934252800054e+00 -5.802163129450288892e+00 4.799572678087269395e-01
-5.642110487362484328e+00 -6.475421001140254873e+00 4.528545734154487690e-01
-5.721396229581963588e+00 -6.497479257043922374e+00 3.926369033320575852e-02
-6.491015865953626118e+00 -6.287257378624434345e+00 4.848952615775203867e-01
-5.807451164882967198e+00 -5.714557630610670458e+00 6.580038322296566378e-02
-6.275345532792939274e+00 -6.233457799241053365e+00 1.272300335835492291e-01
-6.085503052176267857e+00 -6.398521924938597394e+00 4.212340687853508570e-01
-6.195567759512958794e+00 -5.704743177285091171e+00 4.672170871593301911e-01
-6.057150522761406641e+00 -5.543330288465357469e+00 1.981708295330228964e-01
-6.120915503348210329e+00 -6.285429923125609442e+00 5.035015270291154366e-03
-5.745578521961467899e+00 -6.240058850142608193e+00 3.894773051180973056e-01
-6.037332711970375243e+00 -6.402571443881561741e+00 3.931617583558733031e-02
-5.937364842517689034e+00 -5.879971601959640637e+00 4.711098166071874260e-01
-6.167101345973796001e+00 -5.586424027110351354e+00 1.452438181493729275e-01
-4.701726706746685025e+00 -5.761728645503295887e+00 1.285086999425502086e-01
-4.735087810441096501e+00 -5.859131689831754919e+00 4.847079770024933509e-01
-5.217024169627870300e+00 -6.442338478135214430e+00 3.015628870807063322e-02
-4.966078808927388621e+00 -5.864296491642684295e+00 1.994065659334864904e-02
-5.424393259484851626e+00 -5.925174195036384539e+00 1.142326463007012904e-01
-4.977425930296188739e+00 -6.069493276762858436e+00 3.234668131931375257e-01
-4.823594190419768779e+00 -6.124687024080994746e+00 1.867442473695870575e-01
-4.694216922318659613e+00 -6.233120383165664968e+00 3.404666824031536976e-01
-4.946783555213597694e+00 -6.352274344781908333e+00 1.183005860537615916e-01
-5.268138481824899522e+00 -6.063539304772607608e+00 3.336821876762545713e-01
-5.383108528436927998e+00 -5.718913955977476427e+00 2.047250354378977732e-01
-5.126076273603343836e+00 -5.616250270331966554e+00 1.200547111557117574e-01
-4.873150561627171307e+00 -5.535851153881657716e+00 3.286525222362275400e-01
-4.548262554625180698e+00 -6.217709698110129857e+00 3.999004956680316525e-01
-5.434021193016570273e+00 -6.083705097110986060e+00 9.079295011442489738e-02
-4.763586258470511758e+00 -5.750207406020960477e+00 4.372563757262959427e-02
-5.052666784557013457e+00 -5.982901247928080757e+00 3.989406675451743212e-01
-4.894255326246111260e+00 -6.308065514652803962e+00 2.014584498925131584e-01
-4.926306343489286199e+00 -6.427039295995245816e+00 3.490396997835851778e-01
-5.402849876083361202e+00 -5.809417984136785229e+00 6.029890179518915261e-02
-4.051155363973750312e+00 -6.248123264680413236e+00 2.286384604351532346e-02
-3.699634647608234683e+00 -6.111632028422564922e+00 1.945485877661905505e-01
-4.169247509030549637e+00 -6.492169401012542806e+00 9.870659873881670876e-02
-4.448179463518566301e+00 -5.810738822071701115e+00 2.640441234880697152e-01
-4.228419808296047577e+00 -5.594762488610847129e+00 2.749039103671613304e-02
-3.781259162650294492e+00 -5.847644043032159900e+00 2.129067880062969209e-01
-4.356019160518667555e+00 -5.659475324443643984e+00 3.647841424606639293e-01
-3.642790152891171918e+00 -5.565747575713794859e+00 4.425457107727375217e-01
-4.446832089133545551e+00 -6.029444144491722390e+00 1.065282732217003314e-01
-3.892416345983268133e+00 -6.497405331010996044e+00 4.046501741609631608e-02
-4.027006817331546529e+00 -5.648755024211360443e+00 3.253193284354676251e-01
-3.945069588610970346e+00 -6.292517383380799245e+00 3.010935093500606285e-01
-3.617627955772847681e+00 -5.934782598950032018e+00 2.359536474891719138e-01
-3.794957796026290353e+00 -5.534035237152968634e+00 4.334950999110294134e-01
-4.305479933837678352e+00 -6.341194826946025209e+00 3.000202943198182481e-02
-4.406885575139097178e+00 -6.424949080704305260e+00 4.173230784534478488e-01
-3.803719706573782222e+00 -6.135804615844917542e+00 4.309225879885172361e-01
-4.378118497503983519e+00 -5.775029125989685319e+00 3.701399142878383230e-01
-4.077912821535316645e+00 -6.267140896377914494e+00 3.428434777496214281e-01
-4.486326202379526507e+00 -5.837561887258934767e+00 1.235198753766368895e-01
-4.225294797985448270e+00 -5.525009778097667024e+00 4.241995530414257587e-01
-3.957598709586185759e+00 -6.364419349761588407e+00 2.000660647351040211e-01
-3.649608222047920236e+00 -6.259326911030542284e+00 3.155916194408732167e-01
-3.603683752394444273e+00 -6.131593284485338913e+00 1.393311737401408124e-01
-3.966192777737927777e+00 -5.665035459922099115e+00 8.140587936430065952e-02
-4.074156338068497973e+00 -6.296936952137491161e+00 3.195230532098030096e-01
-3.163790329347885510e+00 -6.400754599338394968e+00 1.340407853117522308e-01
-3.034856828795458483e+00 -6.371472275273822206e+00 3.005519669418870166e-01
-3.196102956079156954e+00 -5.580065968418452371e+00 1.439784915597570603e-01
-2.623965283483471467e+00 -5.972231088563063395e+00 3.337311413057015841e-01
-2.964688005921042979e+00 -6.064383089230680923e+00 4.516994261167450730e-01
-2.741825614623817131e+00 -6.151268254588926787e+00 3.246269587717272032e-01
-2.678603025592315667e+00 -6.251158813539600345e+00 4.997860145469381621e-01
-3.436475295365761795e+00 -5.510264297991075644e+00 4.832965035576073376e-01
-2.984523061583442605e+00 -5.792033421705720109e+00 1.714797508151697514e-01
-2.831463411216233794e+00 -5.811942649240295466e+00 4.551209192575154105e-01
-2.663035113741935689e+00 -6.056853003885668940e+00 2.438462563209498057e-01
-2.831337603429942007e+00 -5.838623485910280131e+00 8.518050917302844027e-02
-3.220615611199241002e+00 -5.601064956908579084e+00 4.658154696410257145e-01
-2.617620054337965740e+00 -6.450697915244381520e+00 9.897494637539949736e-02
-2.632938009821518932e+00 -5.783930640136622614e+00 2.226734605798554867e-01
-2.972521803038537413e+00 -6.224577650848858390e+00 4.371991532013428383e-01
-2.599345880447932799e+00 -6.283047343444515320e+00 1.217678693193331441e-01
-3.278417898550229026e+00 -5.639050076926133137e+00 3.551845209216857313e-01
-3.396907674909827257e+00 -6.064978924655879844e+00 2.685547877949954199e-01
-3.475073252703623439e+00 -6.492995001539677347e+00 4.493446519945010209e-01
-3.165915368665256580e+00 -6.214160366246902711e+00 3.490735401667990345e-01
-3.125344702538400909e+00 -6.004866612445724172e+00 2.823148297148279084e-01
-3.392437244069331115e+00 -6.006585681201626947e+00 3.952518015570927190e-01
-2.520629588396190002e+00 -5.509552431356375735e+00 1.204870310529511102e-01
-2.217579987730203150e+00 -5.875309490784941246e+00 5.675927284397630501e-02
-2.329360962507720956e+00 -5.676516246022258905e+00 4.008919374374873001e-01
-1.547388087934714385e+00 -5.656861602292297064e+00 9.581204503414397777e-02
-2.229556313878980234e+00 -5.884277602252515393e+00 1.282537053769008395e-01
-2.474369689349937396e+00 -6.053995225286593396e+00 2.736261135682021006e-01
-2.476646208234877911e+00 -5.835141463730631806e+00 2.449550033431417972e-01
-2.415352507453532027e+00 -6.151217373909939390e+00 2.514607666730839242e-01
-1.883739087551261626e+00 -6.320906020285397275e+00 1.311969471137359733e-01
-1.621052385008020735e+00 -5.642622553076382275e+00 4.746561029888685113e-01
-2.097745768116016762e+00 -6.141560197873263682e+00 3.695954403236889618e-02
-2.059516456492840319e+00 -5.844230933853322263e+00 3.278585304390428945e-01
-2.438603357049863085e+00 -6.362803150427931875e+00 3.424685322677394339e-01
-1.642842450712055147e+00 -5.724742586356288854e+00 4.814564112611439128e-01
-2.120438100874454612e+00 -5.956020175764869862e+00 2.686962849629779271e-01
-1.786070581308043081e+00 -5.898116826011104763e+00 3.307553720325806523e-02
-1.746940325256564286e+00 -5.965896628359152132e+00 1.653668619682626684e-01
-1.930031381890137787e+00 -5.953141399835155667e+00 2.758690796286966673e-01
-2.333488265524907845e+00 -5.626817233096287119e+00 3.449072713845637850e-01
-1.811405422801761311e+00 -5.949624551630416924e+00 4.637715818053678163e-02
-1.278605461853272729e+00 -6.292102509001844979e+00 5.357006016879495292e-04
-9.669324624665378565e-01 -5.521674080251244732e+00 1.639013462317571168e-01
-1.106810496864629734e+00 -5.872850280651121579e+00 4.201692104522916082e-01
-5.536699870201182705e-01 -6.312198289584808997e+00 4.985152872912799182e-01
-8.434156841660653825e-01 -6.348146703352920639e+00 8.228644833094378441e-03
-1.160661268665867496e+00 -5.611693832115162373e+00 3.386541916409360198e-01
-7.802223201093267946e-01 -5.526807151241754035e+00 3.542080879172768704e-01
-1.253275611874297368e+00 -5.518205494406863920e+00 8.129821284779836787e-02
-5.015824013163880934e-01 -5.531586207947134959e+00 4.569020838142723306e-01
-6.248722337280767647e-01 -6.151920165679245933e+00 4.845167077404433087e-01
-6.554537925898742401e-01 -5.842745444958578283e+00 3.583843051193209561e-01
-1.113611690403713439e+00 -6.496614231847241072e+00 6.520811290619477063e-02
-9.512177346149117696e-01 -5.941362388231276270e+00 2.395398530498127343e-01
-1.080826219419954271e+00 -6.187221853125594251e+00 4.644660015646486784e-01
-6.271837583151995688e-01 -5.614179144145167832e+00 3.884526813368101017e-01
-5.891294241589291047e-01 -6.289908358694937363e+00 3.309534118994825747e-01
-6.090847502761809196e-01 -6.015032235427002938e+00 2.359780769593857741e-01
-1.141498419331127501e+00 -5.566511920189469720e+00 1.436347746196542374e-01
-1.193025090948165889e+00 -6.130780851122888286e+00 1.223785732725062303e-01
-8.548779104129637929e-01 -6.286241454715945309e+00 3.307563600544138893e-01
-7.895259387437372212e-01 -6.122719366499819849e+00 2.668194374147923043e-01
-9.124310796565024972e-01 -6.115333821407099357e+00 1.790098089402274439e-01
-2.739406453266246544e-01 -5.727218573160266502e+00 1.662963586509498271e-01
3.328837469658250114e-01 -5.802910716070490693e+00 4.249323455585063414e-01
1.978693432611500214e-02 -5.586526874934185649e+00 3.329998615231950509e-01
3.541583881161516345e-01 -6.454369509610066835e+00 3.885401317383525566e-01
3.109612701910862143e-01 -5.866024706867013272e+00 9.145080993404164360e-02
1.296213999059148136e-01 -6.074715223226883509e+00 1.515330561996623970e-01
-3.977373498682208464e-01 -6.322583931011004132e+00 1.693365679263223456e-01
-3.795050464754963215e-01 -5.838858826762539422e+00 7.610401532996746710e-02
1.764547950904695739e-01 -6.474052059274218784e+00 1.291049851367098711e-02
-1.369768769269530395e-01 -6.019228734979541251e+00 4.202359750915363179e-01
-2.454763904607304426e-01 -6.497740609352359975e+00 1.333139126734099733e-01
2.427032850321459989e-01 -5.626456478992932553e+00 1.940956311092580933e-01
-1.410984918988722470e-01 -5.601001003864470640e+00 2.678366636141404911e-03
1.463627816282535576e-01 -5.784065457894534745e+00 4.821324032516667302e-01
3.463306310169880220e-01 -6.133294484543799996e+00 2.595105504826555887e-02
-2.784856561595026037e-01 -5.555225906896406940e+00 2.435227916068356535e-01
-2.838096613292568904e-01 -6.390496301162418291e+00 4.856180926912525564e-01
2.730398167757961403e-01 -5.758696697332762682e+00 3.825871072221538327e-01
-3.567170540471913398e-01 -5.802099393188007603e+00 2.342111101956536601e-01
-7.802915019024503351e-02 -5.602435398506154129e+00 4.994895417743094868e-02
1.125827012230669055e+00 -6.382583720241014724e+00 3.068306280592345558e-01
1.400714345300112740e+00 -5.846468222725306418e+00 1.026080468390375700e-01
9.116252102095376841e-01 -6.469499160699297313e+00 3.754570715267604442e-01
1.020491193171265465e+00 -5.567026518794164325e+00 2.497236318169786529e-01
1.096894400227924393e+00 -6.141496174043424183e+00 1.997888762506239146e-01
6.159824626097520905e-01 -6.035318875352049695e+00 3.110968407249963263e-01
9.338691432594075081e-01 -5.609028404535490786e+00 1.522804167289422139e-01
9.269054790929800447e-01 -6.410597726135717878e+00 2.875429594643374998e-01
1.423066690438464121e+00 -6.415538990229740612e+00 2.066017345626391943e-01
7.150441336056498898e-01 -5.606873659317512804e+00 7.403337568662848867e-02
1.197881627465273269e+00 -6.114691382306533640e+00 3.381974434730867785e-01
5.163377187536148938e-01 -6.337502291182731895e+00 1.513174624402466861e-01
7.445361332624091943e-01 -6.196501968346043832e+00 2.522923177451641408e-01
6.760118240680910162e-01 -6.338683547710122212e+00 1.148422459005420393e-01
6.181590535812073739e-01 -5.896441032122451631e+00 2.589881023349320799e-01
8.364205723302635676e-01 -5.572575537229456977e+00 1.829957953081606803e-01
1.278780516240164644e+00 -5.518855463726421107e+00 4.922491524945868946e-01
2.182901088522353206e+00 -6.075715750210006760e+00 5.668399155653958132e-02
1.623853771390614043e+00 -6.196083836170106274e+00 2.983123347448923823e-02
2.017661316530341864e+00 -6.170424945034427289e+00 5.951112772716626864e-02
1.858496768080822648e+00 -5.651056177295868288e+00 7.800134310134865245e-02
2.067308488797317878e+00 -5.984652308347699012e+00 4.186879924519040230e-01
2.313015289888571857e+00 -6.299023908239448133e+00 2.462223341996860881e-02
2.052753455832082352e+00 -5.975043259797969242e+00 8.426959068498973693e-02
2.151422814990157306e+00 -5.976869905104921443e+00 2.104868471311753808e-01
2.183025267496654820e+00 -6.499375206740597655e+00 3.889102368328778425e-02
2.494565152117926843e+00 -6.270192011825811207e+00 3.860904223591408169e-01
2.198861017218103342e+00 -5.750323433216554037e+00 1.553254834248747329e-01
2.063184693845510509e+00 -5.810530527228550568e+00 3.774385941827240742e-01
1.557133555283083837e+00 -6.237952282224052070e+00 1.561602766454743829e-01
2.284876967468843389e+00 -5.814352810435976515e+00 3.571436780921306564e-01
1.603409069294835732e+00 -6.312337859345621638e+00 2.432247553492157266e-01
1.800934440808127590e+00 -5.650600101396757502e+00 1.194657264099063809e-01
1.674249725185539717e+00 -6.282140464378607625e+00 3.050201627665085624e-01
2.383551189813628568e+00 -6.073741508161038638e+00 4.164934413510508193e-01
1.615915013068603301e+00 -5.601548049377407246e+00 2.139372060687474431e-01
1.636009518594068624e+00 -5.763794632939302609e+00 1.993218567559189580e-01
2.497771074665301683e+00 -5.844558999463857596e+00 1.608008897312451779e-02
1.932170299220031140e+00 -6.398017830858983679e+00 4.541672830956713369e-01
2.162405335148090302e+00 -6.309979696720433573e+00 3.299031472579372348e-01
1.778183721805522310e+00 -6.476701625998000367e+00 2.040268734450751964e-01
3.486105166102264619e+00 -6.121310376451919666e+00 1.591864544729464370e-01
2.711831084397456237e+00 -5.658161612678799024e+00 4.916732580792206875e-01
3.322507451463202699e+00 -6.305692706853813334e+00 4.508276360966689822e-02
2.978403812186972033e+00 -6.468411718021600088e+00 2.081232760761118072e-01
3.356454177696289065e+00 -6.185537708045623972e+00 2.658469716988065557e-02
2.907776529017844780e+00 -5.785657818235802274e+00 2.338681687470209880e-01
3.425408175915453768e+00 -5.522842330933682042e+00 4.433180505752574163e-01
3.057223864301301219e+00 -5.990194113762411732e+00 4.270151255003113988e-01
2.792108882671991310e+00 -6.248261770254257108e+00 1.129194559892567895e-01
2.961394428646867638e+00 -6.062235088008278261e+00 4.011183983508690432e-01
2.965851059983743099e+00 -6.333080095434254986e+00 2.483386840107559834e-01
2.825459990495378548e+00 -6.358519878905341649e+00 3.834252418783172800e-01
2.619931456551071847e+00 -6.159109301395475633e+00 3.581880006175914843e-01
3.162136316318584051e+00 -5.915626138893721908e+00 3.828672520135967261e-02
3.410179229900984765e+00 -6.364774043656128200e+00 3.283049387952736708e-01
2.834938680318337845e+00 -6.430821673958624807e+00 1.384137279535888609e-01
2.720695339995394590e+00 -6.264565069002804520e+00 9.357175804836259658e-02
3.420907453944785459e+00 -5.772232543627936252e+00 4.119558706968078354e-01
3.490418956269344619e+00 -5.603064293819184805e+00 2.741462335239930326e-02
2.928339418713434839e+00 -5.724223851553355225e+00 3.694322758062238421e-01
3.246630089329556768e+00 -5.668944473597623990e+00 2.075439015734303894e-01
4.111662151681501953e+00 -5.647231205203977922e+00 3.090110298772739128e-01
3.692429024600208720e+00 -6.459987702745508820e+00 9.421141139758937300e-02
4.305877720529805330e+00 -5.771658059326977508e+00 2.744096331405767586e-01
3.877631119921971958e+00 -5.879837367172214613e+00 3.523361095641668328e-01
3.817959704201706828e+00 -5.864827506526703260e+00 2.216313395368665340e-01
4.338173941548561174e+00 -5.746547790773124831e+00 2.825464650903164454e-01
3.538923567724017616e+00 -6.097042668552778544e+00 2.625970078226700366e-01
4.132477451923104894e+00 -6.111784778008042984e+00 4.398219237277185556e-01
4.201686841016325502e+00 -5.553023910764195215e+00 7.931571494085076779e-03
4.318517266029846979e+00 -5.707987268726014030e+00 1.327740689381222694e-01
3.838450039795439750e+00 -6.124796298057182398e+00 3.657082408906831006e-03
4.183661296184107314e+00 -5.956678139601107702e+00 2.861389923329085150e-01
3.576800698939717194e+00 -6.028982726309212836e+00 8.085183063678691440e-02
3.666453101941238302e+00 -6.091409363240692265e+00 6.660002853955404589e-03
4.343519094115547929e+00 -6.455472024401998077e+00 3.068815968776270608e-01
4.046744948092712235e+00 -6.283962765049490251e+00 1.666662299840560024e-02
3.892300114957345514e+00 -6.145084421237205774e+00 6.349239469649070600e-02
3.898361486127193132e+00 -5.971879499252445989e+00 4.302262878436113880e-01
5.341942748217665127e+00 -5.802813380904122020e+00 3.259125607429478322e-01
5.155611316183993154e+00 -6.454544297950860710e+00 2.553571896823587650e-01
5.243746842231038485e+00 -6.046682483634697292e+00 4.378325359884680523e-01
5.061540228805029074e+00 -5.583909231297078612e+00 4.959434756600842320e-01
4.922911751267255553e+00 -6.396038920021398511e+00 3.329200449422220487e-01
5.081773027085070282e+00 -5.846268844497380712e+00 8.578021727363172033e-02
5.162551724651947893e+00 -6.221952174887802833e+00 3.520841148374440621e-01
4.879781896928317764e+00 -5.950995738918847699e+00 2.258247256841521278e-01
5.075841050051073111e+00 -6.307563021058896879e+00 4.610396355350498965e-01
4.768757944166072349e+00 -5.529498706496850602e+00 4.885484078537309927e-01
5.255475230283673582e+00 -5.632395680018922768e+00 1.672326653268516594e-01
4.578410217450857189e+00 -6.075331910590837659e+00 6.185882727034730522e-02
5.486098244942876789e+00 -5.769439542246192154e+00 4.365501633307466989e-02
4.886993631857807330e+00 -5.551341637638071980e+00 1.891513493573597771e-01
4.571232730355774265e+00 -6.358033714442620443e+00 4.336652759864598750e-01
4.885365741675308016e+00 -5.746953774096819068e+00 1.037151033609120532e-01
5.346989341227491366e+00 -5.914406131868916283e+00 8.084617376309388703e-02
5.037814094564025069e+00 -6.054150483207004996e+00 4.908942071458284317e-01
5.588365213629593597e+00 -5.656254620701015590e+00 3.929756123490708575e-01
6.111846921335676086e+00 -5.576797157436010899e+00 1.854763843617188712e-01
6.429661702199775064e+00 -6.008264563458036278e+00 3.263278615182851894e-01
5.922579174028347992e+00 -5.625319146078091137e+00 4.799237538722600505e-02
6.336416166082450729e+00 -5.878469803258186133e+00 4.060053914038341816e-02
6.005251798772796690e+00 -5.773862378755958424e+00 3.357453699184667073e-01
5.624478239019609305e+00 -6.474268877472879602e+00 1.533910868952403916e-01
6.204681020101887157e+00 -6.248933615851930412e+00 1.703421410058787444e-01
6.190684568476962468e+00 -6.414922184037367359e+00 4.166258126386672700e-01
5.678629993423218281e+00 -5.912155895944826156e+00 4.137561070764377291e-01
5.974160608501581038e+00 -5.886964932746070467e+00 3.190959542751716782e-01
5.539198549950654638e+00 -5.817023147453226350e+00 4.377898488932974175e-01
6.172894477497319343e+00 -5.906883724598754881e+00 4.544219160311850914e-01
5.881379200767355542e+00 -5.578293338088692543e+00 8.712601869778069386e-04
6.400917132885226124e+00 -6.344232095058389476e+00 3.174949781058042930e-01
5.667113329467039051e+00 -5.996000185823032069e+00 3.088289232720935473e-01
6.466433739157674054e+00 -5.932006715006972186e+00 1.847063502430046356e-01
7.075285638526379373e+00 -5.966358442663926454e+00 9.614839248759032841e-02
7.144243924095224685e+00 -6.079390603860074016e+00 2.064706445460284812e-01
6.798616988849472520e+00 -6.054284801568680763e+00 4.523712548918545906e-02
6.772967780578003527e+00 -6.498788697079207921e+00 2.302069103002502004e-02
6.645785831323848925e+00 -5.767686817464702465e+00 4.239918411070551230e-01
7.172727046444549615e+00 -6.406831462799464916e+00 2.455125005413769657e-01
6.534757448434675098e+00 -5.521175065302310614e+00 2.057885167467290444e-01
7.187511568175445120e+00 -6.362361155601125695e+00 6.250418286777303933e-02
6.975132335488751778e+00 -5.683945445932411467e+00 6.498475300843153946e-02
6.627860235417163182e+00 -6.001465446594244746e+00 7.118884985613149752e-02
6.808989392504146920e+00 -6.217321160223360010e+00 3.240653410854470451e-01
6.657246409328685388e+00 -6.225152174033028452e+00 5.089097509605977621e-02
6.699793837775198213e+00 -5.719303604880842329e+00 1.828515378540664926e-01
6.565009923673970960e+00 -6.464847920990042240e+00 7.993440472145607600e-02
6.511407595892190869e+00 -6.094074242789110585e+00 6.833745358594889296e-02
7.114816489239073505e+00 -6.377230474076830191e+00 1.549367060543005437e-02
7.180055586146750102e+00 -6.236770772291074572e+00 2.351757176090529811e-01
7.128502759128004129e+00 -6.487240104818612352e+00 3.947540364278427916e-01
-7.179955277087764820e+00 -5.369370020641537344e+00 2.196518976680295054e-02
-6.761747877560463138e+00 -4.820998456257303388e+00 3.117722075360198630e-01
-7.129063849739591952e+00 -5.459311485807663011e+00 2.398457152791806379e-01
-6.949627421563216778e+00 -5.014663916316735026e+00 1.230945142471622233e-01
-7.263548599221793189e+00 -4.906204429277756240e+00 4.946524714545628143e-01
-7.029622612678498861e+00 -4.677838715481742682e+00 3.796557208732203037e-01
-7.496917094820770622e+00 -4.678727920413697561e+00 1.510356910922183715e-02
-6.639741522152156072e+00 -4.715801785950286096e+00 1.973512170351856554e-01
-7.331082465040305252e+00 -4.654008842679839830e+00 4.332311146854355144e-01
-6.924595135629032505e+00 -5.381703621258608905e+00 6.753395944043560917e-03
-7.050493844348876493e+00 -4.943841805430178482e+00 6.135942346366007882e-02
-6.878740913083028374e+00 -4.565673395707398718e+00 1.904551987244289535e-01
-6.652553546510573845e+00 -5.115983022696342530e+00 4.972170909014632656e-01
-7.194122145417112257e+00 -4.773509777801706377e+00 1.379609484752464255e-01
-6.817628590107538855e+00 -5.303521446984304610e+00 1.681341886023872689e-01
-7.255768761333390771e+00 -5.088425998533844918e+00 3.239958810311645010e-01
-7.118649989740838180e+00 -4.609317131091795083e+00 3.366014748594636785e-01
-7.103458938234200382e+00 -4.969616661766977472e+00 1.944981813131683168e-01
-6.760070429997144359e+00 -4.949675380458502971e+00 4.464941941365907496e-01
-6.742559059396496579e+00 -5.097422840129018695e+00 3.870277819779932571e-01
-6.954076242804549501e+00 -4.979399631556860051e+00 3.244107672718694602e-01
-7.066293860271050775e+00 -5.256602168435676958e+00 3.028082236942886141e-02
-6.828776373582717163e+00 -5.290886148803140898e+00 4.421498861979991091e-01
-6.698679123413304737e+00 -5.219481869483368008e+00 1.680757142977640228e-02
-7.305578954655239876e+00 -4.964359762175061697e+00 8.071167570263959590e-02
-6.715366950096922416e+00 -4.877974158729550425e+00 4.858282652474006369e-01
-6.543633009564340242e+00 -4.585705481109943804e+00 3.476242781291372097e-01
-7.222300671778358883e+00 -4.557780493079707895e+00 2.177593641550270576e-01
-6.699731961910201150e+00 -5.286088339970165251e+00 1.264971624064088473e-01
-5.751703888834204470e+00 -5.388725176328498456e+00 5.156323898429704400e-02
-5.574949373155474674e+00 -4.837741360932547252e+00 1.826765058595558600e-01
-6.248423099760103128e+00 -4.849122245301961343e+00 4.349510026716334465e-01
-6.126459728785914827e+00 -4.785610981711931444e+00 4.256852625205951313e-01
-5.562992252415203787e+00 -5.329084585788595341e+00 8.987549519931370412e-02
-5.708141839009820195e+00 -5.272445748936799959e+00 2.908475126053620130e-01
-6.365545350254256718e+00 -4.949458812415290510e+00 2.930053900511939702e-01
-5.786555506940382898e+00 -5.013520939605774274e+00 3.407777344866236291e-01
-6.038126199600456268e+00 -5.189664660244507566e+00 3.338264832515420721e-01
-5.642506595133566449e+00 -4.839820395899262273e+00 3.165939397053563198e-03
-5.970891788534700595e+00 -5.276071051468376183e+00 1.942171966241623693e-02
-6.223866793719558643e+00 -5.108366509193607463e+00 3.699850190434617048e-02
-6.149079034606836913e+00 -4.605831584467103390e+00 1.280245424772665785e-01
-5.653580854271589295e+00 -5.196528977984651299e+00 4.303666154760197315e-01
-5.736863260659724517e+00 -4.574364016295521473e+00 2.399797693431029444e-01
-5.682193210727723098e+00 -4.751841503439964143e+00 1.415774275104269009e-01
-5.695521232783397281e+00 -5.113617299767194702e+00 8.800522418816925097e-02
-4.828615552092101915e+00 -5.367364397913235052e+00 3.246081064401042937e-01
-5.327243904954010567e+00 -5.304699196954446805e+00 4.807453460499733211e-01
-5.199875307047478579e+00 -5.403810436697902730e+00 3.561810323523193489e-01
-4.580552495564671922e+00 -4.720135223127061685e+00 3.125054891640655086e-01
-5.486564392496381615e+00 -4.894832662172300175e+00 4.902025912852572276e-01
-4.888096576677047445e+00 -4.832259782659318326e+00 3.391773352564584343e-01
-5.073626984908322868e+00 -5.142164909653409666e+00 1.426080312888284851e-01
-4.888604584495526595e+00 -4.561150219416496121e+00 2.038185879178229243e-01
-4.970213574260658795e+00 -4.982777910033841628e+00 2.637689023400842103e-01
-5.332142774989552692e+00 -5.088431802077934663e+00 3.167691124891209853e-01
-5.087167774385186192e+00 -4.647339601502807227e+00 2.940643719042501658e-01
-5.264026997763750160e+00 -5.481730463916965057e+00 2.190556317793834751e-02
-4.589685301646791338e+00 -4.797925767952198939e+00 1.629318992753265860e-01
-5.475021451247456206e+00 -5.271377503795934061e+00 3.999462798855013546e-02
-4.824229408555703813e+00 -5.223389348451524583e+00 3.188718176565465967e-01
-4.593373598628081034e+00 -5.324993707634146034e+00 4.550632040771418474e-02
-5.433249395535735715e+00 -4.705486661403439186e+00 3.518469745274810379e-01
-4.780206753125376018e+00 -5.092087794426050529e+00 1.203357720741013992e-01
-4.547547342316354602e+00 -5.073126007480965427e+00 1.516663346026518866e-01
-3.691530041831313280e+00 -4.803838165168805574e+00 1.115628886748147863e-01
-3.749113719797794175e+00 -5.096749319616974638e+00 3.101774076812926495e-01
-4.111612318241316899e+00 -4.530035811709235638e+00 9.506809948536698585e-03
-4.152804379986198668e+00 -5.440008476150937078e+00 7.338231182113830187e-02
-4.292006098062074670e+00 -4.640155189579194150e+00 1.542194434691612770e-01
-4.341430069157303784e+00 -4.581835422316369311e+00 8.293951143878430798e-02
-4.228691096408993211e+00 -4.986557486207289891e+00 4.328990295358590146e-01
-3.687407071799226888e+00 -5.387767040691812781e+00 4.995204821547876151e-01
-4.022725444579922538e+00 -4.963456719072932621e+00 7.848976878429070325e-02
-3.890141064831453832e+00 -5.235874901764042910e+00 2.642293911455926292e-01
-3.707614073905785457e+00 -4.934445116142881282e+00 4.592440614572588231e-01
-3.652459848089787187e+00 -5.437671813296186762e+00 2.913109534633431252e-01
-4.086275732337471212e+00 -5.156773029893559013e+00 2.118907606192550475e-01
-4.193796909915861626e+00 -5.096773203535367003e+00 3.929095933794872764e-01
-4.196969498931280462e+00 -4.874634950203930117e+00 1.507915012744192040e-01
-4.317571334479284317e+00 -4.956750828507716200e+00 4.517058028646658840e-01
-4.159058193176846885e+00 -4.615476031142524249e+00 1.301987129888910744e-01
-4.077909077861304965e+00 -4.626119093616376077e+00 2.530665286421989180e-01
-3.972560189470875081e+00 -4.520408245603436015e+00 3.611301139786782244e-01
-3.787160577745543932e+00 -4.917192496284073400e+00 4.051866802936405776e-01
-4.463169434122360002e+00 -5.150271069987329753e+00 4.248104103512684304e-01
-3.730069775728702020e+00 -4.517998295131922859e+00 2.877399816033765489e-01
-3.273475874937991748e+00 -4.959405313507753377e+00 4.599768327676869717e-01
-2.601174926961226319e+00 -5.493887211778972990e+00 2.959868565246921435e-01
-2.552991726522318316e+00 -4.529700559790116543e+00 1.299663317623505066e-01
-3.283483682587953645e+00 -4.876522986728058839e+00 2.351388823472841949e-01
-3.081632510499966671e+00 -4.663292645475956455e+00 4.112845155854749635e-02
-2.655421467282125469e+00 -4.775652559278563913e+00 1.404612644943252775e-01
-3.307641345393976806e+00 -4.787944491019129778e+00 2.095698237616510085e-01
-3.336692528188066831e+00 -5.381977307337922234e+00 4.556497722992052246e-01
-3.003323481979185416e+00 -5.257986274071023480e+00 4.884275966670017510e-01
-2.689330493650846421e+00 -5.222758337379070248e+00 3.333339101289212181e-02
-2.868053897435475008e+00 -4.738127987924585227e+00 4.331577274680071810e-01
-2.802548988188583223e+00 -4.831519816920775590e+00 3.756916979373148280e-01
-2.590180825394075903e+00 -5.069513283224631905e+00 3.816211949135990267e-01
-3.476863361681257203e+00 -4.588602167245947605e+00 1.490550217276993550e-01
-2.589179761987850270e+00 -5.490606021690329186e+00 1.521926340693831037e-01
-3.085936261043187301e+00 -4.995330494267741450e+00 4.809412188887716155e-01
-2.930193116079398585e+00 -5.422272057322393479e+00 4.199791716353011850e-01
-2.721618996709889160e+00 -4.534908380357185465e+00 1.447897155962731830e-01
-3.072896639327518997e+00 -5.342608230646806788e+00 9.567156137331700450e-02
-2.785215543491146306e+00 -5.346712021853027075e+00 4.896408356120218741e-02
-2.597316721719248100e+00 -5.212295238273264353e+00 2.042377375368609194e-02
-2.418056997101536432e+00 -5.059250357584234692e+00 3.122414991491595515e-02
-1.512571499220127791e+00 -4.714771304061202706e+00 3.949566081801449968e-01
-2.455910985486616127e+00 -5.414126243987948506e+00 1.332013998251682096e-01
-2.184227584623643637e+00 -4.840096637721440942e+00 4.310214639105041101e-01
-1.675067569487199926e+00 -4.860468677184975661e+00 4.063895953303884312e-01
-1.781330524212754618e+00 -4.658437430644275956e+00 2.606154172604675523e-01
-1.923381394396855626e+00 -5.174934006726142677e+00 6.895508896238666807e-02
-2.232453254591329816e+00 -4.751402460789361015e+00 4.075292796709621967e-01
-2.471696373547747960e+00 -4.917142179379056621e+00 3.812429681048712382e-02
-1.644661016663943265e+00 -5.356317429893189264e+00 4.295608939293877881e-01
-2.489571484425450620e+00 -4.617999578942005634e+00 3.957598285833814344e-01
-2.291076796556293260e+00 -5.296130426984755779e+00 4.415771026214603268e-01
-1.674241701870345267e+00 -4.858141903047091148e+00 8.982889325820231363e-02
-2.165468992093056322e+00 -5.010191616188294894e+00 3.804119396850698109e-01
-2.096412380895349870e+00 -4.867318043952423068e+00 3.297976893242182683e-01
-2.244452762165730419e+00 -4.579413506181328586e+00 2.753971965376500464e-02
-1.930983452583278748e+00 -5.175886382061197111e+00 4.491250368871391174e-02
-2.400931929502846174e+00 -4.983480287805276632e+00 6.634287575860042807e-03
-1.907763227381660265e+00 -4.750851620158685229e+00 1.090276829098471012e-01
-2.358006181005466217e+00 -5.347863914336192792e+00 2.829687761867027973e-01
-1.218612301877342041e+00 -5.419703984286970311e+00 6.143153733062511890e-02
-7.651405985546109179e-01 -4.502389034998960149e+00 7.881550119081204286e-02
-1.183861974086372726e+00 -4.645077909524948367e+00 4.327588883844661893e-01
-1.461675433921601375e+00 -5.178627934929470378e+00 4.788693812962794283e-01
-1.191726408285366468e+00 -5.061906589462915385e+00 1.371526689008835120e-01
-9.751771061683065511e-01 -4.979131876141964064e+00 4.632251800691289390e-01
-1.325236155256330761e+00 -4.549559734808453548e+00 3.146915458238677132e-01
-5.554607671280269443e-01 -5.108921556018379384e+00 2.609920015952837957e-03
-1.253824439562002624e+00 -5.338138391488998380e+00 4.007734963292772790e-01
-9.890698128471280270e-01 -4.986376219069053484e+00 2.540943521849143849e-01
-6.566777058494217556e-01 -4.509266319157104519e+00 3.629501479149510601e-02
-8.200143842663498717e-01 -5.133247409601730205e+00 3.214548792167448710e-02
-8.966065449547873101e-01 -5.325270080500502878e+00 4.593278359484163076e-01
-9.308395783839706894e-01 -4.827299236621570344e+00 4.596268851698148694e-01
-1.318481937261111625e+00 -5.211856758846341364e+00 3.234212700857650447e-01
-7.366450724962083640e-01 -4.718991184767726388e+00 4.692592933085677487e-01
-8.067840509278267902e-01 -5.098948331933515377e+00 3.724121434214247017e-01
-7.500201170534754880e-01 -4.908217736295829248e+00 2.535667035351369947e-01
-7.161013009525740713e-01 -4.607086084725536601e+00 2.345418120168254461e-01
-7.766979080312221839e-01 -5.294807679563854563e+00 4.405384014860391773e-01
-8.030927335907565023e-01 -4.557736115748610040e+00 8.158542942771696005e-02
-6.111478001296202223e-01 -4.865709894363749122e+00 3.260307815074021676e-01
-5.355907444169467624e-01 -5.339390149061942203e+00 2.298347438480448091e-01
-6.821989317745051906e-01 -4.818909875023960510e+00 3.804147941102549169e-01
-5.131726628994108808e-01 -5.343068997076650284e+00 4.556067546797226697e-01
-4.842135682766635085e-02 -5.113523672783941265e+00 4.118565257750148589e-01
1.834572414565105447e-01 -5.280960921959448662e+00 2.666815683243939361e-02
-1.998659430804661241e-01 -4.682098555994620881e+00 1.426971692073646381e-01
2.815317442473324050e-01 -4.919128939245888787e+00 3.249831860869711875e-02
-8.882121566880485375e-02 -5.425059288818736114e+00 3.323430710805421739e-01
7.818280163766289093e-02 -4.538735908791421636e+00 4.543106311916833562e-01
1.179782843833034889e-01 -4.693700825086274619e+00 1.162492493082538658e-01
-2.019770270525738098e-01 -4.685947845699176995e+00 2.850164226490665698e-01
5.494536052945431237e-02 -4.688279705847754997e+00 1.986652756143865162e-01
1.008352645416872306e-01 -4.799991214584541588e+00 3.867292642801185565e-01
4.324105521307952671e-02 -5.109852206324339008e+00 4.316848809843456536e-01
4.437151658321747405e-01 -5.126600808463971148e+00 1.469435933884160050e-01
-6.793177057590771284e-02 -5.385814868362043484e+00 3.809975538510581572e-01
-4.066300796015882568e-01 -4.632698051820489660e+00 1.353315433187045613e-01
-1.509010978111291479e-01 -4.580311894586003518e+00 3.492420338789727907e-01
2.138192576152517788e-01 -4.778700534636564967e+00 2.305442794111414173e-01
1.061551817214896332e-01 -5.497376354888062089e+00 4.300546192815204449e-01
-8.144364565814754542e-02 -5.249887858464898471e+00 4.133449517965868125e-01
1.497390842200564620e+00 -4.812526894166018643e+00 1.900701604611469975e-01
1.496238444377942400e+00 -5.308933954171238589e+00 1.529349661192469512e-01
1.158388049806074349e+00 -5.471648830750324599e+00 1.987861090605846925e-01
1.036299164775348558e+00 -4.723396257950519761e+00 4.221468697310939433e-01
8.716405052842173262e-01 -4.552168976161572012e+00 4.961529287438128932e-01
1.485192352305620744e+00 -4.688864702154496023e+00 1.136448044381719313e-01
1.304546006164326144e+00 -5.234094308788569627e+00 3.654765239690380696e-01
1.137607665677069946e+00 -4.910841729490742047e+00 2.752806085915882051e-01
8.240167803422835391e-01 -4.551790723513074788e+00 3.023452179552599262e-02
1.241528897159218658e+00 -4.607976179478098011e+00 3.923156501277453856e-01
1.036930944961373058e+00 -4.757514221152205458e+00 3.373947684519418289e-01
1.167292562133180667e+00 -4.968636760969443067e+00 1.453260973050856109e-01
7.828707595840658229e-01 -4.685643676084084497e+00 1.055232797022114255e-01
9.251601053538731634e-01 -5.025090775878696903e+00 4.815450152863256505e-01
7.352188953040794672e-01 -5.455084458486165744e+00 2.208834674726958269e-01
6.572392943708980084e-01 -5.142433100006904567e+00 3.580222596347581998e-01
7.720911591952006603e-01 -5.103625834554667229e+00 1.197939736720154968e-01
5.402499544674910226e-01 -4.630607302777166367e+00 3.321741240508746529e-01
9.217529786616953658e-01 -5.355319506731159862e+00 4.728888212809927438e-01
9.741078963116809319e-01 -4.971165375797818697e+00 2.646719124127194789e-02
9.825127799394124395e-01 -4.958008854250194553e+00 1.760201311154663273e-01
1.047475288480164579e+00 -5.407107704302149820e+00 2.208821839347976379e-01
1.028109490494143685e+00 -5.197694534019642099e+00 4.617955746475814749e-01
7.959411830015632461e-01 -4.607428124017748594e+00 2.532294865072817203e-01
1.732110931917206997e+00 -4.506074843277104947e+00 3.104952611938216478e-01
1.985511451491204227e+00 -5.354653240548350901e+00 1.043471217946301266e-01
2.356902811689522537e+00 -4.667827424264299196e+00 2.598924970490976705e-01
1.941193430656189989e+00 -4.615585148024492490e+00 4.172368694174224402e-01
1.929702203177601660e+00 -5.492202675559982872e+00 2.439631984528034536e-02
1.612902825574511922e+00 -5.205981888082335196e+00 2.978815392844396115e-01
2.139945484312047341e+00 -4.974758708140074148e+00 2.665072184146577428e-01
1.759080725593959116e+00 -4.751745866982824751e+00 3.568244673613101270e-01
2.250454003987670148e+00 -5.152613504665252364e+00 4.887804871005965168e-01
2.072720297821014412e+00 -5.020233655682237561e+00 3.387575572652981037e-01
1.803843067002896206e+00 -4.655386343122626336e+00 4.895000601067724944e-01
2.044061606241612594e+00 -5.367725585666422994e+00 5.180516801639178937e-02
2.358484495384429280e+00 -4.845223985388314780e+00 4.898581684669149894e-01
1.665758902371823780e+00 -4.601474038523109655e+00 2.512016361372992890e-02
2.173340873156456965e+00 -4.933579075069141062e+00 1.359080160922303548e-01
1.829141092494399601e+00 -4.919866597500846872e+00 5.440957215408737113e-02
2.109492614777142450e+00 -4.547312774586111495e+00 2.310215804476634105e-02
1.940762891896122611e+00 -5.086841519904290010e+00 2.064493286973601016e-02
1.848699065353651250e+00 -4.630559495093583777e+00 4.356965583051426449e-01
1.973660896887180272e+00 -4.868198674548135152e+00 2.698656160764620893e-01
2.160467559061480358e+00 -5.049323287385808712e+00 8.627674931299722516e-02
2.071822944478364903e+00 -4.545773185059407417e+00 2.644133927361469460e-01
2.761629036636962908e+00 -4.834813746059806405e+00 4.215903162282241823e-01
3.145292558769927638e+00 -4.592821997294592506e+00 1.341678516969881940e-01
3.334572364989268678e+00 -4.568257517296729020e+00 3.640929356017963414e-01
2.554834467080587146e+00 -5.414521296469771983e+00 5.221416763179043130e-02
2.876139290416620753e+00 -4.922672868181618533e+00 4.710384222572816526e-01
2.887817959224818765e+00 -5.072797055114744325e+00 6.237101422703439368e-02
2.862181042785991281e+00 -5.395503477563726058e+00 4.900027573980043627e-01
2.830729351672861327e+00 -4.868880744740780031e+00 3.862410473020450041e-01
3.453240057060796175e+00 -5.003031710999713333e+00 3.734019667665418041e-01
3.020745838004113892e+00 -4.772654746975808493e+00 2.101617858734527999e-01
2.875162772555251323e+00 -4.721211687637278054e+00 2.679454058862091870e-01
3.412977624536438270e+00 -4.889484821802014380e+00 6.844413704247109820e-02
3.179485347102673387e+00 -5.155554681028421626e+00 8.646339638838718145e-02
3.047206089284522079e+00 -5.078803786509340945e+00 3.483703952963494999e-01
3.468081851760530299e+00 -5.000475423822368981e+00 4.986148462141617443e-01
3.182126622415628603e+00 -4.643833133772367283e+00 4.736368839674067743e-01
3.269230944357872204e+00 -5.084109656509282260e+00 8.077064572738024140e-02
2.646531298416544331e+00 -5.222935453399101924e+00 4.947793975833292279e-02
4.357370648613688502e+00 -4.578637438354232536e+00 2.651812530209145535e-01
3.815924649108715982e+00 -5.037560602844410873e+00 1.873170559772905364e-01
3.696671112000309734e+00 -5.140354419550416942e+00 2.876712951629301074e-01
3.858125772257201547e+00 -4.610963479487229399e+00 1.996146949989778818e-01
3.791288240560369616e+00 -4.670351880262092692e+00 4.388395996578964287e-02
4.259772603182582884e+00 -4.506993194610753761e+00 1.840520956398705721e-02
3.695915839171000528e+00 -5.282146304410838766e+00 2.959034300833316422e-01
4.182435121575643677e+00 -5.205872672732456685e+00 3.166069678233611739e-01
3.684782288645928716e+00 -5.126198705272532408e+00 2.926100851816055837e-01
3.501044222474304135e+00 -4.535672426652426203e+00 4.521181283954032182e-01
4.045466041638881904e+00 -4.748569751026440855e+00 3.847264938990786476e-01
4.295499766889108173e+00 -5.016683171879625647e+00 1.234825423734449146e-01
3.883149615780974173e+00 -4.968737822373953783e+00 7.110357950122292436e-02
4.190515354163231621e+00 -4.879690345737416557e+00 1.151040608859776881e-01
3.625591899636123827e+00 -4.609554440144813192e+00 3.307306118030837183e-01
3.643549003442249301e+00 -5.312017454876158951e+00 1.378707282410971402e-01
4.197304622472863400e+00 -4.699117711004999975e+00 4.561607869179002961e-01
4.269953662621734480e+00 -5.114248429835836163e+00 1.272401285720281550e-01
3.582213669012119794e+00 -4.734947307576602427e+00 3.673677729010318416e-01
3.630081847604788692e+00 -4.905091320107172415e+00 7.599629101548721621e-02
3.557284806721536796e+00 -4.780571625021853954e+00 2.284225583333228116e-01
3.607994552846928826e+00 -4.619543299030897998e+00 4.272215502787481967e-01
4.068441700021415031e+00 -5.253754099767439456e+00 2.654554331610885498e-01
5.021308599639578318e+00 -4.532091206049998711e+00 1.961532729159838340e-01
4.741992662100372513e+00 -4.944960372012245031e+00 1.691277955524750354e-01
4.502755642304997252e+00 -4.646843166806823078e+00 2.094907537528971631e-01
4.954685810918622479e+00 -4.923171316287907828e+00 7.769749990184671162e-02
5.374566622383245118e+00 -4.563043978865638728e+00 4.772449992924361339e-01
4.506126625091157578e+00 -5.224242132721552245e+00 2.209320027094623384e-01
4.695267252724063312e+00 -4.968043463383994940e+00 4.103670992915109395e-01
5.479322700590600448e+00 -5.095416849033751916e+00 5.658769723370227211e-02
5.229054793193245843e+00 -5.173235584748724136e+00 2.455522936887728491e-01
4.942863803313599647e+00 -5.165512481041178994e+00 3.497026562535090477e-01
4.645559800508571868e+00 -5.315411032252076673e+00 4.920280111344315088e-01
5.198277706734661052e+00 -4.979519815586507470e+00 1.732945044063249895e-02
4.616273817561729942e+00 -5.481996264497468019e+00 2.119656538212666419e-01
4.863186869530956358e+00 -4.520106512505121188e+00 8.317407764724471519e-02
4.866172079031308328e+00 -5.383265477785813324e+00 1.864525397111158611e-01
5.497093739031194914e+00 -5.051183885980010224e+00 3.172698085715399685e-01
5.498982129608878111e+00 -4.984958735386628703e+00 1.689882549974246473e-01
5.143760801265452542e+00 -5.078190337463311721e+00 8.937956116946388363e-02
5.320790709137735774e+00 -4.504756769832515495e+00 4.529187018104678941e-01
4.601927507581228483e+00 -4.897691317772115305e+00 1.942221354230593278e-01
4.694078290770107742e+00 -5.152122218516216989e+00 8.059367825778807060e-02
4.944411333770521111e+00 -4.569270204241076883e+00 1.427713332798639101e-01
4.973772649153541892e+00 -4.660608521497073831e+00 7.805117825012963806e-02
6.141224171905500739e+00 -4.893217607978931127e+00 2.587325721087836428e-01
5.847670872007114440e+00 -4.872115469177598079e+00 7.538783695132877938e-02
6.096910155860054914e+00 -4.542010469116598337e+00 1.089655382236287551e-02
5.963730573503706722e+00 -5.498949022699611611e+00 4.757764075721517827e-01
6.243579052615654490e+00 -4.927922184165366204e+00 3.336958061155286259e-01
6.054024093843361598e+00 -5.039463723931985939e+00 1.474603930074351865e-01
5.569809185462540668e+00 -4.668488054136052057e+00 3.404985196919021462e-01
5.997657543297219007e+00 -4.768476607341741946e+00 1.169470524888680529e-01
5.745618236487700869e+00 -5.078312325230105451e+00 3.636562910753067257e-01
6.274964614303918609e+00 -4.708914437027172717e+00 4.061164875574405642e-01
5.960556239349399377e+00 -4.627998598378402662e+00 2.990317757631650863e-01
5.733606755430180613e+00 -5.307686383938006180e+00 4.748948955954670481e-01
6.466599978693547968e+00 -5.209898960109028643e+00 9.078335313480323521e-02
5.580334742482502719e+00 -5.164203071881190432e+00 5.824142969293077954e-02
5.622595182638473688e+00 -5.475025006152993257e+00 3.737471511119636602e-01
6.325949235738464793e+00 -4.883174728322810410e+00 1.053645189670415760e-01
6.123170222899199544e+00 -5.177346999297641084e+00 2.935951655023618656e-01
6.427483897837614535e+00 -5.370337800696530550e+00 8.379156301235113347e-02
6.411492347877539189e+00 -5.474121937937937332e+00 4.950290756585022933e-01
5.710731878084342128e+00 -4.970213424869427854e+00 5.431817791912152416e-03
5.580085445541874023e+00 -5.166907038932212259e+00 3.156387147286796591e-01
5.761807547508869476e+00 -4.958752756564929420e+00 1.332576213766216711e-01
6.076327454886689239e+00 -5.218990391920940830e+00 2.849281694470064963e-01
6.447067517007059934e+00 -4.995120023872283710e+00 2.771408402024935214e-01
5.881388623148698258e+00 -4.678204625134801731e+00 1.164597106850298047e-01
6.659790951409291893e+00 -4.605548240949872252e+00 2.221019738290124224e-01
7.381785195784729581e+00 -4.774482219375022041e+00 1.415813922884083809e-01
6.868097018928095210e+00 -5.381125792165941668e+00 3.604119603979700770e-01
7.441921345671147492e+00 -5.379419437866955533e+00 1.981981751334771502e-01
7.363439271196369873e+00 -4.872474212225866630e+00 1.033935962699814581e-01
7.425518897735567947e+00 -4.751148911316280810e+00 2.790225662597052292e-01
6.589107778218004086e+00 -4.608479147440563750e+00 3.896598909956416890e-02
7.244558451405760380e+00 -4.669716305106311971e+00 3.126859873865956985e-01
7.200980371811965597e+00 -4.572865275121055895e+00 4.009467467094900428e-01
7.035401565649086919e+00 -4.994050831224492448e+00 2.278628494642020996e-01
6.772605495994703517e+00 -4.968945835904237995e+00 1.932940567938707943e-01
6.947741474267846939e+00 -4.941278743448648036e+00 4.066259491584336416e-01
7.270988153353547645e+00 -5.184480316999321658e+00 2.032423606328119803e-01
7.185093367472374482e+00 -5.374290619270772673e+00 4.671825862170990717e-01
7.263696721869461470e+00 -4.872044734174178160e+00 2.937778476196779565e-01
6.653116948869890024e+00 -5.259577733966112056e+00 4.634337556547478698e-01
6.599070271164769963e+00 -5.151781107688338857e+00 3.409190262981365294e-01
-6.866527217934922156e+00 -3.652368878451911716e+00 4.276306396401086118e-01
-7.112404164359655390e+00 -3.862567975744102267e+00 1.448601487945424537e-01
-6.718259927219540018e+00 -3.816404081893820077e+00 4.522054751348623114e-01
-7.273723483232438447e+00 -3.970555201186949823e+00 1.055142978312098023e-01
-6.956366183143769533e+00 -3.860080086314994219e+00 3.712531206094737968e-01
-7.043478326730036265e+00 -4.456727753578480389e+00 2.435996929108501519e-01
-6.522556747568009961e+00 -4.490092459782431433e+00 1.935625994784402337e-01
-7.463247417824754315e+00 -4.427366557849872208e+00 5.485196527000191224e-02
-7.378999157010590615e+00 -4.059943691715781178e+00 4.151786960827212880e-01
-6.831958392992986795e+00 -4.078440074710533381e+00 2.908181107222613804e-01
-7.353745046060141455e+00 -4.304229691584257722e+00 1.736182506553038962e-01
-6.962425713334342348e+00 -3.671915728259860678e+00 4.594595586727834302e-02
-7.022257977826715347e+00 -4.050468857436594128e+00 4.197754629531029735e-01
-7.179584950011617117e+00 -3.784791204231711337e+00 2.058078557751805704e-01
-7.055885749189880762e+00 -3.593623452101652571e+00 4.380875080523338738e-02
-6.503349065598544421e+00 -4.436624004694670553e+00 2.762059543022239438e-01
-6.752509424285823236e+00 -3.716102185568954219e+00 5.318191125914495387e-02
-6.820860740073632300e+00 -3.817108820762182830e+00 4.813897209911708330e-01
-6.707224633146713799e+00 -3.631787015696383847e+00 6.259187529922627391e-02
-5.888443695682195056e+00 -3.948804878583656031e+00 4.950957491144780676e-01
-6.276982812772572196e+00 -3.843040181333339689e+00 2.868187175576171200e-01
-5.565191636316118462e+00 -3.547562072925932064e+00 2.854145447672920000e-01
-5.513806582051127947e+00 -4.248144355525869109e+00 3.311642921012385443e-01
-5.560423770392397991e+00 -3.976601900124112188e+00 1.461464809385795149e-01
-6.440407074462100923e+00 -4.132565024565268530e+00 4.259313609258903455e-01
-5.601329501164077129e+00 -4.064822565530728404e+00 1.719342501308851467e-02
-5.673241708353501167e+00 -4.211614605968629022e+00 4.771943904867477215e-01
-6.220549468163461881e+00 -3.976667475358762971e+00 4.094052157283964988e-01
-5.911000979242895248e+00 -4.296473894797169457e+00 3.115792643049193344e-01
-6.058831364557867083e+00 -4.416143689121367011e+00 6.540658459860893004e-02
-5.946473180217898502e+00 -3.647158453184061955e+00 1.419493522190080625e-01
-6.324153039964230949e+00 -3.776163181772133282e+00 2.232038087960575012e-01
-6.339504492108805067e+00 -3.900403422315632529e+00 3.551787391920466774e-01
-5.646816381131759321e+00 -4.271628570513352763e+00 5.107162968323208929e-02
-6.085036084454585215e+00 -3.570548758604753736e+00 1.057329730881786389e-01
-6.264227456145605721e+00 -3.933539753565230335e+00 1.497209146813709424e-01
-6.024312387383903733e+00 -4.198584393341924681e+00 3.517986469606704247e-02
-5.778245985266553753e+00 -4.463413000030136857e+00 2.883423569063126024e-01
-6.241520583510484776e+00 -3.699956240539514329e+00 2.993684219696852722e-01
-6.424019969193564883e+00 -4.416682496272571257e+00 2.237931310548884056e-01
-5.384127762143182672e+00 -3.550687232412190308e+00 2.863349490785882523e-01
-5.322712909819510507e+00 -4.313661067271143956e+00 3.838553237146520303e-01
-5.126456754936176807e+00 -4.348463699797141757e+00 4.715123612363303351e-01
-5.099112405348131816e+00 -4.304854487465107127e+00 2.205039033214184485e-01
-4.865652216978563871e+00 -3.905516648718681871e+00 3.485655552406861091e-01
-5.206532258313663064e+00 -4.247637714058715375e+00 7.379146815391024461e-02
-4.793963438107623709e+00 -4.335715854785061829e+00 1.910489384042772798e-01
-4.754415420457164032e+00 -4.476034299251297810e+00 1.410301577836090559e-01
-4.908919190149519274e+00 -3.815834267673350766e+00 4.324097046327111116e-01
-5.096750831723002584e+00 -3.917688165914441800e+00 3.108820409591199763e-01
-4.624208646605288742e+00 -4.456304258535060292e+00 3.987555097354498201e-01
-5.309226060731338848e+00 -3.942408847527046234e+00 4.557824939214683013e-02
-4.605751408097404465e+00 -4.047036444897836205e+00 3.757724022861292923e-01
-4.640470131154717848e+00 -3.910427241130242315e+00 2.716667037461402145e-01
-5.186034532038659606e+00 -3.878554756020436312e+00 2.530283577791543337e-01
-5.436165941154911252e+00 -3.506383796918199902e+00 7.339247982307739449e-02
-4.964168667880399788e+00 -3.666424302883023234e+00 8.037071026743447533e-02
-5.398902869656980741e+00 -3.933367798165952056e+00 2.479863058099507356e-01
-5.467501454520570014e+00 -3.694112068279774341e+00 5.572966644448840157e-03
-5.183645075729995000e+00 -4.491226065839462045e+00 3.557899541107580887e-01
-4.867284024412145804e+00 -3.522335885580386794e+00 1.969344223559090779e-01
-5.213204761891906180e+00 -3.517150063827372719e+00 2.096861734196373561e-01
-4.845604889362981282e+00 -3.641806565722097933e+00 4.398595743866682284e-01
-5.431913481829528045e+00 -4.159935670597389112e+00 2.881004587228819247e-01
-5.263418341327035677e+00 -3.734742006917862511e+00 3.451014194956059100e-02
-3.627268191606896064e+00 -4.310434696296329804e+00 2.977649654494634035e-01
-3.931064699451351618e+00 -3.688590758680178716e+00 3.204421897330238522e-01
-3.732009785001201507e+00 -4.080322411980738195e+00 1.233466125061326579e-01
-4.046342013203633847e+00 -4.370501586765104030e+00 2.000675095497932432e-01
-3.549595270623954857e+00 -4.028468952018113391e+00 4.695745704652534158e-01
-4.310733209228269303e+00 -3.728484923439678855e+00 3.285251440819614288e-02
-3.636768907854797561e+00 -4.026857296488181248e+00 3.987443744638046184e-01
-3.978558275284213686e+00 -4.399666523052630396e+00 2.828286679025850958e-01
-4.398686193601053063e+00 -3.813394190963709907e+00 3.444893482721109734e-01
-4.251872447776041675e+00 -4.076540564992915172e+00 3.597461764973299836e-01
-4.453435731126673680e+00 -4.389004160982220348e+00 3.508384726799231856e-01
-4.075914577927191473e+00 -3.738986391955493982e+00 3.310989573653468909e-01
-3.974119154313383806e+00 -4.450422425230772916e+00 1.430896991072394542e-02
-4.394732060270451157e+00 -4.264773597841347907e+00 1.202386391647145558e-01
-4.363706586582942748e+00 -3.793747626268597628e+00 7.461711670993409484e-03
-3.865203956615428371e+00 -3.898094086586889606e+00 1.044715667674616100e-01
-4.446570057706876966e+00 -3.969686517054280106e+00 5.415411970034256228e-03
-4.041173553609606728e+00 -4.306319006652972625e+00 9.768853079160066955e-02
-4.335854417814170247e+00 -3.731980489617304109e+00 1.561051663719386084e-01
-3.154828433669926824e+00 -3.707464400146472272e+00 3.817944971616196170e-01
-2.614072299623263262e+00 -4.080622780815810202e+00 4.509754914286023819e-01
-3.370212105373801670e+00 -4.109158998444520705e+00 2.732519908395225627e-02
-2.597170090116518892e+00 -3.714227959900986864e+00 1.743808805755424629e-01
-3.479494174604514711e+00 -4.020291764218900887e+00 1.652168372864881718e-01
-3.364272351084675705e+00 -3.751492204314156531e+00 1.012968668414053752e-01
-3.214089658713882081e+00 -3.968187740035112210e+00 2.268080358061705937e-01
-3.268956545263229430e+00 -3.646278468540970152e+00 3.928450804426439902e-01
-3.025192345870428845e+00 -3.897308997614847392e+00 3.537217997896391353e-02
-3.026580102016664497e+00 -4.441704980763669042e+00 2.102078361381476412e-01
-2.738242019199150334e+00 -4.048802093149369341e+00 5.486691129770271402e-02
-3.142365512169859265e+00 -4.146384094529584452e+00 4.504219224911327757e-01
-3.441656942507261618e+00 -3.704986630372638867e+00 4.608607097534633823e-01
-3.381353988612581851e+00 -3.985624880852399521e+00 1.590817479267894186e-01
-3.086465527260353170e+00 -4.080871611282723244e+00 1.570804264101486325e-01
-2.973526448683395884e+00 -4.319467405707268171e+00 2.567029074549225243e-01
-2.924052995246009701e+00 -4.260736578653355977e+00 9.095434133893220974e-02
-2.886781439687972295e+00 -4.293448687834708011e+00 2.126743920097808882e-01
-3.261103595179106307e+00 -4.467076510045767002e+00 2.343679469100905521e-01
-2.969233180321656285e+00 -3.581096316641356747e+00 2.381195219847089817e-01
-2.918610640002824219e+00 -4.114528693658982661e+00 4.514309181031705975e-02
-2.616969368784749506e+00 -3.724676812990435959e+00 1.757241300555385521e-01
-1.921718968381963322e+00 -3.767316374962784042e+00 7.111372668907378625e-02
-1.561773635806938287e+00 -4.365661270797493110e+00 1.854271845235526683e-01
-1.675080233268120722e+00 -3.648168303914584687e+00 3.626812006275415001e-01
-1.957713067653957140e+00 -4.221883512080959910e+00 4.602135637993551853e-01
-2.180261471295821707e+00 -4.101771586646615120e+00 2.699862438740598947e-01
-2.418342596160297120e+00 -4.409814117421083424e+00 2.671461835367789917e-01
-2.166659284842321398e+00 -3.828468348419154399e+00 5.080461767743393864e-02
-1.894150980944195872e+00 -4.063818406224842583e+00 3.933171830389703416e-01
-2.457801357208804660e+00 -3.706275253015455462e+00 3.599610600440072972e-01
-1.687586490299519681e+00 -3.932489454056325773e+00 4.255896949645077143e-01
-1.731946703154249256e+00 -3.545416216473142867e+00 2.830162449652267043e-01
-1.973357036776334006e+00 -4.287536844913554468e+00 1.486961895089287111e-01
-1.616526484242520212e+00 -3.838068588472125064e+00 3.476168334962519424e-01
-2.316477433401201935e+00 -3.730221114189948395e+00 3.002169222546644534e-01
-2.068049546709537445e+00 -4.372099360245174537e+00 7.540228396111459119e-03
-1.883203977578569166e+00 -3.979423103372893067e+00 4.710524142476835152e-02
-1.736789958325815952e+00 -4.191383755239487918e+00 2.651868075264136593e-01
-2.110918437902583378e+00 -3.615573985813146152e+00 2.897373596603376456e-01
-5.236197015959715984e-01 -3.965370629413268233e+00 7.272670077406395706e-02
-6.347694419174363389e-01 -3.828895783740904779e+00 3.491740467527399971e-01
-9.432808927813516320e-01 -3.597435875452517084e+00 4.127049642411861896e-01
-1.047687313703719703e+00 -3.907987235050228492e+00 3.946191503239013798e-01
-1.278218738600168436e+00 -4.165309384133003334e+00 3.812925541815683772e-01
-5.130316779686676654e-01 -3.956567857092367468e+00 3.803843050415434135e-01
-1.146702129359293387e+00 -3.892885230894949089e+00 1.110850747269491734e-01
-1.097794401693766631e+00 -4.171240003424966147e+00 1.581818686614742120e-01
-5.182328878539266270e-01 -3.560160398181846375e+00 2.573455915512106174e-01
-7.426336344844370885e-01 -3.821243493323785323e+00 4.473673995273035331e-01
-1.017439511024325505e+00 -4.383055319632237712e+00 1.926138073855376831e-01
-5.535743437036764192e-01 -4.446659614859256315e+00 2.146299762747130302e-01
-1.012529689105377884e+00 -4.014338178551657421e+00 4.624808917159306532e-01
-5.363812947882404814e-01 -3.994497100675593604e+00 2.106280770447277462e-02
-5.058378329410668783e-01 -3.869302505806973880e+00 2.555242571146205677e-01
-1.462644624908834956e+00 -3.959010420587231849e+00 4.418162805829357609e-01
-1.415478451424445616e+00 -4.171752030835932601e+00 1.455461287312438401e-01
-7.638522292810128178e-01 -3.966379846798141706e+00 4.668151139886784762e-01
-1.152338454129165690e+00 -4.198044427917556831e+00 2.384197642684693363e-01
2.231806849071888976e-01 -4.216034490713609806e+00 4.064284006384006886e-01
3.029083472164968427e-01 -4.346383072644464107e+00 4.930009521957003926e-01
-4.139748851883551239e-01 -3.599802802101284449e+00 4.937812251283393294e-01
3.316883152189982198e-01 -3.527731241725438061e+00 3.182757772892887971e-01
-4.286012537471268757e-01 -3.852992101691008031e+00 1.053996560786778502e-01
-4.842026524843809909e-01 -4.263811074718446115e+00 2.400733366691678583e-01
-1.246274941377949474e-01 -3.714637228722706297e+00 4.807744670717895019e-02
-1.747978483466345878e-01 -3.655531906608556536e+00 8.554497265045846177e-02
-3.821060093172690131e-01 -4.419492312386368305e+00 2.432615218832179238e-01
-3.027562401536787462e-02 -3.937103437714813303e+00 1.350336877376587807e-01
7.446244611036156869e-03 -3.646634102725835103e+00 4.986192594356584351e-01
3.707279258108489017e-01 -4.035210881548382034e+00 2.825213389355454296e-01
-1.175231366257474264e-01 -4.164673282316352143e+00 4.385195623538589160e-01
2.983833295161542054e-01 -3.756747737573017165e+00 2.989430357952631567e-01
-1.986334470495361160e-01 -4.431856278214186595e+00 3.555244876637377871e-01
-2.404031471894239047e-01 -4.089742305485840390e+00 4.809082487003237816e-01
1.811397047873635202e-01 -3.889505365223934863e+00 1.282994882391541580e-01
1.278683153318182164e+00 -3.665742545747984860e+00 4.266139290580301946e-01
1.342971276945982950e+00 -4.429946370067629147e+00 3.832400942057354598e-01
6.820917830004233906e-01 -3.889575985186580542e+00 2.910667774445823142e-01
1.379681954502348873e+00 -4.303264114486790248e+00 1.992886573650416437e-01
7.516987933311245484e-01 -3.733706794009159058e+00 4.745621683973553218e-01
1.265359772256198667e+00 -3.881805199882275126e+00 3.389153779548994549e-01
9.695890384048766464e-01 -3.999051403302401386e+00 1.435938329378849687e-02
1.238043700156641336e+00 -3.711119838886971944e+00 6.716600019413121458e-02
6.202823157014734079e-01 -4.226630501501347226e+00 4.468638239795108547e-01
1.089375618985195970e+00 -3.744026187738729750e+00 6.408622082866699543e-02
1.291684009749836548e+00 -4.455337501721200688e+00 4.587149028335133494e-01
1.094262182350986379e+00 -3.786321657855669987e+00 4.649925649498349856e-01
6.685181302625196054e-01 -4.356927684048085503e+00 3.067452989700658605e-01
6.095222491799674458e-01 -3.883551233587259954e+00 4.695287103555809693e-01
1.186728251960028402e+00 -3.815052753203410418e+00 2.611541747149814796e-02
1.055579750302229058e+00 -3.670632950218517543e+00 4.507951153922107324e-03
1.486211390526623433e+00 -4.044450113567486405e+00 4.295022100097547479e-01
1.338535638334679589e+00 -4.403557101820108066e+00 4.944417323851979518e-03
1.123930097620171153e+00 -3.916467070760232261e+00 4.254725234615470697e-01
1.363612669415175560e+00 -4.256714140706184146e+00 3.994035999144927018e-01
1.584515593332138650e+00 -3.594033878781415670e+00 2.375897691471688944e-01
1.527019149799889064e+00 -4.187099843406458355e+00 2.467683154588815597e-01
2.401173434185565725e+00 -4.116256270641794224e+00 7.134687618019164290e-02
1.700213546686578425e+00 -3.996257746648398168e+00 4.592636731066530587e-01
1.998554254569553379e+00 -4.391631703751901483e+00 3.667216084129218956e-01
1.962444374698486982e+00 -4.368351353774292178e+00 3.457841487198738406e-01
2.277250655539717172e+00 -3.525447479092760350e+00 3.228655241838254142e-01
1.866576578835090316e+00 -4.497103068366500089e+00 3.769801026841861358e-01
1.995505373322906451e+00 -3.728332320518979337e+00 2.842174582526819648e-01
2.255081746763817563e+00 -3.587703317750646992e+00 4.355893313254348698e-01
2.375594654006691897e+00 -3.768312512185366003e+00 3.629768803670110344e-01
1.869406931160288110e+00 -4.246179852362099716e+00 1.670753941580294111e-02
2.180212384657615132e+00 -3.506801295033672883e+00 1.170722539151309860e-01
1.587842724171286690e+00 -4.315874655501226620e+00 9.025925278187152401e-02
1.609707082156434765e+00 -4.264456916406087039e+00 4.426365303140222807e-01
1.699078381841212959e+00 -4.438295201918187161e+00 2.323237012881556041e-01
1.654877926081942618e+00 -3.641939843640813024e+00 3.358661127809217106e-01
1.875584502211220084e+00 -3.763280738946820136e+00 2.241674281876502306e-01
2.001907109181541244e+00 -3.566624923885680420e+00 6.789628848222051261e-02
3.464679379244959279e+00 -4.267971075166672179e+00 7.820057684149972488e-02
2.725365272747840351e+00 -4.387401723631742634e+00 2.155054745031126373e-01
2.631368483700651240e+00 -3.838459202241708113e+00 4.230414000133162489e-01
2.643872507972083952e+00 -3.812494764066445718e+00 2.650551235084606105e-01
3.042303037057321191e+00 -3.605889455169855928e+00 1.686296138142644452e-01
3.298303133636068196e+00 -4.048820405291186475e+00 3.628380422835348895e-01
3.282576478778278073e+00 -4.079427510691568948e+00 5.047404841526059727e-02
2.573210526674996501e+00 -4.262152930275096452e+00 4.778555754090305641e-01
2.757504163377671347e+00 -4.256854210826816143e+00 9.381236134666970372e-02
2.872846592702462232e+00 -4.128262847675652658e+00 6.653669838106957002e-02
3.153598016564755468e+00 -3.799901938451167638e+00 2.312863967531129106e-01
2.698218342587631824e+00 -4.199945850904774680e+00 2.878203284881486468e-02
2.622686009451026479e+00 -3.596609234903369146e+00 1.612478582748639866e-01
3.185243743049174014e+00 -4.052635995776906697e+00 4.974728372554260147e-01
2.502323670378263643e+00 -4.171028857156534819e+00 8.097455013406573698e-02
2.930597725086235172e+00 -3.642980588611771875e+00 4.450510099480595727e-01
3.224194312568283038e+00 -4.164019660192375127e+00 1.641951537630124136e-01
3.685612310571151795e+00 -3.768427949231980545e+00 2.865816164414081157e-01
4.373825651726681585e+00 -4.424010897232309780e+00 1.280872288935235304e-01
3.945511531828261198e+00 -4.007674311714906956e+00 4.656519828700886876e-01
3.951986015985568201e+00 -3.984493986115531960e+00 3.175670401470416238e-01
3.606348868232988281e+00 -4.094398460283490415e+00 1.371274495607384125e-01
4.283026493343037089e+00 -4.114569825398031178e+00 3.530499432165044027e-01
4.310121561020377356e+00 -3.888791322960249097e+00 2.688237352927558277e-01
3.765622802525490087e+00 -4.332477675868288358e+00 4.669952432310200408e-01
4.133751681437255243e+00 -4.300914737094023721e+00 4.407656685319363277e-01
3.969313786229488272e+00 -4.170371280575052353e+00 8.058108690193677148e-02
4.345169976579894566e+00 -3.920107830997532350e+00 1.675011659470797554e-01
4.244305303430273568e+00 -4.231924462663378961e+00 3.038240693532614500e-01
3.960051832364458235e+00 -3.942963132189752251e+00 4.495717645528252149e-02
4.328551940151086797e+00 -3.989744111403617843e+00 1.625748086493423727e-01
3.566766318893829890e+00 -3.843475670910764475e+00 1.327285204884187664e-01
4.143104292929416843e+00 -4.322528122095246061e+00 9.694280063637705780e-02
3.644845073096774968e+00 -3.758874174011966218e+00 3.498334965970464339e-01
3.623871222592647712e+00 -3.563884148593415624e+00 1.475363241534530800e-01
4.350706334902321615e+00 -4.160062234770098399e+00 2.092668465775329167e-01
5.444993111449837997e+00 -3.790697862184621236e+00 1.665270566747771852e-01
5.370240526267147985e+00 -3.790911161852334565e+00 3.146315519815363615e-01
5.308678985627430791e+00 -4.093125343687887607e+00 6.302745061787895509e-02
4.547902401124652272e+00 -3.777772390202841279e+00 1.404714817388459380e-01
4.937159027832343838e+00 -3.514241414312039069e+00 4.094780195588345606e-01
4.919620236517246781e+00 -4.409318332212210478e+00 4.518647721294932751e-01
5.254015768759678906e+00 -4.361152420369474925e+00 3.281691946878240174e-01
5.075611671230070954e+00 -3.863190542530493321e+00 5.456345017201691405e-02
4.590445552081277469e+00 -3.799053479449492343e+00 3.146857525794750643e-01
5.110357831318840027e+00 -4.233755107589380451e+00 3.145980143472630886e-01
4.568964322410366208e+00 -3.890416295274228720e+00 3.724295384552895882e-01
5.218762217553873484e+00 -3.598192235134447969e+00 1.213800571034528986e-01
5.297760777261991905e+00 -4.270753325493155117e+00 2.569133232581872761e-01
4.542025718315466420e+00 -4.119853831301868219e+00 1.590830288802038694e-01
4.882111349087526975e+00 -3.843353796877125195e+00 1.045944708829562586e-01
4.661853439867664761e+00 -3.561825206068351513e+00 1.759164129314783054e-02
5.373689514802698852e+00 -4.137548026105870136e+00 6.179723053058872040e-02
4.504647091197522712e+00 -3.581724892494514201e+00 3.702640289695278142e-01
4.623329269927729968e+00 -4.451242860503369592e+00 2.902792492951693504e-01
6.459420717340375262e+00 -3.750822721282284444e+00 7.719984919003763935e-02
6.238363276309971894e+00 -3.992010906248373292e+00 3.786099092775820907e-01
5.509965820660372771e+00 -3.806023907461469680e+00 3.244620026589135620e-01
6.123679948996606726e+00 -4.349592492213744777e+00 2.256514901126749351e-02
6.395617232414760878e+00 -3.657826406318120949e+00 4.349046153688505001e-01
6.250794823579358450e+00 -3.536701104279860175e+00 2.117854952407185465e-01
5.523393046989209410e+00 -4.435246470250631567e+00 3.418104869000231361e-01
5.727418096417855153e+00 -3.656309748726707998e+00 1.741180766788072987e-01
6.205581415170151161e+00 -3.956341492299294327e+00 1.130659980656272268e-01
6.488293675745639533e+00 -4.183143371110380038e+00 1.548831526472298492e-01
6.032079278693224467e+00 -3.821850929679954767e+00 1.039992107360863116e-01
6.121918547310785996e+00 -4.154138861787818549e+00 3.382743209264340578e-01
6.028960565706139363e+00 -3.539314836870507630e+00 3.881286421328873359e-01
6.362246379111393679e+00 -3.986444046061537350e+00 2.970805714818620658e-01
5.696107909848496575e+00 -3.670122236004178529e+00 3.690432975162050155e-01
5.565709345114093765e+00 -3.955678884915699633e+00 1.946840537353526912e-01
5.574380874729666147e+00 -3.834414623427857105e+00 3.530860559202899651e-01
6.075332405365891475e+00 -3.531981859832554971e+00 1.697097803438474273e-02
6.336738200399697263e+00 -4.214807385819463015e+00 2.884818749109907543e-01
5.661008856248255228e+00 -4.128544618815189970e+00 2.500477591751444351e-01
6.125464819009884820e+00 -3.731192285273700282e+00 3.503912372669564235e-01
7.217225321345225098e+00 -3.805390640602190011e+00 4.371049536185189766e-02
6.893074744756720662e+00 -4.357642866545512916e+00 3.977900233973308275e-02
7.068901632729147622e+00 -4.218812469973609147e+00 4.883657559078287136e-01
7.143752408572668244e+00 -4.006355225510241702e+00 3.409386188150609343e-01
6.767284078336157194e+00 -4.257941525059623089e+00 3.146542377061045670e-01
7.357016696387155719e+00 -3.520540307527961321e+00 9.615762185112153304e-02
7.043332328669951181e+00 -3.994248146703699653e+00 1.570618506794136948e-01
7.456270494570372165e+00 -3.822164581616673384e+00 2.757008436393508788e-01
7.292943145150834638e+00 -4.403123810291192264e+00 4.612032743491134568e-02
6.777523744772054215e+00 -4.264170912209694464e+00 1.525555439209735908e-01
6.683206617402809968e+00 -4.435932569958740856e+00 1.935695591414088312e-01
7.392614591381008182e+00 -3.692298300568076286e+00 1.365501436441185490e-01
6.529284717952098305e+00 -3.928204899201732214e+00 1.400498246916583867e-01
7.024709592996970287e+00 -3.780391388924579932e+00 1.836869906622151660e-01
6.950006363614498639e+00 -3.805495719742761462e+00 3.676641766109423060e-01
6.518321741893677412e+00 -3.567826486978713518e+00 4.982651269916225090e-01
-7.328443899080172130e+00 -3.391457220382346094e+00 4.659501597801902761e-01
-6.566443499657094840e+00 -2.505831241901141482e+00 1.605888740077432431e-02
-6.629653365782923302e+00 -2.843855444929895171e+00 2.734292647519858122e-01
-7.444423657166581165e+00 -2.829130228378400780e+00 9.719855885428074771e-02
-6.780471039851945214e+00 -2.797273168695891599e+00 4.978476267466831473e-01
-6.507437981438321195e+00 -2.845480310534136414e+00 3.757886779564856283e-02
-6.825254298482387405e+00 -3.462083761383018654e+00 4.462893406562713494e-01
-7.296275869564039951e+00 -2.510302159710231962e+00 3.732198742918733103e-01
-6.685928114800301358e+00 -2.968401626387990433e+00 1.898560932259290013e-01
-7.460705749935331532e+00 -2.922340104996235866e+00 1.743862745744095832e-02
-7.449577056819791210e+00 -3.286630666931403155e+00 7.437936734452144094e-02
-6.867636885861370111e+00 -2.974105149303842843e+00 3.950977197602831836e-01
-6.578236406137469849e+00 -3.025949937828510627e+00 7.138934761140980356e-02
-7.417609874002376813e+00 -3.312166536131007533e+00 4.789461016451390662e-01
-7.175358961818623094e+00 -3.397878353563696052e+00 3.641063980160748059e-01
-6.570213654999049524e+00 -3.096893298358057045e+00 2.022404798017003458e-01
-6.521859861904566458e+00 -3.017773039289428638e+00 2.561051143676795760e-01
-6.854329970930460370e+00 -2.718412381335429728e+00 3.856380853920171603e-01
-7.076946698464467111e+00 -3.151740527790038549e+00 4.580646027344421611e-01
-6.529802593982401149e+00 -2.953641008934026146e+00 3.543815625097650468e-01
-7.029364108669424738e+00 -2.536782230525864712e+00 4.448753371434008841e-01
-6.787144589647791548e+00 -3.371341246164734073e+00 2.664808258009720987e-02
-7.257511485221429304e+00 -3.148482062266591441e+00 2.551987738985062038e-02
-5.682950794985400123e+00 -3.487012552229460383e+00 3.535081309741094913e-02
-6.268475040614775118e+00 -3.037145912065062348e+00 2.709023868299738069e-01
-6.039266265292559943e+00 -2.758048974808966491e+00 1.823335582037461933e-01
-5.575372121115810486e+00 -2.913105849353213372e+00 1.632870172850715562e-01
-6.340301755802856931e+00 -3.253241144421519238e+00 4.333496200726383307e-01
-5.656615558530442733e+00 -2.713268547251809437e+00 2.607788293007509139e-01
-6.440829873489917645e+00 -3.150410929044545227e+00 4.276487275824507606e-01
-5.654509374083426465e+00 -3.050101329849523424e+00 1.641345390257438197e-01
-5.639066218092887439e+00 -3.288303566776198394e+00 3.403699894196066111e-01
-5.942130917895810605e+00 -2.937877799904580201e+00 3.464092890565293459e-01
-5.632343042885871398e+00 -2.796864732888151295e+00 2.356793845179794289e-02
-5.650335174988008191e+00 -2.687599271327263395e+00 3.879562766076816160e-01
-5.885844625990376500e+00 -3.362177668580624612e+00 4.815077899522339777e-01
-6.151813413056200552e+00 -2.725204107167829903e+00 8.423786688423362534e-03
-6.477478131705370679e+00 -3.451782677620895967e+00 4.262610030037823350e-01
-6.292503116530771656e+00 -2.672308207451840723e+00 4.551807396569493847e-01
-6.124639510028843326e+00 -3.478290843192105797e+00 4.126435380338211445e-01
-5.672536312327452812e+00 -3.214537686421101270e+00 1.358504188483369290e-01
-5.976829907140078113e+00 -2.871688759958659354e+00 4.505191464559104020e-01
-6.128562357993230236e+00 -2.660735222870640015e+00 3.210087858902781477e-01
-5.627556735929935883e+00 -2.609677109706895592e+00 3.627113960814458693e-01
-6.477450994253025840e+00 -3.347246035896231930e+00 1.132869742971163163e-01
-6.096912533796094102e+00 -3.210904986073616740e+00 4.894770121266471818e-01
-6.059395508432904087e+00 -2.569471766050118511e+00 3.818678954617578114e-01
-4.902649856459864175e+00 -3.063565339517831276e+00 3.403690645768371326e-01
-4.834545431414730920e+00 -3.310343652471499531e+00 1.143105050280635027e-01
-5.275657467223196839e+00 -2.920596403765050475e+00 3.867150350347596799e-01
-5.056827425894856454e+00 -3.152357080754869756e+00 1.210066736903918638e-01
-4.561870065869853441e+00 -3.397730197686831488e+00 2.955731871340638861e-02
-5.474310730691980709e+00 -3.465421179727017353e+00 2.997168624810306881e-01
-4.982397577161382429e+00 -2.994754489864691394e+00 4.808597338747269134e-01
-4.592756028479547226e+00 -3.426164297483621723e+00 4.313233592059209087e-01
-4.925158270584574893e+00 -2.730316249412616969e+00 1.005384314095891796e-01
-4.858291824413309534e+00 -3.493762477424546375e+00 3.302658625997061392e-01
-5.087289801571579950e+00 -3.027266410428346433e+00 2.960817330494940336e-01
-4.885117513481413098e+00 -2.925862023550792834e+00 3.079948486076116154e-01
-4.696134691073401868e+00 -2.951519326973768287e+00 4.605605466241780022e-01
-5.196130478023728294e+00 -3.490102750081561567e+00 3.622682247668187472e-01
-4.901701726609125842e+00 -2.708660063626734171e+00 2.090005990202925545e-02
-4.816551164671135865e+00 -3.471895062166348467e+00 2.221900722081890933e-01
-4.829631724954173144e+00 -2.786023234871431775e+00 2.935321802289792004e-02
-5.020575610523510868e+00 -2.755924145095775657e+00 3.006087428206249967e-02
-4.686392723834626572e+00 -3.226466859365851647e+00 3.021333565539841004e-02
-4.383290835382674722e+00 -3.296208306237994989e+00 4.784673987946082008e-01
-4.142995063782880294e+00 -2.997235990789084426e+00 5.285523309913031653e-02
-3.797175402190331894e+00 -3.202374597027917602e+00 9.983711154512242558e-02
-4.102657547371770796e+00 -3.365182983841178199e+00 2.046582970105301769e-01
-3.710460206142863093e+00 -2.552252599426055646e+00 2.489478763305417175e-01
-3.978359160486245383e+00 -3.231009451774154329e+00 2.721697589248197602e-01
-3.794878519040974840e+00 -3.181402020278412124e+00 8.391265448772777802e-02
-4.271388457012816886e+00 -3.245459575726743928e+00 3.470792583623030225e-01
-4.447541493889415776e+00 -2.642859539074698283e+00 3.487026647224240605e-01
-3.551044441912734495e+00 -3.021805771947594366e+00 1.244974414311901256e-01
-3.858128508993125205e+00 -3.371514341271840465e+00 2.274630732613243111e-01
-4.334297487943888250e+00 -2.910479111372055172e+00 3.583466945018152217e-01
-3.728787889059553162e+00 -2.892763472779405376e+00 2.640595238231746578e-01
-4.360329543645312000e+00 -3.204272930162320954e+00 4.087127428357977266e-01
-4.121860196931477205e+00 -2.991486705025915960e+00 1.799631166916846325e-01
-4.175984804524715877e+00 -3.049087298698924364e+00 3.343432209430332591e-01
-4.137434655895615876e+00 -3.102571604765033797e+00 3.719141983820541952e-01
-4.419369241690217720e+00 -2.624873578462760371e+00 2.639567014783690269e-01
-3.783305496836100179e+00 -3.237678950727042704e+00 6.767789462762330288e-02
-3.627656422567530292e+00 -2.916427385600927735e+00 2.863521347724589106e-01
-3.565549542479950151e+00 -3.289143770492144014e+00 4.915452973163123573e-01
-3.034016534967807210e+00 -3.302083648688778794e+00 4.667760487269703162e-01
-3.238815704099605952e+00 -3.316243805757450147e+00 2.149015444643929129e-01
-3.147475327719656768e+00 -2.849820721480178065e+00 3.453118598517246340e-01
-2.836114637441603747e+00 -3.146293640332878283e+00 1.477681308989282627e-01
-2.615291642947767059e+00 -2.636901151302263990e+00 2.152352507430421724e-01
-3.432941449054185412e+00 -2.854380883414731507e+00 3.990265488796769233e-01
-2.819169218486774042e+00 -3.314051589365823780e+00 4.400025590549461185e-01
-2.849353884867264597e+00 -2.934701821490492080e+00 2.782376190534083804e-01
-3.297625034088038198e+00 -3.170166241791094741e+00 4.301876908380890541e-01
-2.805276564401987471e+00 -3.285194244483591319e+00 3.009574917136923489e-01
-2.892606038850174421e+00 -2.953844363816976681e+00 4.575463989637107431e-02
-2.904000770933720332e+00 -3.479404611137638881e+00 4.105778978996994510e-01
-3.398784513871127899e+00 -2.940266688400143380e+00 4.119911444268034018e-01
-3.439159535072876750e+00 -3.140391783712612295e+00 4.057766896591754602e-01
-2.970643184292507399e+00 -3.087853525373438046e+00 4.808324392315732609e-02
-2.762587178888933792e+00 -2.701720492013839348e+00 1.639865174104322421e-01
-2.822121876716531474e+00 -2.868031900951537594e+00 4.866422016181282117e-01
-1.841064030183437339e+00 -3.288843993496396223e+00 9.560748773759186747e-02
-1.946593652310855127e+00 -2.833374435315030304e+00 1.946148704375634253e-01
-1.662006074808070721e+00 -3.080978867836759783e+00 3.591645485606509425e-01
-2.350827119004460286e+00 -3.071687329281408196e+00 2.945948217801390712e-01
-1.576443467524805797e+00 -3.186832426023649134e+00 5.478595228139937490e-02
-1.811978090541351172e+00 -3.037122797240082051e+00 1.119063282354026967e-01
-1.973257888485988154e+00 -3.250269229535319937e+00 4.448464734905215323e-01
-1.962382659144465968e+00 -3.178773879310734074e+00 9.433500329981470145e-02
-2.291859662929651265e+00 -2.761064514036384310e+00 2.121955345511192803e-01
-1.990904734747084071e+00 -2.938138387754793968e+00 4.900665722855990225e-02
-2.407093617877873015e+00 -3.475774198008217297e+00 2.366518128899777196e-01
-2.373222390219989819e+00 -2.750893791466210381e+00 3.472336963839595114e-02
-2.293643086820715382e+00 -3.448944710708245154e+00 3.717670458298147906e-01
-1.928701684989894360e+00 -3.052033005649744446e+00 4.615417791225411293e-01
-2.131635436056420474e+00 -3.493778364107798851e+00 1.797645734556123642e-01
-2.304881199799904579e+00 -2.904809152822934948e+00 9.153587323384293484e-02
-2.241521816709155956e+00 -2.637159561991621715e+00 3.654212259286069298e-01
-5.584166011167566168e-01 -3.079522637828152831e+00 4.708398430720937000e-01
-1.390428763251746247e+00 -3.466802078716748170e+00 1.035832404562082587e-01
-1.413020159709343027e+00 -2.873924342638121132e+00 4.627804656157454843e-01
-1.356945017345486448e+00 -3.494343628443885130e+00 4.850513760715742251e-01
-1.051852206159711756e+00 -3.135784119598946873e+00 1.774595208327003348e-01
-9.067168245440511143e-01 -3.377184660044685316e+00 2.761812622363475356e-01
-8.010596821998730022e-01 -2.587960231060499439e+00 4.803788664367729666e-01
-7.463366996359859229e-01 -3.480096547317378608e+00 4.196191247678058289e-01
-7.176224298550240022e-01 -3.477006607474910638e+00 2.259382637720470655e-01
-5.590135795470612123e-01 -2.640650398128618903e+00 3.046104055452136805e-01
-1.225216185231103871e+00 -2.731033618713748723e+00 2.192137809030025863e-01
-8.940414035172619123e-01 -3.406501265416250313e+00 1.039601070321314324e-01
-1.359489993950653286e+00 -2.884207251062271382e+00 2.685440889125132458e-01
-5.961504410052631542e-01 -3.215292086002651928e+00 2.925845384366070334e-01
-1.103185071286411301e+00 -3.465254276312172976e+00 4.467378127092018758e-01
-1.153335562652385349e+00 -3.195177749426665770e+00 4.087471007393777001e-01
-1.189943537599804202e+00 -2.737828361551981615e+00 2.594593560881026661e-01
-9.590993438523449655e-01 -3.369080291907321723e+00 5.619309615755696541e-02
-1.397967206499974857e+00 -2.848099353825759295e+00 3.574004254933154101e-01
-5.861604019846753388e-01 -3.014040051027809142e+00 3.010774238608959763e-01
-1.365052559994365922e+00 -3.267204472386578296e+00 3.989540157599069659e-01
-6.592068502545487263e-01 -3.014747402941618581e+00 7.208119362888432136e-02
-1.243688444232151191e+00 -2.775107061229630467e+00 4.311755828745056363e-02
-5.103126282587160389e-01 -2.836004180207755354e+00 3.995759096976705393e-01
-1.025373488146433587e+00 -3.301523568692367405e+00 3.664360393558911966e-01
-5.862849988590159711e-01 -3.340268556286391188e+00 1.707769732594179857e-01
-1.446236244807835192e+00 -3.137710457872652015e+00 4.861468806562054823e-01
1.917276827634921688e-01 -3.363037827169775618e+00 2.676303548312315428e-01
4.081787032255848047e-01 -2.646604171152873164e+00 1.717460102513435061e-02
1.231395540540285438e-01 -2.935866637716753047e+00 9.372802614430852941e-03
4.446823485050552804e-01 -3.315358916935306155e+00 3.682490048417488282e-01
1.368988492653322453e-01 -3.265477694934766362e+00 5.586753245372477750e-02
6.796123158032063571e-02 -2.700516894351293828e+00 6.263652781158057792e-02
4.682711007528892466e-01 -3.337992415616550801e+00 3.571540013838720995e-01
-1.620596123106166075e-01 -3.033445205860300753e+00 5.225181487427832394e-02
-2.592881457482532070e-01 -2.692799910547070574e+00 3.570375604190605401e-01
-2.640503133866971552e-01 -2.871338742352234519e+00 4.324370038309819364e-01
3.091649151575488474e-01 -3.344492849442458393e+00 6.477716907859409901e-02
-1.051867865069064933e-01 -2.806740200266517604e+00 1.707373417965207807e-01
3.689762795034203791e-01 -2.670993491659698904e+00 9.511350967077270013e-02
-3.861597803003418150e-01 -3.215872479255265759e+00 3.688575232958957173e-01
-3.786794016774805982e-01 -2.586548887321844070e+00 4.970135044187529161e-01
7.115692911384829955e-02 -2.514815545718715128e+00 9.104564624051292299e-02
-7.902304719062946958e-02 -2.682755622730598866e+00 1.708343604121242976e-01
3.043854320921006718e-01 -2.779453573848459591e+00 2.806273749835686004e-01
4.577352427464909113e-02 -2.808410272644030314e+00 3.498620907968224003e-01
6.625876626953495219e-01 -3.201833511373688879e+00 1.102203053770391961e-01
1.243108562888970425e+00 -2.878473231142077537e+00 1.261712693587639933e-01
7.842857390981219368e-01 -3.018437785437008358e+00 1.851793443437497189e-01
1.320796526420139116e+00 -3.015467223661493890e+00 4.113821424858805642e-01
1.338794279313127333e+00 -2.876799137092973524e+00 3.550035750807687407e-01
1.393160350888464905e+00 -2.630596635066869027e+00 2.934004932361844453e-01
1.461781235597760187e+00 -2.867378309701607009e+00 9.951147143667071759e-03
1.423206768540115519e+00 -3.272466217400044286e+00 1.432675495864756954e-01
1.013808859386021055e+00 -2.962248944385682314e+00 4.636023928293333540e-01
5.919220128129136782e-01 -3.125504587012038371e+00 1.267060942673605695e-01
6.822876889414271062e-01 -3.451119646768877836e+00 2.357394769045306759e-01
1.119308439557288537e+00 -3.296571933297169466e+00 1.068519046405942419e-01
1.066067149925906676e+00 -3.133314789884613205e+00 4.691036092258737966e-01
9.572707126501676100e-01 -2.514447829085284525e+00 3.481896524073615495e-01
1.376751244340976399e+00 -3.304584558584275911e+00 6.689607833590294206e-02
1.144785019803308046e+00 -3.196630315029404201e+00 1.107227797615966125e-01
1.416830880020455652e+00 -3.188235296108876682e+00 3.842592583529569339e-01
6.647192818609752862e-01 -2.842880416558204004e+00 2.609385502005743263e-01
1.095304442016256985e+00 -2.742743637166425330e+00 9.417946361157092383e-02
8.825260736478668377e-01 -2.947081716309952526e+00 8.940267006265401051e-02
6.418183979182412457e-01 -3.020272352992240172e+00 6.140024051267900518e-03
1.324265078547780305e+00 -2.846527159402288731e+00 8.097893132276468009e-02
1.610386818974300027e+00 -3.376814580423095791e+00 2.351080813982999729e-01
1.920047013888440901e+00 -2.578702790853329319e+00 7.016436933022518474e-02
2.010038575473453548e+00 -3.334124471495567121e+00 3.176721528319639276e-01
1.981051185604293607e+00 -2.874633975311118306e+00 1.665162880303778792e-01
1.827927679849301157e+00 -3.305449533929464501e+00 2.839540838800704847e-01
1.579346963945409854e+00 -2.995542670017526277e+00 2.788122581086458496e-01
1.808663642126923321e+00 -2.872472624969597099e+00 3.243814492633010360e-01
2.028560980265844194e+00 -2.504642390102948646e+00 2.955632278436670646e-01
1.737767149014114665e+00 -3.417167379665814408e+00 3.999164383718802895e-01
1.712125808345117406e+00 -3.175461139410462152e+00 2.561636389598813679e-01
2.129099259129581867e+00 -2.576964430447663545e+00 5.097866757244062796e-02
1.883084611845839973e+00 -3.390467082859983883e+00 2.555657449547155124e-02
2.153597543806906600e+00 -3.062999275961606038e+00 1.216328942049482720e-01
2.115026255709295810e+00 -2.630905628091335657e+00 4.259078033019410015e-01
1.995960779586223310e+00 -2.980617625269507798e+00 2.506873235362032659e-01
2.051868125270830845e+00 -2.829377996488226188e+00 9.875718936764776856e-02
2.041630214227321716e+00 -3.100523090074319477e+00 2.247966887412271575e-01
2.300137633183584995e+00 -3.201810950831529112e+00 3.538235041107373746e-01
1.723932464190374603e+00 -3.342150713215799485e+00 2.234182995162008467e-01
1.657366107344135031e+00 -3.211799617436384757e+00 3.902611658597390232e-01
1.736592291048545178e+00 -3.340570966546241749e+00 7.010815536672332371e-02
1.587288537332472771e+00 -2.599801954145982030e+00 1.792052493905451627e-01
1.850942874876301047e+00 -2.626927763595682919e+00 2.093961214977806407e-01
2.902463586497587400e+00 -3.400113051375200257e+00 4.892436428831068440e-01
3.181459691418201174e+00 -3.418061645240830337e+00 4.545178041848956241e-01
3.042123598603009071e+00 -2.674200223574002777e+00 9.091891751669045618e-02
2.709034040372211294e+00 -3.228025730899313217e+00 3.499326977343049094e-01
3.434488756019266731e+00 -2.867872057211274139e+00 4.438419632370482759e-01
2.608838878491054558e+00 -2.908552269807109347e+00 2.855368400758528935e-02
2.697308782473498923e+00 -2.654464115466094398e+00 3.340389799933252135e-01
3.352262130599989121e+00 -3.457690154284659201e+00 3.975235462332769032e-01
2.958050561740543927e+00 -3.226442075588172642e+00 1.755319025972070790e-01
3.369796316871942921e+00 -2.892454046429748793e+00 3.517616840366937225e-01
2.856215467945771636e+00 -2.613826269084727372e+00 3.846165006546797827e-01
3.431397952221313830e+00 -2.961232032561802896e+00 2.226568583002190849e-01
3.297914421163467225e+00 -2.957889054928942940e+00 3.204536746976334172e-01
3.220823376025929718e+00 -2.839109501925699774e+00 6.895806929952641440e-02
2.713631001640248286e+00 -2.673578071690912772e+00 5.494926943542921549e-02
2.818527943739146835e+00 -2.739822553200541577e+00 1.781075980566484418e-01
2.782835631552353917e+00 -2.964146350606885250e+00 1.674292429039017094e-01
3.249560329845513351e+00 -3.169015023946164966e+00 1.880060973391639578e-01
3.202116770542057012e+00 -3.149955008348220176e+00 3.454249053583211548e-01
3.093002759304804172e+00 -3.408583166805956743e+00 1.919305778118562955e-01
3.252463202655697216e+00 -3.024793686400940373e+00 4.486875986840281882e-01
3.112285813525780043e+00 -3.476141691925194621e+00 2.020629807692966295e-01
4.363401452078651488e+00 -3.183773787373553432e+00 1.899911766493680432e-01
4.030553041047646445e+00 -2.851381008331015821e+00 2.188320326959534157e-01
3.709061230892382710e+00 -3.136097794066997402e+00 4.109203100626324101e-01
3.649191214239948522e+00 -3.489127144300645966e+00 3.447515014811486367e-01
4.193461001509284358e+00 -2.992577109043605965e+00 4.086825806016829432e-01
3.598830244087626085e+00 -3.444133476754341672e+00 9.542811980555399032e-03
4.465505390246331530e+00 -2.900553792977962786e+00 3.538648369127361804e-01
3.801616189505136134e+00 -3.206744597382265916e+00 4.885627377567747232e-01
4.060921020263515757e+00 -2.560537475855737100e+00 4.144053787065757888e-01
3.707577988235488675e+00 -2.617916468325946155e+00 1.140572413435965160e-01
3.684405738440888811e+00 -2.715238584582829517e+00 2.605094106161605083e-01
4.099348597257181481e+00 -2.770275188801798905e+00 4.333111051514517698e-01
4.211402062745607466e+00 -2.500563419813843780e+00 1.203580184059660496e-02
4.168358170446660793e+00 -2.662788732302628247e+00 2.347420059423619421e-01
4.573698207310016528e+00 -3.320747150214932830e+00 1.859978571173819262e-01
4.963994851147466747e+00 -2.992626416023924207e+00 2.536229159677230172e-01
5.089054048650666573e+00 -2.980405292859644284e+00 3.655386192067506812e-01
5.245252328144358600e+00 -3.027604320123507442e+00 4.205095958883990903e-01
5.274952807625151507e+00 -3.005875536289686956e+00 6.318505963106524348e-02
5.459311445322400758e+00 -2.717078521158819981e+00 1.984711510128711609e-02
5.479745862179697724e+00 -3.128721816101535325e+00 2.690888420013610727e-01
4.530360646824094673e+00 -2.521352138287549671e+00 2.348406577347876834e-01
5.394914563288736531e+00 -3.067863162237891572e+00 2.958511237140779571e-01
5.249024201736926187e+00 -2.804072111963834324e+00 4.003517683766943946e-03
4.528950988842108671e+00 -2.915763392886201899e+00 6.249662103879138897e-02
4.590844483131878206e+00 -2.905804003865288365e+00 3.894860273636346903e-01
5.096454155513548301e+00 -3.008258561818280441e+00 1.585038908519251777e-01
4.953812081797746458e+00 -2.659191180542340049e+00 1.173890244542157291e-01
5.384466208653790886e+00 -2.881818894666563935e+00 1.491152175159147220e-01
6.290330081163125087e+00 -3.124656834077553569e+00 2.131407259413933275e-01
5.728381621758474651e+00 -2.811840994013685702e+00 9.404825111922932024e-02
5.509440877449321761e+00 -3.483860868875108707e+00 2.085808487265179423e-01
5.964285439867420990e+00 -3.060735782954850492e+00 2.361110046940986251e-01
5.931551580051912964e+00 -2.943508341198000977e+00 4.968797682141730121e-01
6.326103820752127405e+00 -3.010683346645008029e+00 4.452733663132697473e-01
6.307031514611423972e+00 -2.738028227918347213e+00 4.230266467079832893e-01
6.439545820571201062e+00 -2.944047005913982495e+00 2.697753856933093886e-01
6.495255174140414312e+00 -3.214834292687502426e+00 3.544200110135875548e-01
6.410516157426496164e+00 -3.413096656749402769e+00 9.824875736226879042e-02
5.762990344872990889e+00 -2.948536175306653462e+00 1.850550340053906950e-01
6.135445516335440885e+00 -2.843794077818544430e+00 3.047773721648283640e-01
6.049604287357864152e+00 -2.772430439893282639e+00 4.972649117651037898e-01
5.615737338854373206e+00 -3.127068813738437925e+00 4.373499658049784244e-01
6.135477227077688056e+00 -3.020339700250115555e+00 3.019063594011726082e-01
6.260963544599224662e+00 -3.378357595478815867e+00 1.688879146710480228e-01
6.171284118065319291e+00 -2.848791651942943481e+00 1.224886630935806409e-01
5.528445229131452976e+00 -3.060797273501528970e+00 1.573019877982080317e-01
5.555728082856886019e+00 -3.401104773003633674e+00 2.596552163806755686e-01
6.877212172305224414e+00 -2.987416035357950861e+00 4.289091964191076300e-01
6.978052460711786864e+00 -3.128966626491177294e+00 8.732493269368113431e-02
7.151789792296122883e+00 -2.924562447654666109e+00 2.823708922054954940e-01
6.828822628862514676e+00 -3.102214909122629649e+00 3.484263754419245629e-01
7.427569201084635253e+00 -2.839204363974688228e+00 3.814397850296522563e-01
6.947153860157422756e+00 -2.575945131542345834e+00 2.369530489492976955e-01
7.302478535942743321e+00 -2.973005965590891364e+00 1.239138489240261265e-01
7.182969136115856301e+00 -3.475643970147443085e+00 3.358747767557126451e-01
6.878900757293560986e+00 -2.698764809050033797e+00 4.886176700951594398e-02
7.078206946084701912e+00 -3.006031366399184890e+00 2.373853115179098694e-01
6.982756141211162060e+00 -2.838199762251018221e+00 3.218198751045964201e-01
6.939882331043559560e+00 -2.665895554061674666e+00 4.160272170937577840e-01
7.038007120144591511e+00 -3.267899396048941085e+00 2.746434555919616827e-01
7.478697607955918869e+00 -2.580131818859604742e+00 4.736284000778727687e-01
7.354281460490131650e+00 -2.539054067138614812e+00 3.161189814334157688e-01
-6.542770265655969197e+00 -1.867455658810390773e+00 4.982408282094752394e-01
-6.828029384515179601e+00 -2.240638581621896996e+00 9.750423165936439318e-03
-7.358772131727656429e+00 -2.383788481844675289e+00 3.792027530585322381e-01
-7.159924173699742767e+00 -1.953598988870363762e+00 2.782795433877627289e-01
-6.914211703133945619e+00 -1.591390662912119502e+00 1.130507326476024588e-01
-6.763357693768950796e+00 -2.257188289463049280e+00 1.018703326721759339e-01
-7.329751870925878876e+00 -1.694940612301736316e+00 3.808646365094308095e-01
-6.573377348011036680e+00 -1.618069031158539062e+00 6.798349496034106210e-02
-6.651965784868375309e+00 -2.433288294079269498e+00 3.988298027245047450e-01
-7.013863931558727671e+00 -2.170249637539903631e+00 3.664210482239180777e-01
-7.471714321268146719e+00 -1.943073211380288434e+00 4.341960764318084642e-01
-7.277818076655349522e+00 -2.245477711421244749e+00 3.803181887096833691e-01
-7.151355556835905070e+00 -2.037334694513711852e+00 1.623187037303139846e-01
-7.040054924606540254e+00 -2.417840075936327437e+00 4.619500736920230111e-01
-6.852188370898305791e+00 -2.037800288211542465e+00 2.573416951163576272e-01
-7.423768132223521832e+00 -2.264983087165654219e+00 2.023604774046710020e-01
-7.476905979040338046e+00 -2.084453366881262149e+00 2.417918767651983103e-01
-6.676536962946416409e+00 -1.933790075581634405e+00 4.580338738161113810e-01
-5.799118180007531542e+00 -1.949621313015764024e+00 2.588774939123794638e-03
-6.203331144011517750e+00 -2.013386822339331417e+00 1.915771860075050625e-01
-5.544189132416311949e+00 -1.877216026446221875e+00 2.728462450786555138e-01
-6.417100709194501817e+00 -1.665598386589867808e+00 3.121127168828330412e-01
-5.943007505167909876e+00 -2.004398037633362328e+00 1.457227842352466496e-01
-5.503903012227419289e+00 -1.805048160095260812e+00 2.402000105704615862e-02
-5.945891937062235399e+00 -1.779422296401738102e+00 3.476853474572934033e-01
-5.965266066702797687e+00 -1.770577124971570271e+00 3.183597950444472247e-02
-6.353251191229610129e+00 -1.519423539072556117e+00 9.715437019688621945e-02
-5.908891740715171537e+00 -1.518644616346040976e+00 4.517945874479885049e-01
-5.885050281819154350e+00 -2.429261085370732154e+00 4.435416556311668757e-01
-5.987983137023180191e+00 -2.163339774912532043e+00 3.206606492396737451e-01
-5.797547690183860070e+00 -2.156051622403128754e+00 9.466311883000422256e-02
-5.784906386847763038e+00 -2.145913749766017453e+00 1.661137905373397672e-01
-5.923844222014403194e+00 -2.154573475718164488e+00 4.709429782474625625e-01
-5.932103017695537162e+00 -2.109365910917485820e+00 3.680623007652048528e-01
-4.619257539746154606e+00 -1.847403414068532257e+00 1.516827382650003386e-01
-4.705310372142163189e+00 -1.518829945875017629e+00 1.380457251535585073e-01
-5.110688168111682472e+00 -1.828744654202063558e+00 1.574253263388314394e-01
-4.941100258502786780e+00 -1.984952487728485870e+00 4.826637733398868590e-01
-5.182671629115759515e+00 -2.449679052879421448e+00 1.430060791323697345e-01
-4.851056914469517700e+00 -2.172294131750915014e+00 3.635519757090541759e-01
-5.470202581980593948e+00 -1.941311391905180983e+00 3.734717334544637168e-01
-4.993339534961757309e+00 -1.892900533421794762e+00 2.485327125495135903e-01
-5.254979565037103839e+00 -1.559941205698257782e+00 1.825432474616057732e-01
-5.146866203006664087e+00 -1.638702217296495789e+00 8.350130948194056657e-02
-4.802205915504488942e+00 -1.706612492546130788e+00 4.754122935518694248e-01
-5.427248139291010354e+00 -1.618134804583384323e+00 1.211239440692502001e-02
-5.115086906600366135e+00 -2.225239662519285844e+00 3.088050818171925727e-01
-5.469925968428309915e+00 -1.741618723492293519e+00 2.638769358853938485e-01
-4.638323162375973752e+00 -1.785360339109742789e+00 4.810391478991800085e-01
-4.504331184126018073e+00 -1.876578197820043314e+00 2.810330965482954468e-02
-5.094897245770252603e+00 -1.851701952051667988e+00 4.450395038168739603e-01
-4.829426027096342722e+00 -1.504504050934968085e+00 1.148901731805445081e-01
-5.384470158857824984e+00 -1.899662576503122757e+00 4.255372705190385574e-01
-4.398838993668134023e+00 -2.389142356844897286e+00 3.109985169506135350e-01
-4.309518135961253549e+00 -1.877112592654423651e+00 1.939550097128339701e-01
-4.494069300303298320e+00 -1.811945588483014902e+00 2.746195627838865505e-02
-4.424195929081819578e+00 -1.833041162644283517e+00 3.298806387051609335e-01
-3.700018746523431545e+00 -2.258134106764683402e+00 2.349634965959896959e-01
-4.452327299283281192e+00 -2.200449582869767440e+00 2.925380229032192858e-01
-4.106091200302108390e+00 -1.813250271888742660e+00 2.831989563972268087e-01
-4.290361330144039087e+00 -2.109102528431765933e+00 1.059787228887891786e-01
-4.285973248378292411e+00 -2.077415605436065071e+00 4.099987088116048284e-01
-3.793675963514930416e+00 -2.328531116835026005e+00 2.709440213717311252e-01
-4.167185923931902458e+00 -2.279222447611851443e+00 1.766607864655256321e-01
-3.658669571881089322e+00 -2.285905686273772552e+00 4.555557352933838899e-01
-4.180363429178813206e+00 -2.144060482054511496e+00 4.412956173770563595e-01
-3.900383650608552077e+00 -2.379545567426742281e+00 4.665713279125629498e-01
-3.734934788091624380e+00 -2.002287966478446535e+00 3.575261954074875348e-01
-4.017946300060363463e+00 -1.874728330193232040e+00 3.545656442194911051e-02
-3.521559126037840493e+00 -1.773939627026864585e+00 1.842855992907015406e-01
-4.063220479157050313e+00 -1.630895065251643850e+00 1.572510331344521006e-01
-3.255384670621740639e+00 -1.543649028062224815e+00 2.220390956441171681e-01
-2.808038196358541683e+00 -1.830247699922479931e+00 1.402559837137697940e-01
-2.871264213326892190e+00 -1.830353880404696376e+00 2.100632113332707718e-01
-2.740288943740188721e+00 -2.299809901501498111e+00 1.423205054888239118e-01
-2.707921149955420326e+00 -2.465927542251914240e+00 1.629060727921451956e-01
-3.005817588262447160e+00 -2.435451630967348180e+00 1.915406984349150576e-01
-3.142415499203893958e+00 -1.991137244317177313e+00 5.277951353710363946e-02
-3.405346774799664189e+00 -1.717504526156512945e+00 1.509448174387397756e-01
-3.430550543007109709e+00 -1.658280091416990842e+00 1.356409997248952948e-02
-3.391868058754080373e+00 -2.494105754371283012e+00 4.683352573584542711e-03
-2.844321130182949631e+00 -2.328057633501062540e+00 3.157908617893738779e-01
-2.589581726452501620e+00 -2.198809020501894196e+00 2.502903756662320234e-01
-2.678421855714436361e+00 -1.844464895304936292e+00 4.045785655355533805e-01
-2.837087794040392019e+00 -2.315034884956111760e+00 3.973413106873699974e-01
-3.226933963081002332e+00 -2.325147212572961308e+00 7.907260358662071553e-03
-2.904872623914410923e+00 -2.214385523781613685e+00 9.300955171167757385e-02
-3.232648673140497309e+00 -1.780680001751080432e+00 3.187483366220771330e-01
-3.495656780996855950e+00 -1.537173524598762775e+00 1.710175864415592883e-01
-3.456344534353285702e+00 -1.510058105376982596e+00 6.329101934652392458e-02
-2.809035245097192934e+00 -1.686104025197230349e+00 2.078810968268474113e-01
-3.171821302612109150e+00 -1.627085417607244011e+00 7.464341694673848338e-02
-3.000157512468573984e+00 -2.437786115879088555e+00 1.254869097994930627e-01
-3.392919502296955159e+00 -2.310184953498469085e+00 4.105792960406482450e-01
-2.563477081592174578e+00 -2.328124651313912885e+00 1.617325951127472905e-01
-2.629344846382901224e+00 -1.987773223826263091e+00 2.449473913828885685e-01
-2.815681321022027284e+00 -1.949924322457027515e+00 5.293366120758413729e-02
-3.017844005275151176e+00 -1.894952649501849606e+00 4.154845401013247397e-01
-1.843909183170191923e+00 -1.957403155845991449e+00 1.338479195419264300e-01
-2.010441673651470751e+00 -1.787534926893992626e+00 9.301497863425289836e-02
-1.694411091351546439e+00 -2.122934493756092778e+00 3.005830560429991749e-01
-1.746073677671778235e+00 -1.691854017586798875e+00 4.797980249474154135e-01
-2.021870289917189645e+00 -2.120234616117418369e+00 3.955261883329619366e-01
-1.833006068165491165e+00 -1.871158221345081252e+00 7.957828156333057734e-02
-2.473725455616622604e+00 -2.044116927231157455e+00 2.728680664047811177e-01
-2.176163195566202191e+00 -1.516299484443774048e+00 1.701558086003860382e-01
-2.426370589472766959e+00 -1.964533615301332858e+00 3.929579483063143641e-01
-1.751970069532865715e+00 -2.128238699596339600e+00 4.154419973949359246e-01
-1.616215370500341919e+00 -1.919120735753326201e+00 1.285055623351105680e-01
-2.316650494599310939e+00 -1.597368357987539511e+00 2.153780958960602732e-01
-2.127183902557677087e+00 -2.041190556392757927e+00 2.722164143701650829e-01
-2.114504561574909403e+00 -1.925421002323984609e+00 4.215121784941953109e-01
-1.828583208024595841e+00 -2.396995898924672019e+00 1.025725196972171460e-01
-1.796517273957486616e+00 -2.296352973087050664e+00 4.190712736790764836e-01
-1.854865956197581767e+00 -2.134597749198512417e+00 4.020395202076656460e-01
-1.696617394719132754e+00 -1.665191787796455714e+00 1.595458765813884128e-01
-2.424916640118979672e+00 -2.150612178821601717e+00 2.242792732380731735e-01
-1.001899715016012493e+00 -1.995666277405748978e+00 2.443642106265908609e-01
-5.816756232375652758e-01 -1.976895694391682667e+00 4.923825943845034914e-01
-8.431768113023867528e-01 -1.807223496712761168e+00 7.389253262062744909e-02
-1.105265229921675640e+00 -2.110663615430187434e+00 3.977249140458969379e-01
-9.653208393061101233e-01 -2.133037286772699659e+00 2.044699096001512117e-01
-6.376931985232063838e-01 -2.245540687704615124e+00 2.726198469167613325e-01
-9.396470308584845554e-01 -2.490322751776764321e+00 1.342119371197565414e-01
-1.094203755621987462e+00 -2.343828632963994352e+00 4.468147537925606372e-01
-1.158503014515916085e+00 -2.187606639476442183e+00 3.103517336863070852e-01
-7.936526116763786831e-01 -2.205862433554572455e+00 3.025304558174735092e-01
-6.970560502400315883e-01 -2.243323492320193679e+00 4.913939257464203791e-01
-1.086117448343398628e+00 -2.201022198014982223e+00 1.557768085086266296e-01
-6.467566039833787528e-01 -1.913827303884441555e+00 3.040463312801495732e-01
-8.408805106605914403e-01 -1.973423036257809571e+00 1.123916653641288121e-01
-1.121811562241266991e+00 -1.640050652655245855e+00 1.143747183262178169e-02
-1.338339902307692952e+00 -2.452870365933990549e+00 2.702748465961128943e-01
-9.125065357059440885e-01 -2.176996841089032131e+00 3.102352617888630704e-01
-1.036180101346195315e+00 -1.798181905540764625e+00 3.708309814669341620e-02
-1.187759246861121554e+00 -2.278386167068889634e+00 1.974410743159307202e-01
-1.315805249806879296e+00 -1.522237501636968027e+00 3.101142296430303702e-01
-1.464811198975576545e+00 -2.129059664887549275e+00 1.230769555896618073e-01
2.399160044309578410e-01 -2.090906245043988143e+00 1.026196091252895570e-01
6.374091821215621678e-03 -2.075645284024478343e+00 3.458354370256664367e-01
-7.038171288988248619e-02 -1.524441697750612335e+00 4.451547617588573758e-01
-1.938136690314262722e-01 -1.560668863478284152e+00 1.942580576818340177e-01
-2.271658570090604456e-01 -1.508215261061741863e+00 6.487503099030789144e-02
-1.146368141168911947e-01 -1.682541300712314225e+00 1.678683302070300698e-01
-1.631401727864538742e-01 -2.229995048586598472e+00 1.045442272877448175e-01
-3.974455080709127230e-01 -2.027129027583291609e+00 4.614606654381372408e-01
2.502315010731699374e-01 -1.782778791204755464e+00 3.548393290922309262e-01
2.872884181454633534e-01 -1.669941772851718298e+00 2.187275426724379912e-01
4.836093571803319335e-01 -2.252164236994413926e+00 2.300914604616153269e-01
8.584639032219776311e-02 -2.059233162655845106e+00 3.438613130844423438e-01
2.569623276892603059e-01 -1.958777742794619137e+00 4.233048744781982009e-01
-3.908021173180031838e-02 -1.638631439389849120e+00 1.534003017856289119e-01
1.827558430528846145e-01 -2.143591495754788134e+00 3.146506503227879392e-01
3.513218586962274514e-01 -1.954212560615884442e+00 3.037122498793554115e-01
2.610075646158760421e-01 -2.248833047403716812e+00 4.303286555592062967e-01
2.413255508955085560e-01 -1.870218222411197395e+00 4.312772270373823602e-01
-5.973785604993775422e-02 -2.113043430974828496e+00 1.289877523736535636e-01
1.246585467930962920e-01 -2.304797104785116346e+00 3.105013609720952417e-01
9.894565476540364557e-01 -1.853495371755577104e+00 4.504063075259434612e-01
1.188696541476794266e+00 -2.370742448433558636e+00 5.461978880786411139e-02
6.279950070061577350e-01 -1.882974364414939927e+00 3.437572867597786797e-01
6.964871108662951116e-01 -1.616256728773469042e+00 4.759116421616838011e-01
5.985571850932291937e-01 -2.280459851993581921e+00 3.050770962701090383e-01
1.461484094569209802e+00 -2.330700598558339109e+00 6.224771723395150502e-02
6.442067463881002709e-01 -2.469837536067412742e+00 3.774012483040145582e-02
9.419572979706121174e-01 -1.753997350983540038e+00 4.036951205614496274e-01
1.482827914249643442e+00 -2.337914405398366036e+00 3.984884942898379023e-01
6.320963367210019612e-01 -2.394930871777768644e+00 1.886960812484517191e-03
9.359032151231989616e-01 -2.220019965682645591e+00 1.448188802075840442e-01
9.329685065720560999e-01 -1.657565802757707374e+00 4.002446612909285051e-01
6.330375724917196578e-01 -2.109954567046518292e+00 4.853209470543813353e-01
1.386792101566168611e+00 -2.372921181731987517e+00 3.041237603140967138e-01
8.894870454020722406e-01 -1.680976584717822853e+00 1.644647540647206085e-01
6.496378384656562588e-01 -1.722380097146166911e+00 1.797601403236210871e-01
9.962457782979416976e-01 -2.243610596114260503e+00 1.553431976312307228e-01
1.215581375193140801e+00 -1.684944121918863225e+00 4.766283472986785341e-01
8.763992478135325115e-01 -1.564696097703025757e+00 1.856430260587593750e-02
1.128224400771919989e+00 -2.120143312485280873e+00 1.176275346350568185e-01
1.183919791783878850e+00 -2.452919421580386228e+00 3.907990180293570148e-01
5.871449827964934087e-01 -1.790784135263999488e+00 8.953258120885720928e-02
1.551991259480109520e+00 -2.268785111480431382e+00 2.545624389660865461e-01
2.206168929185656324e+00 -2.122332408551507399e+00 1.625296265444902133e-01
1.995011119904800623e+00 -2.128085577258907790e+00 4.711551662918065375e-01
2.016262113452041760e+00 -2.242389814289827754e+00 1.418862628670822801e-01
2.398252285453599697e+00 -2.160768160440069252e+00 2.403210908184512107e-01
2.345244308156601676e+00 -1.956167384003645537e+00 2.932265017732014201e-01
1.835475375685286181e+00 -1.947595831597766391e+00 8.657811681877980448e-02
2.113544069062459840e+00 -2.458632185946928672e+00 1.082203359782543117e-01
1.899776436274148494e+00 -1.635178484156133649e+00 4.742727791035274976e-01
1.802518207252171933e+00 -1.783872422399964464e+00 2.459075311903173855e-01
2.232451892875999988e+00 -1.874512269855376445e+00 3.745165909911136737e-01
2.078121389448654099e+00 -2.022969007292609867e+00 4.141406491577228621e-01
2.159585719064892828e+00 -1.741364254504296660e+00 1.357801859238882969e-01
1.788189425859506798e+00 -2.174551047704178508e+00 1.831209856776236933e-01
2.265021876822828517e+00 -1.928616193416326396e+00 3.731458312054378723e-01
2.383195340305187315e+00 -2.412693450911650217e+00 2.980595727622503688e-01
2.392216013712614497e+00 -1.557856262114150958e+00 2.710521895059923025e-01
1.532568296923656703e+00 -2.452270052147371260e+00 3.745378375315286945e-01
1.754967152835785527e+00 -1.734749269511554282e+00 2.645555654143549873e-02
2.374954589801106408e+00 -1.589871715226154336e+00 4.093073252462460232e-01
2.120808931913519046e+00 -2.126147488865981927e+00 4.686024815375855468e-01
1.735943279258847838e+00 -1.764639139099567267e+00 1.145507950197472979e-01
1.514616649384379343e+00 -1.848283000683712096e+00 4.290549800080132314e-01
1.763753801088652651e+00 -2.377177919044003218e+00 1.546076217077505532e-01
1.605617145947622504e+00 -2.111086982601216633e+00 1.730254826681569824e-01
3.192974162460075149e+00 -2.228887023376682208e+00 4.368590823821882907e-02
3.410607553921257917e+00 -1.658378186647880170e+00 1.977602832918528009e-01
2.547288019170052209e+00 -2.090480155525708206e+00 1.143533532815972364e-01
3.203710526890388266e+00 -1.809322641551327493e+00 4.068347698764327447e-01
3.112229220515636996e+00 -1.870538602828000663e+00 1.303046190430965368e-01
3.019905658421141226e+00 -1.971947643972524311e+00 6.053183833062192321e-02
3.161661939220104856e+00 -1.833523716931883207e+00 2.149515398969228386e-01
2.974832998783838889e+00 -2.241165396216159955e+00 1.735770420788238511e-01
2.537972160103262098e+00 -2.476140472194742870e+00 3.080663810070323194e-01
3.254908932168945057e+00 -1.700684613679205981e+00 2.118622324788326239e-01
3.008881315381813693e+00 -2.193123295627536606e+00 3.454858588327684998e-01
3.178779763087611343e+00 -2.408214217012991654e+00 1.658102532010516938e-01
3.460907419373931759e+00 -1.649471019362606761e+00 4.768946610783615370e-01
3.280440177954371705e+00 -2.429006920017805271e+00 2.545898329251041758e-01
2.776597573466505153e+00 -1.576466464360294140e+00 3.159247921835657280e-01
2.664903833106645692e+00 -2.264593627573647794e+00 3.670713950475104070e-01
3.131333873235725207e+00 -2.210319529385889048e+00 4.466549455393185042e-01
2.708570719932861692e+00 -1.889588701766049539e+00 1.534794178085032712e-01
3.406756202576358916e+00 -2.109443334260016734e+00 8.120671763322206971e-03
3.335535415875638066e+00 -2.410593645777749927e+00 4.037198276131661601e-01
2.844972193403933147e+00 -1.502916652232933359e+00 3.561117529604853615e-01
3.087916839804158542e+00 -1.694898843910291220e+00 2.695489353696842727e-01
3.279895662588279137e+00 -1.651707449874851186e+00 2.028657858086244659e-01
3.860057269867576579e+00 -1.660226575861997844e+00 2.862443521370039434e-01
3.598086033768087333e+00 -2.197489610694559836e+00 2.350705276037210467e-01
3.678927245774023191e+00 -2.280010549822435451e+00 1.646223188520146152e-01
3.536753493434202866e+00 -1.618803571372610328e+00 4.948264072409749303e-01
3.886496379571649840e+00 -1.662854126285247425e+00 4.524738043465532655e-01
4.452079829809338918e+00 -1.662130588129730135e+00 4.261505277508685907e-01
3.682881725216388347e+00 -1.883645502509933678e+00 4.636287418416262796e-01
4.252582698723358590e+00 -1.803253217698644661e+00 3.403577955027028423e-01
4.497514150653548981e+00 -2.389511779739819985e+00 2.845797701596577411e-01
4.333577413848757942e+00 -2.185405560568666417e+00 4.763229043666541429e-01
4.289017827173623232e+00 -1.522666177496394546e+00 2.192926820427487655e-02
3.598616692737914846e+00 -1.925957889637914811e+00 4.472477739895417415e-01
4.399844066499019490e+00 -1.970913933686371244e+00 4.740457310871821761e-01
3.675618313909968293e+00 -2.413324013646310107e+00 4.286315812627314870e-01
3.918441111733390159e+00 -1.580129635284136747e+00 8.808372336452130469e-02
4.006850158570456344e+00 -2.471199827752846190e+00 4.813465084324839438e-01
4.174639422412264267e+00 -1.871769041909196574e+00 2.710047721263837417e-01
4.333830878522764607e+00 -2.126671898265721339e+00 4.858289635448400645e-01
4.076546271690229872e+00 -2.120606648324052657e+00 5.355505772371849105e-02
3.899308305224863602e+00 -2.128538313110018620e+00 3.958338021670311235e-01
4.015633581128053464e+00 -1.572576468395173066e+00 1.503602452827532687e-01
4.397150369687871319e+00 -1.740879546984536397e+00 2.435159376338678072e-01
4.453875441556244041e+00 -1.703876166734966446e+00 4.898930419523530588e-01
4.371340566026134411e+00 -1.542494413286823018e+00 3.119711628722861008e-01
3.556706824293847546e+00 -1.741462729442655011e+00 1.460493874540702564e-02
5.295704768046611832e+00 -1.746794026443653891e+00 2.983235050360839580e-01
5.393100219787088534e+00 -1.860373850805172147e+00 2.908505758604640334e-01
5.368948057001670549e+00 -2.334184687533049640e+00 3.909984005789723938e-02
4.614426142329605796e+00 -1.709823245421246085e+00 4.348113222568539271e-01
5.401199510843689211e+00 -1.565962021049822184e+00 8.827884497395999119e-02
4.778618003437468786e+00 -2.157580285340289450e+00 4.830649554538961610e-01
4.620428160742099166e+00 -1.692693525988537395e+00 5.276972422274539554e-02
5.214255553061720505e+00 -1.976267763168662484e+00 2.962860680724794804e-01
4.924843006573034643e+00 -2.058466882345411975e+00 2.492576244862849677e-01
4.898516180421298216e+00 -2.062990107424749198e+00 3.919994968697739779e-01
4.780025805516517678e+00 -1.947905783444442207e+00 5.983898246453911440e-02
4.755545819007910069e+00 -2.391660837976950837e+00 3.836351743982753248e-01
4.850777493788346106e+00 -1.917279335371847360e+00 4.265188583309047488e-01
4.925251861608703763e+00 -1.599807762656096699e+00 1.113014747961518225e-01
4.658468126616082117e+00 -2.266752863618899383e+00 4.716965393224636927e-01
4.516418102253100031e+00 -1.868263640136872183e+00 3.209071616474812316e-01
5.585545731394589097e+00 -2.250455566305625155e+00 2.865036055152678784e-01
5.519122320177523022e+00 -1.768233949186834408e+00 4.362859064645245866e-01
5.771689467499047765e+00 -2.493115317187672986e+00 2.393576758074296151e-01
6.315931015223370082e+00 -2.262126160129136920e+00 1.582842814211637972e-01
5.925131363305162324e+00 -1.785578274030653390e+00 4.326391401155049721e-01
5.775360742415660553e+00 -2.139557079904213843e+00 2.943214775216063117e-01
5.875907161783562316e+00 -1.888058733469710759e+00 9.560784763205631975e-02
5.964082522358221894e+00 -2.218619828768998659e+00 1.556262446508860364e-01
5.806915847083605087e+00 -1.541721517720585410e+00 2.433860224624346813e-01
6.251321263531853134e+00 -2.192378787548133090e+00 4.448241100536876047e-02
5.535580752417910588e+00 -1.721799938326078028e+00 4.022045249532482103e-01
6.334870038004325465e+00 -2.131371032568457835e+00 2.488831580746744265e-01
6.288695431290012294e+00 -2.052336024104216783e+00 2.191557263327705840e-01
5.703311254648617989e+00 -1.933248956620046144e+00 3.434036346865045886e-01
6.350843796820608844e+00 -2.057909768118358684e+00 3.774339489760070165e-01
5.938351101304382595e+00 -2.391579702004972496e+00 2.511551583489435302e-02
5.633712870878966328e+00 -2.264760726774882826e+00 2.953071693336699610e-01
5.886795008664238438e+00 -2.442454913011410156e+00 2.719618200970064237e-01
6.181569701485626567e+00 -2.139521002547470019e+00 2.108132570054195298e-01
6.723052261412865604e+00 -2.477109671219869469e+00 1.139721889129088339e-01
6.983624897148699162e+00 -1.809343235126219085e+00 9.341946764225816935e-02
7.159899748377075213e+00 -2.417311878524275315e+00 7.250402634434394145e-02
7.369834639372246698e+00 -1.662281407264512012e+00 8.703097253968472558e-02
6.814156296119119105e+00 -2.273695894993936761e+00 4.117557994510647745e-01
6.701240290231893937e+00 -2.371470298604746674e+00 1.972093651132720282e-01
7.236904631329714732e+00 -2.053757323737212204e+00 4.104374226093554512e-01
7.199986432675443027e+00 -2.452867698563938603e+00 2.099881027679373346e-01
6.577268108484435771e+00 -2.244360938845469278e+00 1.833540440272720673e-01
7.014369786258868089e+00 -2.204619280442192242e+00 4.206593595239365158e-01
7.010631693283347232e+00 -2.283639560777387167e+00 3.183418104610709065e-01
7.151312120844011133e+00 -2.052098526170437864e+00 1.529013612724270388e-01
7.422372532821420066e+00 -2.138017089376090141e+00 4.466591848638596929e-01
7.360950353763229259e+00 -1.574015080736607786e+00 3.102801035914080074e-01
7.299335975900284268e+00 -2.146714316106369758e+00 3.662005120257596502e-01
6.962264197306463842e+00 -2.470354845435227986e+00 3.549808191445933403e-01
6.613609826257659918e+00 -1.822671297278775526e+00 2.079797837754480128e-01
6.839208898097734135e+00 -1.534713990901854785e+00 3.885348540975179787e-01
7.476733862499063576e+00 -2.096597842588451499e+00 3.600383224671954707e-01
7.123488978117258341e+00 -1.851501848726234023e+00 2.841954012451637368e-01
-6.628336870426150718e+00 -1.086424363156757167e+00 4.561397978282499821e-01
-7.485984949925367005e+00 -1.308021344094642657e+00 1.403366316760621402e-01
-7.375890155803459969e+00 -1.429845134515565164e+00 2.962506770035346904e-01
-7.107962405155126895e+00 -1.403640832710416397e+00 2.053907953701248346e-01
-7.299795623104467168e+00 -5.227361514614203841e-01 3.412928415371432322e-01
-7.048469285790067929e+00 -9.087183176152162645e-01 4.894302029585428926e-01
-7.449104028582197223e+00 -1.055757362696295054e+00 5.896376472193409768e-02
-6.732350511358129452e+00 -1.285084756994541166e+00 3.428188529123392669e-01
-7.187713081089695422e+00 -1.095079207925036435e+00 2.098738294110642499e-01
-6.710911369926656711e+00 -1.064888699469535460e+00 1.107943381538731842e-01
-6.620560805086451950e+00 -1.115645265681176390e+00 7.806762732601058019e-02
-6.835920139056439027e+00 -6.147199269435548175e-01 4.974822527245379433e-01
-6.898303725259056662e+00 -6.709853615059024889e-01 1.824310533228619136e-01
-6.888415331879505388e+00 -9.589892210903832037e-01 4.712962471662240915e-01
-7.085022520008939395e+00 -7.262800180351502988e-01 4.210255012632657667e-01
-7.069505550533290439e+00 -1.357606350208304669e+00 1.779722727643218150e-02
-7.266516945603551214e+00 -7.526752940562904115e-01 1.359642747557359144e-01
-7.337159689432793286e+00 -1.363796262406522075e+00 4.924308068632932134e-02
-7.173747217561170508e+00 -5.115546647535236247e-01 4.796875010829921848e-01
-6.684270496919922699e+00 -1.386365302003557787e+00 2.622580021947840123e-01
-7.383016151050372677e+00 -8.637969396165114944e-01 4.567222299694737586e-01
-6.940632023941582851e+00 -6.306451856207857531e-01 2.630655803339543297e-02
-6.216528739346395938e+00 -9.919616253004344131e-01 6.672961879932159945e-03
-6.187069298345702073e+00 -1.443360811394764021e+00 1.133097480758955555e-01
-6.264672581656690831e+00 -8.069217954802203607e-01 4.295547682763469766e-01
-5.675439636264968613e+00 -6.332741585453041111e-01 4.466908085242131676e-01
-5.644762687355376229e+00 -8.818309452427497419e-01 4.272411088345471342e-01
-5.996333808185705827e+00 -1.450362670453882785e+00 4.810888056863547035e-01
-6.133345284925411534e+00 -9.646945693736643790e-01 3.493419257072183370e-02
-5.694866196623551424e+00 -1.288729696723334150e+00 6.747830833283252616e-02
-5.990358049233937443e+00 -8.903767067381105349e-01 1.083674575314770294e-01
-5.801526955421491216e+00 -9.036017384660741669e-01 4.642864243584945427e-01
-5.772595401505768997e+00 -8.298285913829062110e-01 3.779892281844254853e-02
-6.295686904207718371e+00 -1.400854901578158618e+00 3.522245120365230520e-01
-6.059982305357252130e+00 -1.091174613158356621e+00 3.764268312170369057e-01
-5.684105665597632751e+00 -1.107901291341668149e+00 7.763994563379128522e-02
-6.314637181395009513e+00 -6.902175392228073747e-01 4.741294459283729168e-02
-6.379431204132600897e+00 -5.743302809868922054e-01 2.634826564754462197e-01
-6.235647662407789227e+00 -1.185798050393549019e+00 8.244709664693772311e-02
-5.636465923571227776e+00 -7.671729337338906163e-01 1.863091255337359087e-01
-4.911393297018942228e+00 -7.598812258820251131e-01 1.597774086637411273e-01
-4.587209406327164452e+00 -1.192237899534806189e+00 4.653025705399347345e-01
-5.358013369465636444e+00 -1.099918538036771309e+00 2.931623891770023249e-01
-5.161439252812436429e+00 -1.156395090228366840e+00 4.065089067075398077e-01
-4.610168308381150659e+00 -5.459023625026313553e-01 4.322202608026319837e-01
-4.672827843928633484e+00 -7.328933549225968846e-01 1.444071872821517388e-02
-4.532689963121274701e+00 -1.244990111775281072e+00 7.680989145219285774e-02
-5.340357915513743059e+00 -8.055252969374633309e-01 1.954910501799371758e-01
-5.046832584346341299e+00 -1.311682007977350573e+00 4.757635573082250602e-01
-4.508252746078532880e+00 -1.008078818059315651e+00 3.339222511238837399e-01
-4.908351390273751669e+00 -6.930919051167041545e-01 4.283425999445054089e-01
-4.502472940192834727e+00 -5.393224961220877134e-01 4.064745259872903915e-01
-4.898347477270634798e+00 -1.043206391042278192e+00 2.366226883092732436e-01
-5.026519401866783809e+00 -8.767626468637885750e-01 4.301204940958438527e-01
-4.804134778713667231e+00 -7.006554580133892429e-01 3.251035932810477647e-01
-4.763141707729841023e+00 -1.100912543638849606e+00 1.337990252240537359e-01
-4.999507932124652498e+00 -1.380180382823959384e+00 2.229530702081472526e-01
-5.253627139586340533e+00 -1.024095496512799741e+00 2.321622007571235713e-01
-4.880561184517369533e+00 -9.550358020846108076e-01 8.251971796928714298e-02
-4.521497609379916405e+00 -7.140876009954792991e-01 2.285801952758497180e-01
-5.119548466628995875e+00 -1.182269671698040092e+00 4.030949876323575154e-02
-5.404878961994276310e+00 -6.267798551104757365e-01 3.884905108882996672e-02
-5.032933155841926798e+00 -5.964808823715603836e-01 2.582927613424121915e-01
-5.209022897324686596e+00 -1.312283193642518775e+00 4.627524300685319503e-01
-4.681984097509422682e+00 -1.318870109972380078e+00 1.419232341691802901e-01
-4.946150389322943930e+00 -1.331788704187157002e+00 2.258669749226065449e-01
-4.088113926137587839e+00 -1.472608108032529728e+00 4.350875072456084069e-02
-4.319163760680986286e+00 -1.422110999745006765e+00 3.003256389085926514e-01
-3.716953508652342197e+00 -6.885779810776693211e-01 3.023170141922566501e-01
-3.537287902277249874e+00 -5.962986451101199847e-01 1.176723912553434559e-01
-4.468144815973292161e+00 -8.001381107906908596e-01 3.410075831121126555e-01
-3.587884548814192609e+00 -1.265332265741041518e+00 6.878375792026147906e-02
-3.947486087190825721e+00 -1.367920777766106433e+00 1.777231857610637178e-01
-4.496135542489680503e+00 -8.352379501119751026e-01 3.538464470522697525e-01
-3.819659135774708503e+00 -1.302246684021849177e+00 3.413298321878261987e-01
-3.956785390066049235e+00 -7.123114209321217416e-01 2.610045485015533018e-01
-3.521776919433598163e+00 -1.417410963341644958e+00 1.398528461447057225e-04
-4.163701536642806289e+00 -1.206901613040256116e+00 2.280808480162672680e-01
-3.066988515672903759e+00 -5.194412036561040225e-01 1.799849899751535531e-01
-3.281793254473965860e+00 -5.039882894058127505e-01 2.421564273751979357e-01
-2.682874805575774069e+00 -9.712689935031990629e-01 1.170432141370980617e-02
-2.749549033133122045e+00 -8.730788868200374253e-01 2.899904536912423225e-02
-2.796711101759523643e+00 -6.651154479388949881e-01 1.034770006778522600e-01
-2.536684136424939950e+00 -1.433862615175605093e+00 2.387774158321001039e-01
-2.818022806212452380e+00 -1.212834846272618172e+00 6.785503469412645927e-02
-2.802886280782921347e+00 -9.334802110471462910e-01 4.585036586785573576e-01
-2.899303503883239763e+00 -9.772552623973469466e-01 2.619846646410017854e-01
-2.658200225894647772e+00 -1.401816088034180119e+00 4.063754895199842565e-01
-2.983973078857365735e+00 -1.020491176125071675e+00 1.123604323976490349e-01
-3.213752241102039164e+00 -1.360302448502878292e+00 1.217962073651275290e-01
-3.448553135934650626e+00 -1.086005210123532905e+00 4.305829519777404357e-02
-2.887318145427554938e+00 -9.253978632073183164e-01 1.151435300272236617e-01
-1.976587978990505867e+00 -1.412101356713001188e+00 2.021145251781177876e-01
-1.678735800997203320e+00 -1.303699857886679858e+00 3.657019957703511182e-03
-1.989611630780856011e+00 -1.496733151130243300e+00 4.578934802920837654e-01
-2.436016950431142192e+00 -1.350310550122558517e+00 3.563083190641354037e-01
-2.242171633543457610e+00 -5.901796468256197414e-01 1.521613424471013332e-01
-1.639959455917512798e+00 -9.444618043083981007e-01 3.473665540577979272e-01
-1.709272032588335044e+00 -7.263748911098506511e-01 4.440213364431784271e-01
-2.058259478560287903e+00 -1.233065083885245272e+00 1.850939552691439616e-01
-2.095931229904625326e+00 -1.047886625738190247e+00 2.446004723747741139e-01
-1.583039727882065151e+00 -1.345793639532603336e+00 1.987350641252518813e-01
-1.964716240253174817e+00 -7.003015509101055969e-01 1.622099008228499173e-01
-2.222758066027232360e+00 -8.431272434467027566e-01 2.998151884629187691e-01
-1.813875982460659841e+00 -1.185125748853610439e+00 2.825577723667738184e-01
-2.329902835330058153e+00 -8.010115886843527377e-01 3.003776837836014124e-01
-2.178047986519604962e+00 -7.384429231258033965e-01 4.199261203856590186e-01
-2.109732796328691151e+00 -1.497499452742689030e+00 9.540396621966173996e-02
-2.117666361801799013e+00 -9.778793972379249411e-01 7.315707505061652682e-02
-2.134448461551203380e+00 -7.892751350547237976e-01 3.497184871693814756e-01
-1.726654452448073584e+00 -9.775780041635986350e-01 3.497140945716861182e-01
-2.307956377304734019e+00 -8.023566250172624592e-01 2.196949873833577982e-01
-1.781423174211670180e+00 -1.439620221546384471e+00 4.305520028790823517e-01
-9.041864749092649589e-01 -9.876543956652996670e-01 3.001286349342215942e-01
-9.349676136491957834e-01 -9.345067190539699808e-01 1.390264213106302549e-01
-1.156747831346176980e+00 -9.229161871433442244e-01 5.302603346011203200e-02
-7.236808970730903567e-01 -8.048566750810346448e-01 1.596007367698124568e-01
-5.983319001691835837e-01 -1.376020795283290354e+00 4.532105839197164698e-01
-1.369905463614596641e+00 -1.374260726270466471e+00 3.520764194767291855e-01
-7.112541543128587662e-01 -1.055995001928287991e+00 3.003289226560408309e-01
-1.453315650160038608e+00 -1.184198165834148497e+00 3.343556244943854949e-01
-1.067495316057406995e+00 -8.393335708037898968e-01 4.267461545461035399e-01
-1.082329079264424898e+00 -5.054957159883155526e-01 4.609589231791790809e-01
-1.137263368335554858e+00 -5.631426337473497412e-01 3.834953740985369564e-02
-1.198179312984590794e+00 -1.258099280883212323e+00 1.593534480698028943e-01
-6.806439196584506135e-01 -5.785648527928710649e-01 3.352138758868861146e-03
-7.340919479949556958e-01 -1.359230167852350846e+00 7.777429539340374731e-02
-6.095154319426807632e-01 -8.653189458809213974e-01 5.691640293440158871e-03
-1.146148729384409037e+00 -1.223951405931118508e+00 4.419854716854576537e-01
-6.475754627175378531e-01 -1.428509672663135888e+00 5.736395864586185667e-03
-8.099109984547681051e-01 -5.795478874872772579e-01 3.824205880383395595e-01
-5.036238086143285386e-01 -1.076218388445363772e+00 2.787964151031303572e-01
-5.220165185858309798e-01 -1.149870303856460829e+00 3.410238980080038118e-02
-1.116037965391152298e+00 -6.924287118507486127e-01 4.747242969606801921e-02
-1.396481876713947301e+00 -1.215377128121496675e+00 1.181707038746235838e-01
3.603608661405504066e-01 -5.880675900910894427e-01 9.968499969469135635e-02
6.607214472323263976e-03 -8.916835940355696266e-01 2.386855034578285739e-01
-3.052521043495328712e-01 -1.242263388231754639e+00 3.659875319301360008e-01
2.402916580928939894e-01 -6.225971880416913962e-01 4.408926212680839285e-01
1.365262847025316972e-02 -6.719627234906306867e-01 2.416179204708104322e-01
-3.737278230444731619e-01 -1.372906704359001751e+00 3.054904480627929075e-01
-4.355946092542613002e-01 -8.225061899739269933e-01 3.820747117906364565e-02
-5.454619427715634572e-03 -1.316226715058206764e+00 4.063625956950822626e-01
4.524039124365115683e-01 -1.026818362863883394e+00 2.545118942244517513e-01
6.044376209118240695e-03 -1.006913455180940886e+00 4.994327317201197047e-01
3.103684813480667160e-01 -9.175962569346394204e-01 4.106747263704999540e-01
-4.787543309758213184e-01 -1.131468795351569412e+00 2.957525156481111139e-02
8.503976020930981150e-02 -1.081469479175273030e+00 4.907398277780750107e-01
1.440811969307134177e-01 -1.049409615918198924e+00 2.267149105389254515e-01
-4.599093894111359049e-01 -9.938416405349652649e-01 4.562906223486162816e-01
3.116616684222206501e-01 -1.217705965388553579e+00 1.078466715143626686e-01
-4.811190578623678604e-01 -1.387697855961112836e+00 4.569805906416686270e-01
-3.674239816006519277e-02 -5.240934218942481237e-01 1.170424452424416728e-01
9.156319978352520650e-01 -6.516645124433937397e-01 1.382004909757661437e-02
1.496644943734890987e+00 -6.359414104558380743e-01 4.545768586015785928e-01
1.387043259694875630e+00 -7.576048148076868216e-01 1.019902792210434228e-01
7.221535905126206245e-01 -7.424006903455158124e-01 4.731474701001285865e-01
1.295342090243460476e+00 -1.274218744435863471e+00 8.603842908109271548e-02
1.050999099364496203e+00 -1.029367855533608989e+00 1.299006903210919717e-01
1.457415344317514183e+00 -1.209578600035701612e+00 5.210127485110938039e-02
1.437826109561882504e+00 -9.023948126715213292e-01 4.914121594650211478e-03
6.354915827692657615e-01 -1.248852991983902427e+00 8.043392795304882270e-02
1.046110533531248166e+00 -1.117148142401751088e+00 9.738692152917849398e-02
7.321169538564937795e-01 -6.014447455215341520e-01 4.011546839776478635e-01
1.267140850052754786e+00 -1.478078982475457437e+00 2.239246557486183065e-01
8.327727720761490815e-01 -1.435360657519783700e+00 2.825048526334246191e-01
6.790683697572124089e-01 -1.372738421021661104e+00 4.984100997529843369e-01
1.437490980912699001e+00 -1.490624850842743321e+00 4.129231415568455077e-01
1.220006140947695883e+00 -5.589773367891428535e-01 4.176480281889638491e-02
6.755905102551231778e-01 -1.092292543469289612e+00 2.262269816090700658e-01
9.525724723160386986e-01 -5.612074623685190389e-01 4.718653142955666624e-01
1.144356558806073565e+00 -9.706464355104316155e-01 2.127883206934750859e-01
5.211865642294934986e-01 -1.267499525342199895e+00 1.606749253939323552e-01
9.209452281977679178e-01 -1.219986266234851513e+00 4.045847366795776168e-01
1.897162906036163221e+00 -8.293847679131669537e-01 3.587270164719171817e-01
1.682848834038638941e+00 -8.855112761451948700e-01 1.904126996831010388e-01
1.553071164254744119e+00 -8.416816779131757187e-01 4.718519001031804549e-01
1.635324287617788031e+00 -1.172151893211788476e+00 4.593067316142462886e-01
1.536457685013353114e+00 -1.254065349959753384e+00 4.618046890908242830e-01
2.045445502563961071e+00 -5.751730542232609267e-01 1.276216892455046548e-01
2.056280234377865668e+00 -1.335019821475148305e+00 1.159560464633528909e-01
2.017581227173943503e+00 -1.450507802766327181e+00 4.709284407491338698e-01
2.361427372567730387e+00 -5.322824415937610354e-01 2.754929211915424503e-02
1.831759010518306141e+00 -8.211521406306534487e-01 2.614380421099546936e-01
2.311851147770987325e+00 -1.305294200292623330e+00 2.345284004216523499e-01
1.913907319810075336e+00 -9.018476946911437864e-01 1.870925957990419164e-01
2.254769656829399338e+00 -1.154209011472250523e+00 1.165099671626776967e-01
1.963575121126037715e+00 -1.164118678566397946e+00 4.744427203100762824e-01
1.894525840159236196e+00 -9.254502973720102332e-01 5.477295595854592136e-02
1.797729548015718493e+00 -1.212255348172631031e+00 4.991421613149853442e-01
1.788051834992295142e+00 -1.393372282596612166e+00 1.391606255426776073e-01
2.723147904571387556e+00 -8.910512508914996133e-01 3.882571626807411747e-01
3.021083186268420206e+00 -6.499735796685000011e-01 4.172418271444122695e-02
2.587322328529968019e+00 -8.570775409314537185e-01 7.141795190504929280e-02
3.115524249692830594e+00 -1.094150847112538294e+00 4.602046662473409100e-01
2.890728164493612695e+00 -6.219572125963859222e-01 1.810927855635195982e-01
3.256165820619575157e+00 -5.465642197424429582e-01 2.708114406447865719e-01
2.718024638979951391e+00 -1.013628127476131624e+00 2.917981638485418472e-01
3.155518000821833979e+00 -6.677508940967520346e-01 4.538048662536642297e-01
3.356549711900816746e+00 -7.570612731004047191e-01 3.978367569817926608e-01
2.974329178172443022e+00 -1.102559364698443289e+00 4.222231456237111047e-01
3.107375454590751929e+00 -1.347341831752862262e+00 3.789635451691140133e-01
2.858324585537024731e+00 -1.386455494000247590e+00 4.124617657746192378e-01
3.259215044063781264e+00 -1.331574552203216300e+00 1.602931453457667743e-01
3.310719319965436114e+00 -1.136396870662258252e+00 5.726362896049685958e-02
3.493475735758504896e+00 -1.249705277128083658e+00 4.566822025246768391e-01
3.428704779678186654e+00 -7.068097455772104354e-01 2.469486189044314273e-01
3.340382512645412305e+00 -6.728805198694045586e-01 3.409658552646757101e-01
4.454004669865311072e+00 -6.057766710965530876e-01 3.057862267005280188e-01
3.582943306683016971e+00 -1.120550069097804524e+00 2.736251565262044494e-01
4.365087512128617675e+00 -1.126205163426471145e+00 1.554445290584780537e-01
4.233456439331742871e+00 -1.378953439239920087e+00 3.854267472068144684e-01
4.362687397620224061e+00 -9.934148672752289855e-01 1.004843146516307684e-01
4.487180585420222911e+00 -7.261895739379404802e-01 3.920780038933795453e-01
4.163304775083238596e+00 -1.443691030678944998e+00 2.223025990265821150e-01
3.676564004624678361e+00 -1.245992447328632124e+00 2.272171421844539907e-01
3.911570938955639676e+00 -7.318228482619426600e-01 3.471329217724186122e-01
4.298483196309156540e+00 -1.406114606626003294e+00 4.012940500817059331e-01
4.374541517246575140e+00 -1.327853502094781035e+00 2.770880063220211298e-01
3.898574339820941148e+00 -9.041439136395270637e-01 3.330221454367059408e-01
3.838293861234680193e+00 -1.323483070316072485e+00 3.146608107901158746e-01
4.436121529551851239e+00 -1.355471890517518041e+00 1.380387121631265757e-01
3.958481587030822979e+00 -6.484461350692338755e-01 1.732960509913255009e-01
3.963787705500072533e+00 -9.017050495746037342e-01 6.069142087789991535e-02
4.456041216224999602e+00 -1.063366158992148591e+00 1.064227148946752521e-01
4.094581468530698487e+00 -1.209668095428352075e+00 2.558447686706717406e-01
3.606562490674978250e+00 -1.161638236427579685e+00 3.839870390230295527e-01
4.160993949540269909e+00 -7.122349381092272225e-01 3.515374724993307609e-01
3.808641864883723471e+00 -1.271528328383624284e+00 4.708194493221977694e-01
5.058492042758006235e+00 -1.293254593244996364e+00 4.862305528445780567e-01
4.745214420290096768e+00 -5.035532962653599398e-01 4.383910937738804137e-01
4.906397827071124595e+00 -1.393436082454495129e+00 4.140558637279205811e-01
4.791262882033535675e+00 -8.567436191254520494e-01 2.115736294801067174e-01
4.753800901009132218e+00 -8.551386290032061410e-01 8.204551784687197369e-02
4.995070131357387311e+00 -1.206386485200510172e+00 2.863276880091110144e-01
5.331275064339781267e+00 -5.828628046597836843e-01 4.886835147797654599e-01
5.071974067480928383e+00 -1.335913230255916240e+00 2.792286782829762615e-01
4.986623281718264522e+00 -9.797976770524376988e-01 9.486933731896129984e-03
5.242084462968065850e+00 -1.217822434742310556e+00 4.247888842494340622e-02
4.824390560994363142e+00 -1.342836382276020757e+00 3.954272950685542298e-01
5.200736735115686571e+00 -1.114841745123741568e+00 4.348063225590390601e-01
4.527434703821239026e+00 -1.261450207031654891e+00 2.786631676595465734e-01
5.076884584645924292e+00 -1.041811059965308317e+00 2.083963330971432271e-01
4.915038105315574057e+00 -1.100500232277636492e+00 8.551485265439140449e-02
4.947515393731542588e+00 -1.318493196143926127e+00 1.693010096120310948e-01
6.229310569860423641e+00 -5.339303522310459016e-01 2.476486834375535295e-01
6.351738781561881098e+00 -1.432614794677123271e+00 2.849128312700575094e-01
6.373748998083328843e+00 -9.927970721703003321e-01 1.814271244742542422e-01
5.927779769900039852e+00 -7.978845334426853952e-01 1.736827898186863450e-01
5.861140286504912922e+00 -5.754074871749521591e-01 1.972459728248647792e-01
5.868850369977023362e+00 -1.057556369648301242e+00 3.444623135234365918e-01
5.675370856583384693e+00 -1.014880973134911102e+00 2.934063490669682750e-01
6.308333202846121424e+00 -7.084085630349354901e-01 3.328893019134611109e-01
6.486030038728081593e+00 -9.420709946846752558e-01 1.287270287523973877e-01
6.241871283867670428e+00 -7.798745096399111176e-01 2.114773851184068576e-01
5.795408939956345762e+00 -1.260377758203300225e+00 2.517235783245794778e-01
5.560980817437650714e+00 -9.589548311571309824e-01 4.823988596957242692e-01
6.198028554960494318e+00 -6.974667564497503136e-01 4.601495101563912726e-01
6.277828796704879366e+00 -9.401424297507618988e-01 3.091017273068121796e-01
6.438235987627464851e+00 -7.642885443364901832e-01 4.875228791602772560e-01
6.174358841022861810e+00 -1.035405226172594340e+00 2.053128837902615800e-01
5.665689655300027994e+00 -6.105682471594313654e-01 2.370068577779065322e-01
6.425231579386274205e+00 -1.469356017564463990e+00 2.503623518355748701e-01
6.536471487620456600e+00 -8.706970404892366844e-01 2.696218192942030356e-01
6.767815780421893024e+00 -9.136974757584948037e-01 3.288638487963151391e-01
6.850308275665788926e+00 -6.282979214533259693e-01 3.625941083008079602e-01
6.998117267390899343e+00 -1.167899270995314431e+00 3.435460452420127098e-01
7.318525781494990667e+00 -1.202673094342038951e+00 1.163797988913852777e-01
6.561106853670100492e+00 -1.369781876855602931e+00 4.896775838336839826e-01
7.363565715362664577e+00 -9.648504448284089818e-01 9.908417052325191321e-02
6.816719333490171451e+00 -1.112089883078165364e+00 4.186353243665337232e-01
7.283719005559730064e+00 -1.088860285559866803e+00 1.608483269782059466e-01
7.035447173833391687e+00 -9.595129700285731644e-01 3.918986419717338521e-01
6.563400302079530846e+00 -1.158881540467194604e+00 1.284611602832228527e-01
7.345589197778537027e+00 -5.906098891247006932e-01 3.306365590081057348e-01
6.529017590607942623e+00 -1.387852504165607570e+00 1.237552343756913587e-01
7.362872739139131539e+00 -9.352512056421176112e-01 1.112497614746867924e-01
7.278320797608358816e+00 -1.345249981371525294e+00 3.728125437048035451e-01
6.775926720829854588e+00 -9.968569903233799323e-01 1.807820516116134257e-01
6.629358169179145222e+00 -1.477053664115022258e+00 2.444974869526266303e-01
7.364571540767027358e+00 -7.535691074088211039e-01 4.632961681242289131e-01
-7.243245884781123856e+00 -1.640522678157987357e-01 4.063096531835981295e-01
-6.990792885965046999e+00 3.921111252261084701e-01 1.089436745940020046e-01
-7.463232031646611198e+00 1.254333131478801988e-02 7.125486879331788259e-02
-6.999110620438630193e+00 -3.425452972055262890e-01 2.913744467795300608e-01
-7.334400662059650244e+00 3.880603861869857951e-01 3.673600858653713885e-02
-6.532640476348048786e+00 -3.995910695216622344e-01 1.949812636595886772e-01
-6.640153427204850800e+00 9.282874363182003208e-02 1.982044954016792815e-02
-6.822076531631215524e+00 8.075954854252298531e-02 4.068961976104201739e-01
-6.871716455378190425e+00 1.840383301752472889e-01 2.760206569918182140e-01
-7.292544197008417051e+00 1.175411139557169804e-01 9.460817635223506272e-02
-6.974229763359999446e+00 -4.467549713342604534e-01 2.790551718568607953e-01
-6.827627173079782175e+00 -3.586296525179397676e-01 2.615662576652084681e-01
-6.641460099929519245e+00 7.779045946061469152e-02 2.783888084229371174e-01
-6.989383077675243250e+00 2.365184928974564116e-01 4.320984781415475595e-01
-6.789087820835288944e+00 -2.532104718410499444e-01 4.182906517173119454e-01
-6.952800460529591220e+00 -4.793687539343656212e-01 3.110101742884907594e-01
-6.569425219614044131e+00 -2.863183698249649467e-01 2.949184489765634964e-01
-7.092007462514845706e+00 3.821547117011006023e-01 3.991668630839608767e-01
-6.970480960739177334e+00 3.454609096692395909e-01 4.204912747594136135e-01
-5.874687434400009955e+00 -3.148610625316168310e-01 3.060559318227209502e-01
-5.726984220846839335e+00 -2.558465399819755959e-01 2.493453011075530412e-02
-6.241744700600007967e+00 3.749900763529341319e-01 3.198334095512098685e-01
-6.097414884707286653e+00 -3.820128875965504989e-01 3.978145098012593195e-01
-6.179020942682791784e+00 8.921612989235416791e-02 2.692348849574539571e-01
-5.520915071603953450e+00 3.047439439659109794e-01 3.599722267196110437e-01
-6.022308760784796711e+00 1.051644004881691075e-01 2.573553651001247999e-01
-6.183946671706777032e+00 3.419158396446784209e-01 3.721313109373447503e-02
-5.628394056974756587e+00 2.900532774981083861e-01 4.727596098831678972e-01
-5.830546725571263522e+00 -1.849026822146191407e-01 4.815369135637226350e-01
-5.901036127300809397e+00 7.790535089602190766e-02 3.986001599970503406e-01
-6.069022487072904148e+00 -3.593486189134962316e-01 1.656977003459303432e-02
-6.446705227784229386e+00 -3.570550676760593234e-01 3.238101844600507206e-01
-6.212463938244699335e+00 2.845404308967278695e-01 2.375303077520314332e-01
-6.226167306287549330e+00 -2.846300752529566935e-01 3.325421729555753103e-01
-5.759663455847905844e+00 4.248948890309272031e-01 4.884637393502693214e-01
-6.078162931418404469e+00 4.275910073656294941e-01 4.708247508325769104e-03
-6.049124425260789195e+00 4.431454913196164469e-01 2.800303212717665247e-01
-5.702380791714128705e+00 -2.175627595154185911e-01 3.910519106015346580e-01
-6.340277425376855902e+00 4.033751994803820295e-01 1.151615245644599383e-01
-5.468747753614397134e+00 9.754524464644998005e-02 3.096735769892475787e-01
-4.912412970021176051e+00 8.095882612910099141e-02 3.890260433206087498e-01
-5.235564854997728723e+00 -1.491103760687986224e-01 2.929518565719018142e-01
-5.083038397086008686e+00 4.567427122150435892e-01 2.626300279520794589e-01
-4.607876318603829624e+00 1.778864380837843484e-01 4.724315099092990522e-02
-5.062908653146339866e+00 -2.080903654668935232e-01 1.489629178259157527e-01
-5.118692601946640330e+00 -4.541329288242579310e-03 2.759323134668960620e-01
-5.243993617522358264e+00 9.545994338211194474e-02 1.336362441287395342e-01
-5.013499052604965200e+00 1.951812253851237244e-02 1.692967984979034668e-01
-4.524990809226259181e+00 -1.718059817058747996e-02 6.320174385922427973e-02
-4.985432816445440452e+00 3.120619140238378719e-01 3.452627242466039803e-01
-5.382858894975433017e+00 -5.268739232400676542e-02 1.051295597396393333e-01
-4.938381459465337464e+00 2.426986043360912504e-01 1.125916812407723455e-02
-5.195792866525171583e+00 4.798463984522776116e-01 1.686445455614666855e-01
-4.752265316395033246e+00 2.783290583638287075e-01 4.033783992319062151e-01
-4.628362726716928499e+00 9.042493141971075232e-02 3.494093355131759893e-01
-5.261216536411944311e+00 -2.972421900535708872e-01 4.404721251992889108e-01
-5.139903805120659364e+00 -4.078912383708628298e-01 1.667579434169752517e-02
-4.557927312653488272e+00 -4.520047321364835113e-01 1.350054311080857161e-01
-5.237937356580295578e+00 -1.958156397125829784e-01 8.281841681925961041e-02
-5.456686749469541908e+00 -3.034187588728274321e-01 4.922422072830787698e-01
-5.113413409520060071e+00 2.983818384398277956e-01 1.329793276114834555e-01
-3.511615184271380752e+00 4.048606968256605043e-01 1.879005244910452177e-01
-3.872774590838423237e+00 -1.674499338222501521e-01 1.135353026559187128e-01
-4.279639161243196988e+00 9.245793886363617986e-02 2.497196859117067902e-02
-4.411816091707173371e+00 4.960066402333955793e-01 2.378871640616768701e-01
-4.396431320417789834e+00 -4.777319929097334494e-01 4.229842271309447455e-01
-4.179794922941579394e+00 4.368641672066928550e-01 2.971108783460909564e-01
-4.094471411415340434e+00 1.985036392070806954e-01 1.909627631830979055e-01
-3.972260916314500179e+00 3.198433135418214945e-01 1.407617337784277112e-01
-3.952750216960303487e+00 3.339745100690993951e-01 3.182441218330058774e-01
-4.376489034681768864e+00 5.567688383524682649e-02 4.778319403920647801e-01
-3.567027288173411304e+00 4.004136745048771928e-01 1.510825186928137498e-01
-3.915915015218154771e+00 -4.127956441476818839e-01 2.583369633059113823e-01
-3.776699862582842737e+00 -1.825260329269564608e-01 4.674098797732249011e-01
-4.450797027264532524e+00 -3.154570498507647258e-01 2.142344417547104030e-01
-3.542045575631901588e+00 -4.566490428147655933e-01 2.815198858225862466e-01
-3.848259254303207921e+00 -7.807722093061286728e-02 4.261536013538886891e-01
-3.799914743522332383e+00 4.147900282385013071e-01 2.011226829461865151e-01
-3.609651857716363654e+00 1.293254784260460255e-01 9.739956974697072667e-02
-3.610321973418157970e+00 6.542112850414927294e-02 1.699433476848106750e-01
-2.771721267207613693e+00 -3.862660863026183833e-01 1.126863136116416086e-01
-2.773136111776499213e+00 2.629497447527340270e-01 8.118712696398233675e-02
-3.166728744400989726e+00 -4.212776755799740869e-01 1.736895133743221464e-01
-3.270862508769916133e+00 -4.687570042294044725e-01 3.608723848417572100e-01
-2.640989572037776512e+00 -2.581387944493362951e-01 8.703335900657194202e-02
-2.649658461796624564e+00 1.980977933722787299e-01 4.055196498331525845e-01
-2.884984319990500978e+00 -3.392133021318120001e-01 1.970365875680517576e-01
-2.989144995231188595e+00 -5.031806522394433046e-02 1.026373434745302404e-01
-3.085209778716242468e+00 1.804350091736885986e-01 4.372146513596142370e-01
-2.790918615758755550e+00 1.160129860145460157e-01 3.407357559601607022e-01
-2.554643670273256006e+00 -2.741040973410386883e-01 6.850910706432600250e-02
-2.989852757370923264e+00 4.531747411113107304e-01 9.148086480124106856e-02
-2.781218261495746802e+00 -6.257624310376996846e-02 1.662299207663178180e-01
-2.930434403673745969e+00 -9.902139784590424654e-03 4.473756859774464800e-01
-2.518444114517825128e+00 -4.373049143330467459e-01 1.976927722951717925e-01
-3.298624283004716773e+00 1.567321363465215001e-01 2.082040143064620707e-01
-3.306829308495336406e+00 -3.797607493217540764e-01 3.576089602240841714e-01
-3.155029184328879133e+00 2.655786485289652887e-01 8.243711247498275441e-02
-3.412517497613373862e+00 -2.417439326978154668e-02 3.246168266096383093e-01
-3.033593369104513826e+00 2.643428517192365490e-01 3.343258147263821201e-01
-3.205328924777097299e+00 3.907046400390683516e-01 4.622575066303760138e-01
-1.832105880605018555e+00 -5.216400416860622613e-02 3.273291174468084819e-01
-1.907294020585954542e+00 -4.666861012737157921e-01 3.814201087945043867e-01
-2.172818320386920021e+00 3.640124215093569759e-01 9.836149758823431455e-02
-2.432373343854262515e+00 2.935723546339463752e-01 1.620431801152868445e-01
-1.579868651135178936e+00 -1.416235333883308911e-01 1.326834754344385914e-01
-2.084920657719045778e+00 4.956690332032200885e-01 2.125520659422797110e-02
-1.663759239619249541e+00 -3.389760159843424603e-01 3.470845395148494106e-01
-1.618881155760933943e+00 6.185961334021428115e-02 3.207456747617154491e-01
-2.072301673636181896e+00 1.267770090657283077e-02 7.165038720487615365e-02
-2.383534235033109461e+00 3.756251904119451979e-01 3.820561664287840387e-01
-1.728094202444061089e+00 -2.693961275762024599e-02 4.584099459673058874e-01
-2.320235778371280588e+00 4.138263398700541273e-01 9.632121326731279964e-02
-1.964446210582192265e+00 7.516514845429700387e-02 1.665922841211457950e-01
-1.974554581792636654e+00 -1.484447071872372348e-01 3.263442187099769853e-01
-2.349270043630463434e+00 4.171854958551719506e-01 1.216707703121802098e-01
-2.330129255847051439e+00 -3.184318020625180878e-01 2.129176883295667011e-01
-2.039977908293083786e+00 -3.510414889541468852e-01 7.871712311215794955e-02
-1.655030478507944380e+00 -1.091823345714857396e-01 5.450472725503630045e-02
-2.233724580245265656e+00 7.119788179508468318e-02 2.569708652438933427e-01
-2.316762011133673305e+00 -6.703887864893953719e-02 2.079802900536336097e-01
-2.187999434650608421e+00 1.424012065823845319e-01 3.439253085270461696e-01
-2.280713514951969501e+00 -4.482060305120825205e-01 8.684714941295545998e-02
-2.249056210172539316e+00 -4.726478095598682927e-01 1.561379156322573181e-01
-9.910404828954835210e-01 -1.373820179860247848e-01 4.889295221645646450e-01
-5.736893863954932726e-01 3.722007384945396069e-01 4.756664707644535639e-01
-1.091480285591288180e+00 1.438135552328363431e-01 1.866564619921931012e-01
-8.648331621676010883e-01 -1.384430543044601336e-02 2.595323033026293302e-01
-1.488015145406015982e+00 1.384768304431878150e-01 6.909082656683018797e-02
-1.391018082228436370e+00 -4.164391675029115447e-01 8.811606370672464550e-03
-7.961008886937692708e-01 -2.072926051762031818e-01 2.093698035908655442e-01
-1.400204825130524355e+00 -3.221906234490248266e-01 1.987437676964489697e-01
-7.985410255323772688e-01 -4.927325203862471525e-01 7.213397765465856537e-02
-8.291424251318302296e-01 -2.484039370961772519e-01 4.725839558671633966e-01
-8.986106763345684811e-01 -1.143257751907436059e-01 2.402992890340254206e-01
-5.205825986125054428e-01 -1.705183507383774000e-01 2.302585992311811935e-02
-1.208795180398205105e+00 2.113610550144695566e-02 3.614995801756109017e-01
-1.347502232112564258e+00 2.790465183436463548e-02 1.134786871785955498e-01
-6.477346316360321765e-01 -7.085434267876422609e-02 2.100035060929918984e-01
-1.389887387101779836e+00 -6.108889939329031904e-02 3.529888687877758002e-01
-1.090785557981441833e+00 -2.042703348499355087e-01 4.703052663930744615e-01
-8.354506305120015242e-01 -1.614515604791453285e-01 3.384397772862541842e-01
-2.381172683840553361e-01 3.467549493211681266e-01 3.236200564303430838e-01
-3.115947975424582239e-02 4.638973663751304599e-01 3.584567906480060628e-01
-3.027360341036464675e-01 -1.028869224841217900e-01 2.797780045632887180e-01
-1.993481263435992190e-01 1.321842174802867476e-01 3.013245421422734438e-01
-4.215450966671152599e-01 -3.656908613663443219e-01 3.988816611787093791e-02
-3.888057848313692944e-01 -7.382532959978771459e-02 1.813751550662647816e-01
-3.817697880454442583e-01 -2.805721014233863997e-01 1.784202525678573181e-01
1.089133753837296936e-01 -2.012687895529889914e-01 4.594412667009191154e-01
4.501644949416458985e-01 -3.572083104459418124e-01 1.449163186607940190e-01
9.894428316515213595e-02 -3.528921703703851165e-01 2.749010356125349830e-01
-4.684458898459107346e-01 -1.067257902423550675e-01 3.974734972348610285e-01
3.607879074637310168e-01 -6.195921813683469281e-02 1.295768479903163239e-01
-4.229546043499503583e-01 4.806222886202986544e-01 3.065777510735543387e-01
-7.152769557764138142e-02 2.876174480249957810e-01 4.757667834083552094e-01
-4.982663838106047294e-01 2.948954265478596071e-01 3.984371548935072838e-01
-1.166129056784610540e-01 4.248430857523954884e-01 2.389862186652003118e-01
-4.358940030064299975e-01 -1.387771060667102319e-01 1.250753097016481519e-01
1.740064964634688849e-01 4.705242435007317425e-02 2.471062443579015167e-01
4.277383614111363030e-01 -1.871390643419097444e-01 4.634774742188909613e-01
2.926313421841113538e-01 4.203482052845837202e-01 1.351680420594245646e-01
2.042962149024249996e-01 1.472963186329234730e-02 2.314430718329205661e-01
1.408866444053487044e+00 -2.517432331893072472e-01 4.296185102333627270e-01
6.905767352699285766e-01 2.772806689105555833e-01 4.114670093781516158e-01
1.310260188481164434e+00 -1.223224562166835838e-01 3.595374239701065733e-02
6.072765554568189117e-01 -4.426172120484306305e-01 4.914002473636038815e-01
1.460987137495413535e+00 2.210830538040298165e-02 8.251524140100841009e-02
8.799264351895033087e-01 1.609442492147774573e-01 4.443937896229037676e-01
5.202087294086634728e-01 3.183124086107484985e-01 2.236319215302966512e-01
5.401172167545684744e-01 4.558090783609385355e-01 9.484422634271361119e-02
1.345964665678113903e+00 -4.076899732534968734e-01 3.843838039714526644e-01
1.400561290063601305e+00 -1.509217983947763742e-01 2.065297042648435166e-01
1.247761751638885031e+00 4.167682141939055285e-01 1.010703723608141757e-01
1.241776817896612428e+00 -9.229809963645863036e-03 6.910890852424955710e-02
1.088649697951986184e+00 1.739712320552300184e-02 2.044394371553970302e-01
1.031988168104888359e+00 -1.914332361583186426e-01 1.294615515923016602e-01
1.174517268640634882e+00 -4.631697671121859372e-01 3.896692609417655717e-01
1.470203597584433197e+00 3.842183747257816862e-01 4.813914910258461077e-01
8.281844748401461231e-01 4.066672283331840276e-02 3.069870761999826669e-01
2.383521154689780985e+00 -2.905251802670321126e-01 2.902542163421681920e-01
1.732347172705736682e+00 -4.139139140198544453e-02 4.814782734363021177e-01
1.935485951027853702e+00 3.407226076024922889e-01 2.493125585592537163e-02
2.350611631152563774e+00 -2.565846344168676296e-01 4.004211147561420603e-02
1.698905102988518934e+00 1.376887006630553856e-01 5.550466915735796647e-03
2.397697742593271286e+00 -3.616497310060964310e-01 2.695146692138976618e-01
1.771045167247288887e+00 -4.246610614323724775e-01 3.952524218456261451e-01
2.206116815208121196e+00 -1.276018992110374839e-01 4.582907743693098723e-02
1.629612284699561542e+00 -1.480714692884355088e-02 2.114360579815013352e-01
2.175948159899839141e+00 -9.906895801830728487e-02 4.976085242451020463e-01
2.392725401830251286e+00 -2.300559375239172866e-01 8.359310596503632951e-03
2.058223923255162902e+00 2.298998141415005136e-01 7.886640046080906075e-02
2.019231252281262101e+00 4.886462089094232297e-01 3.670017835378747151e-01
1.693723140568552665e+00 4.582082109651812729e-01 4.356675390522788405e-01
1.714168454257277929e+00 2.443984136096970516e-01 1.705684886004430467e-01
1.629307301129571783e+00 -2.972704840581412711e-01 4.421073879359074255e-01
2.373357963214786537e+00 -4.519409485808001392e-01 3.416914924404323983e-01
2.485523533436531096e+00 -4.120921427932975334e-01 1.770984968965727546e-01
3.416855857493153792e+00 3.961711423685443378e-01 2.507429144919441910e-01
2.976348775637521982e+00 4.060574137256205418e-01 4.992284008136778084e-01
2.675135514911652024e+00 2.991101157264646204e-01 7.332961478147836942e-02
2.726867957079726068e+00 1.161090591013378415e-01 9.381782920879722099e-02
3.238313118911179345e+00 -4.208034619892009331e-01 1.118609048070080547e-01
2.903688949352311255e+00 -2.683271438275189880e-01 4.723855207604330531e-01
3.406781711391168699e+00 -3.863966360683335211e-02 9.734727542442911385e-02
3.406193032760272743e+00 -2.187733173000951936e-01 2.025371431313001125e-01
2.546708117721736997e+00 -2.428662076058074604e-03 1.428062213321243945e-01
2.871229738136023002e+00 -4.494000592398332827e-01 4.915103450600550872e-01
2.634002138944580906e+00 -3.802799388281270510e-01 2.537794419406775859e-01
2.921359100459012481e+00 -4.053620129022403873e-01 3.895544657220106899e-02
3.397511684717089864e+00 4.418031438506986319e-02 3.218087162065241813e-01
3.330392086138585839e+00 3.856440984209381639e-01 2.182755487190135568e-02
3.163276332124095092e+00 -1.379477067634518050e-01 1.950888983596819060e-01
2.961403272546252907e+00 3.888186585184412181e-01 2.841190176318022509e-01
3.572173972544295140e+00 2.364056579611570896e-01 4.416071847260365502e-01
3.975392906943099547e+00 -2.900519792487976645e-01 4.051632025552205363e-01
3.924529775922874109e+00 3.588315274306896896e-02 2.528050529072878305e-01
3.674530546487332572e+00 -1.026353007836782183e-01 1.308962097672843328e-01
4.424500012738572963e+00 6.006293271499441033e-02 1.606619853518349572e-01
4.054238457479600655e+00 1.756253970590035962e-01 4.495234213437644399e-01
4.165803245072392968e+00 -9.192975920056500883e-02 5.404230626532502413e-02
3.668067470952138365e+00 4.169652268633807779e-01 7.425323798385363716e-02
3.750192725672562233e+00 2.722196587803553669e-01 3.853408654033856351e-01
3.665995157715819630e+00 1.737619677136432728e-01 2.912262208400768770e-01
3.688132431619500551e+00 4.720638903312046608e-02 2.427975997842430900e-01
3.613562740750117186e+00 2.007756367338622283e-01 1.243006486272246747e-01
3.798061904547779477e+00 5.918909613511491585e-02 5.973841143097402551e-02
3.957235246266657569e+00 -3.305134342614639564e-01 5.709524157096268482e-02
3.547631422259957645e+00 3.208923949702757739e-02 9.278038028155854988e-02
4.205013362238865682e+00 -1.168473929378954779e-02 7.440452393957741606e-02
4.439189381106256604e+00 -3.338358112013359857e-01 3.895047534323428096e-01
3.685476128496244286e+00 4.304807741649989694e-01 3.818411265273660149e-01
4.434724485172898412e+00 -1.707956073192100632e-01 6.251979562881437857e-02
3.906112795628841283e+00 -4.311441865327463319e-01 3.963730058967982472e-01
4.755553355780950398e+00 2.681096518280803309e-01 2.803778994895100851e-01
4.853806680424121112e+00 -3.824579063286410729e-01 1.924811163153279381e-01
5.497589522121000272e+00 -4.880935994766169017e-01 1.562521183877461084e-01
5.409810552290572616e+00 -4.525631294324643505e-01 2.954290722415819914e-01
4.916620184201534016e+00 -4.903647555333003893e-01 9.944441073941057141e-02
4.633957252418561268e+00 1.084998058265442822e-01 2.254481908741237106e-01
5.466963099640658186e+00 1.297537067757739138e-01 1.461217980770559421e-01
5.163123345219588600e+00 1.295440692318905462e-02 1.404149161864403084e-01
4.912113120278997158e+00 -1.820133262751628678e-01 3.206157014807136107e-01
4.838542397777892745e+00 -2.630535243721885408e-01 1.116019420047962285e-01
4.598586114173606632e+00 2.564470142341477299e-01 1.049062822536583894e-03
5.263599924381878736e+00 -3.389016044185932941e-02 2.376253846704798889e-01
4.922387602600299061e+00 4.198121738478040044e-01 3.858086381917349428e-01
4.771437128921434123e+00 2.108960846215701679e-01 4.162203475381751616e-01
4.611151202955074524e+00 -2.525670938520754305e-01 4.069156241896596526e-01
6.223905540694046223e+00 -2.536938479360095755e-03 2.368233633043725916e-01
6.088404866326005305e+00 -2.117693766329518112e-01 4.905878415158788641e-01
6.102850282580774888e+00 3.287362701397640308e-01 1.827480892019224257e-01
5.906812944083153383e+00 -4.528505057199367911e-01 2.275715917725609216e-01
5.590391044060492476e+00 -1.643458749538462271e-01 2.702642721788066638e-01
6.005494760763466999e+00 4.477235445835381356e-01 4.664082186625666537e-01
5.514134223627541687e+00 2.480580866241446358e-01 9.496614385194490637e-02
6.304676228225389423e+00 2.766500892718859461e-02 6.885727181904677252e-02
5.573040112880827124e+00 3.059787227425481149e-01 2.739933819258180137e-01
6.240307145407761880e+00 1.045677515062717333e-01 4.260296087328701020e-01
5.914436715845504011e+00 3.210806830246273336e-01 3.333939421331706399e-01
6.368312139791548532e+00 1.830808058992117182e-01 2.897003394004880050e-01
6.259607646069648368e+00 6.882568840845415536e-02 1.661689392033984802e-01
5.981354696754744182e+00 -1.378283557299138096e-01 1.551229277722452338e-01
5.769499195610441333e+00 3.890400390544019871e-01 8.548711314134571637e-02
5.717562620014849273e+00 -2.827751950477379594e-01 4.958012969241334389e-01
7.396124482446492010e+00 -1.807397372909775868e-01 2.607020880900563498e-01
6.840443864628085180e+00 -2.968982636687753640e-01 2.100519961843971828e-01
7.487011367762343994e+00 3.948772082462665978e-01 4.689025999073397344e-01
7.167178821132502264e+00 -2.848636159331867646e-01 2.751444032176149079e-01
6.672926017471255022e+00 -3.676150009494447701e-01 3.154973523027848614e-01
6.580700970350104484e+00 3.552358486120539283e-01 3.471436827306781936e-01
6.771178631201891562e+00 -2.974246985629687146e-01 4.387674397186831499e-01
7.273214493083695942e+00 -2.960102533313335726e-02 7.899420292425141099e-02
6.518609670446245730e+00 2.166277318761409276e-01 3.665860421762854315e-01
7.498731327436455985e+00 1.927226183042556329e-01 1.335028907474153925e-01
6.501259430735760958e+00 -1.251232379774620540e-01 4.079162435964054367e-01
7.146971478140947909e+00 -4.906440532338818272e-01 3.433780161747446158e-01
6.572377152981363935e+00 -4.672890203352739746e-01 3.434202619857238403e-01
7.213092054013758414e+00 -5.660683768978813646e-02 1.824629873342651365e-01
6.670529689404476770e+00 1.313728710429824531e-01 7.366468606100262662e-02
6.632185462350760119e+00 -4.991713321462860620e-01 3.580388044374060996e-01
7.008553989719647603e+00 4.122973290111877631e-01 3.178326057239306834e-01
7.296529266932060054e+00 -2.008831066366010276e-01 3.144926815195674408e-01
7.192349128948537285e+00 -1.092031606737897675e-02 4.083525802533145566e-01
6.540620848778264218e+00 4.104666021416267796e-01 3.871038275153004804e-01
7.180115724604096528e+00 1.958748871218283227e-01 3.727344302303432499e-01
-6.971202512389277572e+00 8.902676389507444554e-01 1.401546972589233775e-01
-7.352648515147842012e+00 1.489631877322471709e+00 2.497883736964219281e-01
-7.452896670015412894e+00 1.282546584830768666e+00 2.483749357115065948e-01
-6.802513773464212044e+00 1.102005231834059629e+00 5.852781647926619257e-02
-7.086454445789256873e+00 6.733914358839250269e-01 8.453289824264054175e-02
-6.737020815865894185e+00 1.122581224672169142e+00 1.971647650600907298e-01
-6.974839837019238153e+00 1.364279776117399479e+00 4.573285962498037094e-01
-6.830820586369963365e+00 1.142488904176664377e+00 1.620544631628995091e-02
-6.564930234146515886e+00 9.039517710411288931e-01 1.210759952734701272e-01
-6.703687957606764058e+00 8.488387310140588227e-01 2.775788748983210041e-01
-6.933130741021046539e+00 1.283576744901655076e+00 2.808240830897830165e-01
-6.905001474986088184e+00 1.381618522504179936e+00 1.659999989128877473e-01
-7.346902690791494273e+00 1.202593324120510232e+00 2.112650343851374402e-01
-7.368732324732007122e+00 6.856145406607794257e-01 2.119161811571750320e-01
-7.112209910823659165e+00 1.270783291986925079e+00 3.328958268740525028e-01
-6.671800032061699248e+00 8.823911914943689538e-01 3.053443125861932117e-02
-6.810710169744467635e+00 1.210876963348374247e+00 3.467696021034676335e-01
-7.402155146101529581e+00 8.607839162809760580e-01 1.928304041037147698e-01
-7.075439923534396769e+00 7.894580964616118024e-01 8.668365780768461093e-02
-7.081852962397739759e+00 1.472201777514618115e+00 3.337877729571552265e-01
-7.169852487515315786e+00 1.044266937703067555e+00 2.771150160916135974e-02
-5.552725455140326005e+00 6.075246265740670282e-01 1.903152956053109079e-01
-6.064891385121605083e+00 1.088513481277379569e+00 3.047936892443576795e-01
-5.852452194123244134e+00 1.353945637274962976e+00 4.210857662882929731e-01
-5.708544001181860672e+00 6.072418001749575467e-01 8.103764909006194728e-02
-6.349335823910374543e+00 1.008051654736174640e+00 3.860051222602915999e-01
-6.234158211993023002e+00 1.252300727989814177e+00 4.931976325739793054e-01
-6.392007449003077824e+00 1.135485858860047159e+00 1.388517446051125148e-01
-6.344433253804635520e+00 9.708308666816467536e-01 4.707893371238647262e-01
-5.594927637213842786e+00 6.411626708852971035e-01 1.130183858584778989e-01
-5.961148494446007362e+00 1.245912484361236139e+00 4.767871485947487997e-01
-5.904273137715178699e+00 9.200836825011222686e-01 2.792717974588398988e-02
-6.021522056452566218e+00 1.388604540092437389e+00 4.353042278516205954e-01
-6.175577059765323895e+00 1.434553787052625040e+00 3.451545089176146774e-01
-6.302406613743126940e+00 1.296235168616650668e+00 4.796287544310491313e-01
-6.389296828969877495e+00 9.534054286797069011e-01 3.422636726171095489e-01
-5.637422385426411608e+00 5.787849530363100570e-01 5.304574127277916773e-03
-6.089466454620946045e+00 9.729819613068944051e-01 3.486339728246576897e-01
-6.250268269047633218e+00 7.840514059209731101e-01 3.144532837510922718e-01
-5.689303222638099733e+00 1.269668042050511758e+00 6.325688413161323354e-02
-5.852994178919025181e+00 1.211372845856924840e+00 5.334282106610999108e-02
-4.654901414208837629e+00 5.430354286535870045e-01 4.831689018033102911e-03
-4.833462133432282037e+00 9.176477783348104822e-01 2.282496162615270663e-01
-4.962920563967940346e+00 8.226912091339713129e-01 1.930823943116113384e-01
-4.673564856353380925e+00 1.342300967445057225e+00 2.449761809216113306e-01
-4.986720030365641598e+00 1.264180596608138529e+00 5.154920762609194185e-02
-5.278281254057204386e+00 5.150291586005888433e-01 2.658910753665981730e-01
-5.381619655251654422e+00 1.293568111747067206e+00 3.931480429376765784e-01
-5.160740798680069297e+00 7.303810354766859803e-01 2.750960761845426816e-01
-4.653664680741666615e+00 1.485849853981255464e+00 4.186001767947704622e-01
-4.800903593914118694e+00 1.401358220957151346e+00 4.509574680318255702e-01
-4.781508654044982265e+00 1.345003043713635549e+00 3.939025871948054203e-02
-4.896472007747332711e+00 1.356861181260349269e+00 4.746573966008025280e-01
-5.268390919054948718e+00 1.417000508264610659e+00 3.963470794117025520e-01
-4.964179387274542776e+00 8.781590233787497368e-01 5.160353625661251442e-02
-5.079755676128610453e+00 1.239213901959988817e+00 2.990248991036619230e-01
-4.599494515271843831e+00 1.278173570165659356e+00 4.463391912946566009e-01
-4.644845950817739322e+00 1.347330834718315273e+00 4.146581035790095626e-01
-4.676507200665670716e+00 1.385092962643319936e+00 4.365649579882280307e-01
-5.127337649307973422e+00 1.484162645183166873e+00 3.910180333420676391e-01
-5.366226739276418023e+00 1.383868825572101002e+00 3.805552833171965688e-01
-4.646043114769593529e+00 8.020785349072099280e-01 1.243709987836183473e-01
-3.875436250137962890e+00 8.450684519829394503e-01 4.482133080098229527e-01
-4.260680052939545881e+00 7.841100448753834939e-01 3.188603603031587852e-01
-4.110661561860384339e+00 1.079797063618093134e+00 4.360675835543048606e-02
-3.620629583198669010e+00 5.181511524590511897e-01 3.258680222060501563e-01
-3.574562734089199445e+00 1.015187712135338316e+00 4.815536253725483107e-01
-3.757112674772299599e+00 1.496078692996839266e+00 4.234999610587095731e-01
-3.628841759488239394e+00 1.060746678580095193e+00 2.901737708967946361e-01
-4.072763572813550503e+00 1.302659145405753449e+00 1.773563570628091668e-01
-3.568172876266481275e+00 5.287305640389980965e-01 1.303806220694401219e-01
-4.304563573611556393e+00 7.762024048478259886e-01 3.892972105677419137e-01
-3.790404102467063385e+00 1.319043490326627932e+00 2.125657573759127672e-01
-3.891713088739709114e+00 1.468579739787751137e+00 2.037702662108475948e-01
-3.751504368541828782e+00 5.549299288289759602e-01 2.444944208004802277e-01
-3.924803436641706167e+00 6.858376319148735689e-01 1.209256256466968438e-01
-3.564207949931101460e+00 9.356818606885717315e-01 2.749059729676144315e-01
-3.589471580523103889e+00 1.159862275133031417e+00 3.831575874999799680e-01
-3.719751958684452298e+00 1.453260283702693556e+00 3.142735262285967224e-01
-4.430995978098916765e+00 1.058152638696478576e+00 4.265136169811238886e-01
-4.097897834699075759e+00 1.177112234457508677e+00 2.175403496327312780e-01
-4.462934304162581967e+00 8.229842788288124211e-01 1.850309005309824784e-02
-3.674344219814725143e+00 1.390178598463371884e+00 1.807029124472396830e-01
-2.647779887209390282e+00 6.341643277378814503e-01 8.853347150893142725e-03
-2.749212107093846669e+00 9.589689966061616389e-01 3.828565632327034507e-01
-3.496305456265805134e+00 8.596624089175950445e-01 4.981053526281513655e-01
-2.941855400947567034e+00 1.265299194942828720e+00 2.171531311329477631e-01
-3.411001736993051203e+00 9.569854733087570509e-01 1.504026476381579158e-01
-3.331426225733791213e+00 1.292582481783060899e+00 2.961325634324243339e-01
-2.534641259517144363e+00 7.728195554067411877e-01 4.667388010052420100e-01
-3.114326810392495481e+00 5.787598457450187084e-01 5.443239031402136163e-02
-3.009568854374021996e+00 1.077328492459470155e+00 7.987286304172336315e-02
-3.193848379956850003e+00 1.174609245674488989e+00 3.543423650258965552e-01
-3.110894803295414235e+00 1.088488428745240100e+00 3.529631186881250215e-01
-3.427857984068273467e+00 8.047324481650051098e-01 3.947654110427158969e-01
-2.783134001809028035e+00 7.639855632417145159e-01 1.870902321143042002e-01
-2.800588513238605692e+00 1.351626835790783687e+00 4.759929465368095691e-02
-2.968493327728965347e+00 1.458698937642829208e+00 1.326533021833196102e-01
-3.311958664856339496e+00 6.504377729754882154e-01 7.382636113676355194e-02
-3.451718606638179310e+00 1.422168048613858815e+00 1.073827291361464376e-01
-1.646116506283352265e+00 1.187958535130558602e+00 1.169706111618076250e-01
-2.487174908817499031e+00 7.158602590544749233e-01 2.372280482468429597e-01
-2.431964548675750848e+00 1.247686387496571569e+00 2.022789928012862504e-01
-1.679355049554213331e+00 9.051281423451289498e-01 9.880978439557175363e-02
-1.524681429064811411e+00 1.208799812079412561e+00 1.125376404392675056e-02
-1.855386683202205234e+00 1.245551020275840415e+00 3.789244620334493163e-01
-1.964609676150200990e+00 1.380682762647287731e+00 2.042297315838084160e-01
-2.250502093379668445e+00 1.288665040890256464e+00 3.876479171890423459e-02
-1.663494104077462232e+00 7.044455705521670552e-01 7.732808267480528741e-02
-2.179608484818572833e+00 1.307898919759955092e+00 1.994957148894958010e-01
-2.249920826157111087e+00 1.209407564127545243e+00 4.362501512841649998e-01
-2.460983165922271176e+00 7.377884895146085142e-01 2.052640697421104221e-01
-2.391600159354394961e+00 1.098240948694609642e+00 4.798783582467880393e-01
-1.885507182408750815e+00 1.079431565723574238e+00 4.711648663646457180e-01
-2.493978688796651966e+00 1.139173878799054407e+00 2.996788638408656169e-01
-2.368633124308592741e+00 1.219552551069648771e+00 3.176118878549250013e-01
-1.710796381271848965e+00 9.628655555160552382e-01 1.889889114922453928e-01
-1.677593892140735399e+00 9.336305921270611208e-01 1.223905033698287070e-01
-1.683097332749439623e+00 8.175301702284691885e-01 2.454529860192788959e-01
-1.839475624130678000e+00 6.827989182733844586e-01 3.052140161463956503e-01
-1.350484269978959873e+00 7.178711833487003702e-01 3.032032095872772004e-02
-1.003100443698701660e+00 1.313135194728975108e+00 2.437331885146161170e-01
-1.142710967562712732e+00 1.126520332459564955e+00 2.933238639296575911e-02
-7.067659110017174839e-01 1.453820253271773666e+00 1.798249242953300353e-01
-1.069467515426970827e+00 1.072383974812975538e+00 1.750440462986091461e-01
-1.382637454202144234e+00 1.141621707033021238e+00 7.796411564625493895e-02
-9.461166576831363528e-01 6.454483204053200751e-01 3.704539395245269873e-01
-1.106976900686515108e+00 1.462080467818301699e+00 2.262562029942571940e-03
-7.220776663121206695e-01 1.279833557955070589e+00 3.962760289867581776e-01
-7.828001169849594376e-01 1.478211215807538892e+00 2.082989848354444007e-02
-1.338967491207362137e+00 1.276710829073888220e+00 2.447772439822397672e-01
-1.193240550156935420e+00 7.432029516900229282e-01 1.884869241339508505e-01
-8.541524926513881510e-01 1.097097309020412581e+00 2.296447105115202447e-01
-1.183126220558970765e+00 9.057487261338312834e-01 6.487216792005234822e-02
-6.590485280298850057e-01 7.243312535081063430e-01 9.389565941514632641e-03
-1.197145985329489015e+00 1.215149316722424544e+00 2.796373010600436970e-01
-7.082912929259617130e-01 1.421595706022324990e+00 3.743850769030903081e-01
-1.079897217677723731e+00 1.187431777727633531e+00 2.710654529027181070e-01
-1.180228437990582968e+00 5.857095200001918300e-01 4.253065957255408591e-02
-7.939253229802645251e-01 5.260745177115975224e-01 2.516288111818134610e-01
-7.898868975033126461e-01 7.578554602367457704e-01 3.163241836731653933e-01
-1.424186715551435611e+00 1.477192061750095320e+00 2.690249860786764202e-01
-1.490295613165097066e+00 1.137509925754025986e+00 3.916833110409498886e-01
-1.289170030207877460e+00 9.967111355184616883e-01 9.946330782622325728e-02
-6.709128689911647569e-02 9.019984593117964522e-01 4.129989185413407426e-01
1.926068253106913986e-01 1.150664792103057721e+00 4.396877182278355889e-01
-1.076019824246294831e-01 7.762925594482208425e-01 2.274854467524818347e-01
-2.767469456781519455e-01 5.654320678742958961e-01 2.990393817666650023e-01
-4.273954740423686616e-01 8.916232836186424038e-01 4.894507801482994580e-02
1.998251897127953924e-01 9.924506256599183729e-01 4.094339360506626946e-01
-3.918798680865798190e-02 1.341043304229490474e+00 2.159791084180717746e-02
3.086812182144882399e-01 1.031003228270977345e+00 4.353551657660741370e-01
3.043970913913094378e-01 7.654189013855408064e-01 1.793297459572240626e-01
-1.905517357788806265e-01 9.035413497325563981e-01 1.029959493472354382e-01
2.573116618033060021e-01 5.320123618214989136e-01 1.073572730420639942e-01
2.449029263983222293e-01 1.016458768173135851e+00 8.715069751839266132e-02
-1.754185222485267204e-01 6.185980364314698221e-01 2.580016847876063224e-01
-1.194032782443636975e-01 1.398495039739382051e+00 3.883374692904286718e-01
-1.205571430746577022e-01 9.696783199068956804e-01 2.883414652353657459e-01
-3.453362907006685134e-01 1.393889711227256356e+00 2.019851561875132262e-01
-2.429240571657134140e-01 1.146184136121194186e+00 3.096170225293075617e-01
2.882193911329169467e-01 6.163949721737562726e-01 4.359440954349977915e-01
2.512096162019687995e-01 1.160858410913576222e+00 5.127768895231277213e-02
4.019427624546185740e-01 1.022101996275850411e+00 1.099579724968489103e-01
-4.358968431201972749e-01 1.010339867059187213e+00 3.553983600068288951e-01
3.474162723666109898e-01 1.416587548857840773e+00 1.567116240703114727e-01
-7.043892629294834506e-02 6.199564101921364312e-01 3.492607530147751049e-01
6.395210594033038376e-01 1.493665988781295084e+00 2.904498995595599098e-01
6.502323214410399288e-01 1.071557477018290072e+00 4.463617192238267251e-02
1.333083663635411753e+00 1.008987558455425315e+00 3.292155498259248247e-01
1.496067966323051834e+00 1.354922067891827453e+00 1.808228863898175831e-01
7.641046805220188531e-01 5.005433089662609802e-01 6.522657308853929692e-02
6.477287767888828540e-01 1.014659863167745257e+00 1.372176114911312084e-01
9.593168237204583448e-01 7.393760982566970341e-01 3.452127819512575968e-01
9.903675356354373349e-01 1.493515510065485330e+00 4.828867484905750018e-01
1.298416680019165881e+00 1.283011649525672482e+00 3.991292617891186723e-01
9.635231871696703365e-01 7.553137258992581593e-01 3.493531956514850378e-02
1.081538408000147555e+00 1.432432391721487619e+00 2.868713942813982953e-01
7.190507274505026913e-01 1.463624102298652474e+00 3.500935209297484363e-01
5.327804978249623957e-01 1.069322124261105955e+00 4.566437379599062041e-01
1.255325182481836777e+00 1.259262068828611802e+00 3.697060116923083228e-01
5.870025446362188148e-01 8.606116913181320882e-01 3.714848889736384052e-01
8.837228948314130861e-01 5.574700300208395021e-01 2.867275579221768567e-01
7.762131812450423496e-01 1.220427845430776870e+00 2.387164907565537675e-01
5.475906273545358971e-01 5.422834460459586836e-01 2.537910901403499508e-01
1.416707232627279822e+00 1.478089309037603272e+00 3.078996833261093968e-01
1.153003496256047811e+00 1.219149322703765748e+00 7.345764426599110664e-02
1.110261555399491229e+00 5.019781193762291593e-01 2.264323805037999904e-01
1.529839552204522946e+00 9.902394553142670475e-01 2.365093697766962322e-01
2.202736575940521746e+00 1.026139811954418946e+00 3.195412394363437159e-01
2.439684565528255078e+00 6.117808234969537295e-01 6.995928877997314999e-02
1.546915519664214145e+00 1.075335339895641340e+00 4.914690005416897378e-01
2.340253677007011035e+00 1.399930941586939426e+00 1.626788570147752466e-03
2.151655312384209040e+00 9.700664037254309591e-01 2.749729301102394885e-01
1.877953251314185223e+00 8.862878028421814491e-01 4.990872974837312626e-01
2.374175238224029982e+00 9.230234094323019889e-01 1.710057629926389211e-01
1.537869709903088022e+00 1.065576353319308112e+00 4.378210218878209048e-01
1.827960768563819727e+00 7.858432332404508003e-01 1.221134339340892438e-01
2.071908761752137451e+00 1.138566492702342003e+00 2.812511161465884868e-01
2.475268008119025254e+00 8.586702098035505770e-01 4.535191965369733680e-02
1.508259770427150315e+00 7.996391103050299876e-01 1.417204316067000036e-01
1.807587171460228959e+00 1.112002757197856795e+00 2.171383990794844010e-01
2.409609426493837248e+00 1.350144326103910331e+00 4.822538345291356165e-01
2.262615411284981448e+00 5.228555881644094683e-01 1.007195536383367340e-01
1.668556203140305172e+00 7.372427403723023076e-01 3.027953464709707276e-01
3.020889629489470707e+00 9.691889366488304347e-01 2.317927234260572789e-01
3.029326929618347819e+00 1.077712892011797763e+00 4.663275986663322215e-01
2.958032229644912192e+00 7.402947072291006236e-01 2.620628284277444209e-01
3.203887141452538501e+00 7.893433108016623123e-01 3.379213973010202210e-01
2.957632249549433823e+00 1.459859392066503503e+00 3.023889633288945333e-01
2.856138948151770052e+00 1.010648654567850357e+00 6.759281257812332910e-02
2.639110980650551497e+00 1.256344669563834060e+00 2.739619750263617703e-01
2.559924480200365338e+00 6.929040836597089026e-01 4.004927611874826709e-01
2.691073524421263130e+00 9.864007714617208933e-01 1.010310695515723722e-01
3.212711960629665242e+00 1.321821756652981961e+00 2.154764262122679241e-01
2.566960522565070235e+00 1.023967332769862182e+00 3.974247726199777730e-01
3.240696690291947846e+00 1.081094682068762580e+00 3.987220888894924542e-01
3.296358798426336278e+00 9.613336170365158750e-01 7.850869575626617802e-02
2.978544985809721268e+00 1.285687891859167209e+00 4.067757273296841447e-01
3.481127009592229982e+00 6.487895918635366854e-01 1.245915232948551221e-01
3.160883773099232741e+00 1.408924796589747785e+00 3.284199419780637896e-01
2.541536224870620586e+00 1.495936932813583198e+00 4.601780301914555338e-01
3.379203624633504432e+00 1.494915999411700724e+00 8.673561903794535510e-02
2.870783070389212099e+00 5.217719570394088180e-01 8.783422942826391022e-02
2.598702999909605182e+00 5.485406456373382866e-01 1.012664281475696981e-01
2.894014794237767418e+00 8.774076735749538614e-01 2.809694988313786723e-01
3.052098304816034613e+00 5.153490924184538358e-01 2.078293412447429489e-01
3.522536610652901246e+00 1.085277376262141047e+00 1.767845461789541162e-02
3.696811842088800759e+00 9.492385038353177151e-01 4.833950122295735952e-01
3.570808678280432247e+00 1.078509442662609175e+00 4.833654204672512833e-01
3.788823472605406195e+00 1.402062298508853999e+00 8.251767748091509702e-02
3.933997929544402083e+00 8.323725969481756692e-01 1.581730067775559689e-01
3.742348009755637861e+00 6.447658897867309946e-01 3.414855285683522368e-01
4.054085261334467560e+00 5.054323941039040591e-01 6.655201425489920553e-03
4.425168017921890851e+00 1.386253184531408778e+00 1.976911732995656479e-01
3.728615816152220930e+00 6.189092000987912456e-01 2.552842943048787561e-01
4.255203757079744520e+00 1.456751130709399433e+00 2.225436409743828392e-01
4.104194063182465158e+00 1.045926022292913871e+00 3.283839721229266928e-01
4.367661999470449530e+00 1.234629525294144159e+00 2.037072778972852660e-01
3.710607974910155704e+00 9.999899297026182410e-01 7.294864810234535923e-02
4.482798721640754991e+00 1.233104079824467902e+00 2.909628068484195751e-01
3.610357812283186973e+00 9.680347133098248236e-01 3.404573798279741936e-02
3.709005997291802359e+00 1.314820094128277717e+00 1.233686425289537425e-01
4.073735276979768116e+00 5.750878348926935502e-01 2.528919492746286579e-01
3.519502526590569502e+00 1.499578043235754166e+00 1.511313427620173400e-01
4.439306476655506373e+00 1.132300542663633891e+00 3.672827638786149151e-01
4.179892017699826212e+00 7.744605414306278135e-01 4.421449399628940569e-01
4.824755631101844244e+00 7.451113530310777833e-01 3.010740586888580594e-01
5.246954106448747268e+00 1.408413968240946446e+00 7.283164138555520140e-02
5.313613910958441267e+00 9.723776280147138351e-01 3.864184644692389980e-01
4.905640905990235723e+00 5.519791844527102143e-01 1.506679340006513712e-01
4.595108250896251079e+00 1.266888019047160086e+00 1.415299127354145980e-01
5.274784132600592201e+00 8.386377051854108089e-01 1.685927864430958323e-02
4.564852311296860421e+00 5.360460656240899624e-01 2.339732976359005789e-01
5.059219009517274657e+00 9.574434850170696620e-01 4.106359288915353289e-01
5.416904591175102368e+00 1.135236368072369828e+00 3.867890795671300452e-01
5.305790417402544534e+00 6.209692795333410231e-01 3.484879513645733340e-01
5.417849957927897364e+00 1.091737571278891039e+00 2.675756013256815891e-01
4.839367414325934647e+00 1.009813446389619784e+00 1.314189824677320928e-01
5.135346589722029620e+00 1.244895099737327371e+00 7.618081178521229901e-02
4.632247776418902063e+00 5.970994643804399260e-01 4.557951823374839506e-01
5.338932411075997919e+00 1.325214262506314356e+00 4.703748743520428377e-01
5.071754199358482040e+00 1.428459918779603655e+00 1.512752397589114395e-01
5.191031300021776929e+00 5.080909532905319992e-01 3.653206564141324719e-01
4.565173192171757321e+00 7.360452240031776228e-01 8.762669257777133680e-02
4.977203629513748950e+00 1.342693471563933372e+00 1.315154854197650991e-01
4.739834287016218894e+00 6.172939701654787115e-01 2.032148099479016423e-01
5.108708499764532007e+00 1.071085941974356359e+00 3.158728678143720714e-01
4.686589474809011335e+00 1.465654059693831002e+00 1.007956845571325033e-01
4.604109943239718561e+00 7.248971222229947386e-01 2.252840050823952112e-01
5.059553758890988462e+00 1.108458457594462487e+00 1.732874513021336327e-01
4.573714448785697329e+00 1.474442015294021857e+00 4.763835254132260388e-01
4.966078074293211131e+00 6.720830670003046237e-01 1.903522562688646502e-01
6.204477193276712654e+00 1.291672321870288798e+00 1.748785133978643103e-01
6.088948949917593723e+00 9.173498405552837909e-01 4.445744929965034231e-01
5.704475857459627264e+00 1.044086643979783346e+00 3.360220475374084970e-01
5.932377785911187473e+00 1.208974547718351999e+00 3.038506896564090454e-01
5.996062046727622885e+00 1.494612711979984354e+00 2.447399596057291404e-01
6.412720994896410787e+00 8.552432046702644897e-01 1.715738200371230704e-01
5.541643080478388939e+00 1.496614147345718848e+00 4.154393929182624845e-01
5.821492905251945515e+00 6.603644101537220479e-01 1.564837636116518382e-01
5.881890037048997044e+00 9.861825801863606245e-01 6.408533974612318218e-02
5.581789728880664825e+00 5.950409411727459741e-01 2.160622486396572839e-01
6.278037154354702665e+00 8.030095439467714868e-01 4.669023595058785503e-01
6.299985336844940775e+00 1.343561688707861634e+00 1.607699197649026246e-01
5.838373636166029002e+00 1.052949611167026234e+00 3.257562796913084924e-01
6.347653188266427549e+00 1.280762253437313092e+00 2.818754612276048732e-01
6.125589809758569260e+00 7.847760334361932877e-01 5.589558400479077704e-02
6.123052971644467490e+00 1.078159587161223953e+00 1.688645173041898317e-01
5.675947258330694467e+00 1.322626967878868243e+00 6.532153767977000314e-02
6.030535268020347672e+00 1.056074037915902153e+00 1.581035321557049400e-01
5.876786068362530813e+00 9.587363941454754013e-01 1.260697561619750218e-01
5.950383438524058377e+00 8.551084781974562787e-01 4.119562014600557376e-01
6.971408039128736078e+00 7.298236539484097563e-01 4.523115408607711885e-01
7.332396577354456824e+00 1.063232064137743293e+00 2.713084806145502625e-01
6.675704013363661815e+00 7.521645883464316285e-01 2.559605754187401772e-01
7.108303764935747893e+00 5.680637663232079859e-01 2.302590383058600310e-02
6.575201778015465237e+00 1.483911908264827773e+00 4.076595134279159538e-01
6.636432681001229739e+00 1.462683562876927468e+00 2.074072141248226586e-01
6.572451228834490067e+00 1.136141485872389723e+00 3.038974777295884167e-01
6.633187196882996517e+00 5.475797670085018609e-01 3.219629422935277319e-02
7.248657295896871133e+00 1.203213354820373837e+00 3.182319532586959099e-01
7.280646930269300654e+00 1.350328402281423479e+00 1.113231531496214899e-01
7.385041059806258801e+00 1.240991567479680313e+00 4.853892288280547973e-02
6.964466698991099491e+00 1.496295484942471887e+00 7.361579947060015172e-02
6.914251167422442279e+00 6.373916022209975552e-01 4.776806648578801884e-01
6.724539907811756478e+00 1.018052542368874214e+00 3.308722564641719543e-02
6.863746252542156867e+00 5.278951707795407344e-01 2.273451171824270034e-01
7.273959289054584332e+00 6.039504697149720158e-01 2.026624426094905118e-01
6.756639737477286189e+00 5.531526887772599821e-01 3.941654351988166383e-01
6.692056019121867649e+00 1.372648150998912797e+00 2.214243579623591529e-01
6.889202431350348377e+00 5.944742491794450245e-01 1.587506247017369532e-01
7.443645817850391921e+00 1.192837626542690543e+00 4.081412406683995187e-01
6.720684079863204374e+00 5.756603600800787035e-01 3.058323980130364106e-01
6.897603807836778955e+00 1.295325697890703509e+00 3.072984939281724337e-01
7.095028272945816283e+00 1.158060048250542096e+00 3.669463862383910424e-01
6.765725596753513926e+00 1.043457102749215437e+00 4.960325482446599210e-01
-6.526133087729086846e+00 1.791047414468959431e+00 3.905540417155748401e-01
-7.325975604737576141e+00 2.197744091982240633e+00 3.692145625581186863e-01
-6.879156836990005353e+00 2.329969938764682169e+00 1.414719106752926336e-01
-6.772665027164661566e+00 2.267794280007906949e+00 8.393673541682389327e-02
-7.005381229710645030e+00 2.292734490424541249e+00 7.342207248211884973e-02
-6.626383396121936720e+00 2.432884101787720965e+00 2.174785545076662885e-01
-7.002845045457481987e+00 1.770752994898357358e+00 3.002393348126908279e-01
-7.246288046391684112e+00 2.435229977633603937e+00 2.579253761701192360e-01
-6.542130204082758027e+00 2.262009486386109103e+00 4.814658267084528376e-01
-7.196823474004557575e+00 1.694275962424926618e+00 3.295116408382767759e-01
-6.962504564892820547e+00 1.644183199255859762e+00 1.452642068580374257e-01
-6.634098022042604903e+00 1.722036160704750074e+00 2.145101784197223083e-01
-7.241694401593131047e+00 1.963292439546510337e+00 7.824168502033046479e-04
-7.197185795921957840e+00 2.314240216627222679e+00 1.009498802033128584e-01
-7.417313741862292531e+00 2.452613415850480649e+00 2.667218907736721434e-01
-6.904106154201716805e+00 2.176360012509196196e+00 7.100738023071073712e-02
-7.165273857165099791e+00 1.807411608473605824e+00 2.727823739281447502e-01
-7.354910172705168669e+00 2.305581100279955109e+00 6.651100192042846970e-02
-7.009326466131057920e+00 2.244579538532216034e+00 5.821169486515209712e-02
-6.876417442538977909e+00 2.080363573340278549e+00 5.290485937834077390e-02
-7.419350844777103937e+00 1.969569484132749793e+00 4.910777742638732235e-01
-6.682417664605273089e+00 1.562967067141562083e+00 1.094604901068088054e-01
-7.023493479884915125e+00 2.419255638786758311e+00 1.773423174149328929e-01
-6.169624794378309574e+00 2.378365112782054425e+00 4.326428765734178228e-01
-5.828912946911797732e+00 2.346039598076014698e+00 2.054893359658080954e-01
-6.004110863508231866e+00 2.072427480497180952e+00 3.856134427786557239e-01
-6.466480975911675699e+00 2.221022758316820500e+00 2.056921179655724075e-01
-5.937399934549593361e+00 2.304287208040989299e+00 1.028787452326529461e-01
-6.095324196701257691e+00 2.409304779592117640e+00 7.902920990499318066e-02
-6.142258923854420516e+00 1.719824244075377706e+00 3.157442533341399127e-01
-6.030456164968709842e+00 1.841991432843826715e+00 2.100043726500882002e-01
-6.153020507820821550e+00 1.756713421656991514e+00 7.417617172556845162e-02
-6.050146474228768056e+00 2.164009936756695396e+00 1.391619387994733614e-01
-6.457707312343550221e+00 2.309726999810685300e+00 4.889452459890240021e-01
-5.732459436718088774e+00 2.402353077677922499e+00 3.595057182419250097e-01
-5.618791266118352112e+00 1.694669621511163626e+00 1.453494583443788457e-01
-6.031284050410777198e+00 1.613934697123260875e+00 3.152398096781698911e-01
-5.707101857297994130e+00 1.723529077507908625e+00 2.387635446595606226e-01
-5.820503698151534344e+00 2.079515085905121907e+00 2.556208473789745028e-01
-6.474373534525523333e+00 1.569642511316361677e+00 4.185575425843008901e-01
-6.205343404951104702e+00 2.043701662328187396e+00 2.400593821658141280e-01
-6.395285989006374905e+00 1.865711319087244746e+00 1.793351085567298497e-01
-5.560157896748106232e+00 2.016357859149779941e+00 8.021824395672894070e-03
-5.801983825911340098e+00 2.047883059560883012e+00 7.161301816725185176e-02
-6.463685256015210712e+00 1.834678281037339431e+00 4.652112534202146321e-02
-6.185453804191947569e+00 2.174330391894230274e+00 4.013316140139888688e-01
-6.292817480153078513e+00 1.982505898257040045e+00 2.081891660443773162e-01
-6.285054532815447459e+00 1.745643167864383116e+00 3.201935191007123649e-01
-5.636850283841402742e+00 2.038062607528287273e+00 2.203917712348779645e-01
-5.125182963632139099e+00 2.235316005868433820e+00 1.278900254310855189e-02
-4.988550765331679848e+00 2.360726550375389365e+00 1.901958844451918651e-01
-4.703335748445535813e+00 2.398343985955385449e+00 3.655432317693296795e-01
-4.666374456330872000e+00 2.265902320418495819e+00 9.088300542826388551e-02
-5.371033064063417406e+00 2.095166727879597346e+00 1.322002476412293959e-01
-5.201869885647668390e+00 1.600674518131867785e+00 2.333198558795537281e-01
-5.031893228992629474e+00 2.274370569992372637e+00 7.744828324621977345e-03
-4.919644971550918733e+00 1.880321325440325708e+00 1.244536829205085127e-01
-4.800456597083845978e+00 1.717993845720414470e+00 2.305144230175688591e-01
-4.700536146078595934e+00 2.030270627856539889e+00 8.000330832967605943e-02
-4.748750134498944675e+00 1.599436108805969425e+00 4.475828475646164151e-01
-5.158597343060264961e+00 1.691720458583679587e+00 1.728528423864368335e-01
-5.461665701096793946e+00 1.796913107892997630e+00 3.366143625529520733e-01
-5.251164444285391752e+00 1.672906409471103473e+00 7.820452628597962530e-02
-5.269631918907293766e+00 2.248594980175219860e+00 1.809776644874165896e-01
-5.437484088725732967e+00 1.523497385883278099e+00 1.771670206158759697e-01
-5.404030778904190591e+00 2.278888866806848768e+00 3.822206164178361121e-01
-5.186200075817582800e+00 1.886111670414170050e+00 3.804475264388074152e-02
-5.451492067578966427e+00 2.193278130209366239e+00 2.353518199564774704e-01
-3.686323466952784234e+00 2.005649266696579502e+00 1.168196938019541165e-01
-3.840307309949142045e+00 2.382905443257703482e+00 4.847473315768109359e-01
-3.625195183630119722e+00 2.405373015741300691e+00 4.398705508393234709e-01
-4.109125877705301022e+00 1.941214315176118532e+00 3.337637925633920588e-01
-4.158122386680900284e+00 1.563934592582002736e+00 1.545728288316894350e-01
-4.074169915986711743e+00 1.952620465534920413e+00 3.638439183028641111e-01
-4.285619331490849504e+00 2.040985435150364680e+00 4.953970015696658180e-01
-3.709410694647292672e+00 1.525500206509185830e+00 6.341746437617956644e-02
-4.433130686831757927e+00 1.702382272077169745e+00 4.811159887944977953e-01
-3.943692213356289056e+00 2.405920502594581123e+00 3.131145880019623462e-01
-3.643665668034340221e+00 2.155063802724656696e+00 3.109141666679100524e-01
-3.625645591558414260e+00 2.375406564169185941e+00 3.162430211064197749e-01
-3.884105599780621532e+00 1.646416768407970466e+00 4.055622226799240337e-01
-3.532134005290668899e+00 2.170630080440465903e+00 2.227138677693805136e-01
-4.495221586213476783e+00 2.384542855288032115e+00 2.653623948327492599e-01
-4.475453797918790499e+00 1.944473507897773956e+00 3.166212090665680989e-01
-2.639868417319216398e+00 1.798167778228874525e+00 3.656025161393419154e-01
-2.998538845250002360e+00 1.894166757913286148e+00 4.360470166148608939e-01
-3.272196858400845620e+00 2.072139675479427012e+00 1.516224129187797587e-01
-2.629677301218702468e+00 1.531776734482388491e+00 2.622659141067167354e-01
-2.963874258147278340e+00 1.833762888180428874e+00 3.535937783675713320e-01
-3.410152440078002556e+00 2.382532355798963053e+00 1.897957499182378882e-01
-2.567823093124435019e+00 2.437317638651233409e+00 4.156024028514799795e-01
-2.578378247278896751e+00 2.363773272279280135e+00 4.439247419673062467e-01
-3.466897472407682201e+00 2.278862126070608340e+00 2.345146563785043270e-01
-2.907391879319530581e+00 1.724890989474902270e+00 8.264411171559515878e-02
-3.091079207374257898e+00 1.734539949786682911e+00 2.250396407566199741e-01
-2.922861185297422892e+00 2.083187790698174169e+00 3.858836090499320193e-01
-2.610182662570744938e+00 2.237434088298762447e+00 2.952625985845536150e-02
-3.284325851893393100e+00 2.304427475926473790e+00 2.469423442975280381e-01
-3.210629122924736123e+00 2.237611640314659311e+00 4.717114149523595756e-01
-3.221556754054724081e+00 1.709723892900662179e+00 1.549999361401894760e-01
-2.746896982351978878e+00 1.572788394037319293e+00 4.929769174632312456e-01
-3.230584931413137184e+00 1.617460309004524532e+00 4.178472152299139708e-01
-2.628444117061755847e+00 2.211156042795177967e+00 5.630453523220069201e-02
-3.085455517774649437e+00 1.685050671963363556e+00 1.573751411904265041e-01
-2.112088541054498947e+00 1.741725853347285025e+00 1.310698868076300982e-01
-1.742053236740487066e+00 1.598023521607455422e+00 3.727526524877564640e-01
-2.287239866530872412e+00 1.940908771333988980e+00 2.488611262438880090e-01
-1.607916398179010109e+00 1.669388439405064872e+00 2.916958261246911377e-01
-2.348021549847191025e+00 1.554483264174244539e+00 2.648434048516872252e-01
-1.521346760160709799e+00 2.237934575302848117e+00 4.548092788691615596e-01
-2.347492876300444564e+00 1.925412611925452211e+00 3.776115343566797122e-01
-1.939819160000054055e+00 2.324102484805235846e+00 3.564449924460042496e-01
-1.977870725224849302e+00 2.028181729781653786e+00 4.309103026398375391e-01
-1.994231835109186335e+00 2.306734867590549243e+00 1.948501063572560810e-01
-1.758179225690121861e+00 1.674464467910224741e+00 8.865223840240332720e-02
-2.449779741507228437e+00 1.940935345902202513e+00 4.777520637667329595e-01
-2.112389188027234965e+00 1.536413998677543802e+00 3.936154773143911711e-01
-1.582242322057781259e+00 1.669388800813599971e+00 4.895862852155943301e-01
-2.082719637419332415e+00 2.268350071152099190e+00 4.638598668456417329e-01
-2.490595516966163103e+00 2.451779335749163735e+00 2.296367938296270950e-01
-1.662642116415343985e+00 2.032487361183942909e+00 4.605063723763791472e-02
-1.707363708970053295e+00 2.216606728253360359e+00 3.115858539751918954e-01
-5.375530982303651228e-01 1.674743264871402459e+00 4.750025069679235656e-01
-1.020344226933069365e+00 1.583960152099257002e+00 2.914588115760388121e-01
-1.264280866414572380e+00 1.670463518026263472e+00 2.440200325828865147e-01
-8.902381870367248595e-01 1.854931755311319819e+00 1.237797766239427943e-01
-9.389511711633415914e-01 2.129514078969970470e+00 2.697232275700844895e-01
-1.234771931402622869e+00 1.561784235937111021e+00 2.949428786795493806e-03
-9.664565700467671050e-01 1.921937108586066145e+00 2.521230250288652996e-02
-1.219432607068034358e+00 2.361748242110987661e+00 5.595752409210952294e-02
-1.294068255457862193e+00 1.707316434820333129e+00 3.258283647647708392e-01
-1.051207904346531663e+00 2.397408038549611931e+00 1.365228154964004403e-01
-9.845863161264674090e-01 2.345671437604767817e+00 5.373851109126093206e-02
-1.388477909780666764e+00 1.900527782860038428e+00 1.845523918577658407e-01
-1.291882225656235228e+00 2.041345285284961619e+00 4.774129639673141412e-02
-9.848379508582265629e-01 1.986902520867911193e+00 3.025368205045619874e-01
-1.066097802169384323e+00 1.655804354474470941e+00 4.374422675320150944e-01
-5.465205754113666714e-01 2.338461284358379189e+00 1.380704118319133755e-01
-1.059208030027463110e+00 2.122349896298953098e+00 7.279679512531167518e-02
-6.059841250328155127e-01 1.950899481811728009e+00 2.516311947697325024e-02
-1.161484181908758906e+00 2.351206449347218452e+00 2.315257338932088516e-01
-3.748884004059940267e-01 1.960831732555256224e+00 2.459146804451286528e-01
-2.781483801831754477e-01 1.920456438976932745e+00 9.819407361710830173e-04
2.369976846375259072e-01 2.394180330470170759e+00 4.785475993101719894e-01
9.726450660476970711e-02 2.142777347817556688e+00 8.787435518517483501e-02
-2.363480540240967542e-01 2.061381040926033137e+00 2.664929318041071582e-01
2.512545443995550798e-01 2.033418422526526825e+00 2.112610234436544943e-01
-5.079210964149005747e-02 1.738552115281722266e+00 3.398310019797943227e-01
2.987500580449706788e-01 1.970690366559837869e+00 3.703747806800929965e-01
-4.287604205662383094e-01 1.865454917711739213e+00 2.466347303480134201e-01
2.114687997910298378e-01 1.710937792239970889e+00 4.877011333511234170e-01
2.973319373493641393e-01 1.924197298078171414e+00 1.867126017652775971e-01
-6.932751937040482204e-02 1.719626182804548264e+00 4.264073853572192263e-01
-1.239003262469182687e-01 2.475102412620866943e+00 2.808336976004071062e-01
-1.283719404683090204e-01 2.029888771676644055e+00 2.795626498462056020e-01
2.313863978317751702e-01 2.341018288684676207e+00 2.760807959371209819e-01
5.030040205428836231e-01 2.356075043339918906e+00 1.524532322714602373e-01
1.426927597748601784e+00 2.311206951813982613e+00 2.757136739879513243e-01
1.376668910251439115e+00 2.100262187104194211e+00 1.241055137384332596e-01
8.128084854992021491e-01 1.674713256270564443e+00 4.016005739765162730e-01
1.262724813546839187e+00 1.504554652560665673e+00 1.273312891991871254e-01
1.174193637261131684e+00 1.852968422244833491e+00 1.733535285172198570e-01
1.447089184257665195e+00 2.232853340262536790e+00 1.605046695315142102e-01
1.020993638009386473e+00 2.296439525688519723e+00 1.671618345678336226e-01
9.696093475553428931e-01 2.135157434151059519e+00 2.675864750164542727e-01
1.069565679579275397e+00 1.909200987725501619e+00 3.670044249264297065e-01
1.037569815295702469e+00 1.519267230570516602e+00 1.245595546885702731e-02
5.300005134861365264e-01 1.510598908868409751e+00 3.512776810634861135e-01
6.176000290215917232e-01 2.239832135606089736e+00 1.483926366532664076e-01
1.465819287612783128e+00 1.923146684141878282e+00 5.733554802569429398e-02
1.416317680596566930e+00 1.699107794689551199e+00 1.015342425582925756e-01
1.146197852218278967e+00 1.510662437790848855e+00 3.821830271115427280e-01
1.085158926759087095e+00 2.013191917453935886e+00 8.663367475925376482e-02
2.274296905561023152e+00 1.700134808143882736e+00 4.989976399533748719e-01
1.575885668172809062e+00 2.081690667173759834e+00 2.447804765289962603e-01
1.785845685779335668e+00 2.238151446070750339e+00 3.756278962052519432e-01
1.694103115192826081e+00 1.628460171950100843e+00 3.531622311306996664e-01
1.932518127637642635e+00 1.988089566574497979e+00 1.718041821604980868e-01
1.950919584064333634e+00 1.616111268630806563e+00 3.423227791659453345e-01
2.039194629549520243e+00 2.062612999736218811e+00 9.784485607369397542e-02
2.469123333155797795e+00 1.578493037096487583e+00 4.645952969068645189e-02
2.442718188314742633e+00 2.498037034398496559e+00 4.257405422469950906e-02
2.053625386572095479e+00 1.524906753813969118e+00 1.616453221940794549e-02
1.696494196681211264e+00 2.175519046829474945e+00 3.588707617761315305e-01
1.625914416684029362e+00 2.471460580454511557e+00 2.405189497293509504e-01
2.203568014662497632e+00 2.243383140864491310e+00 2.650603129034365679e-01
1.642673565607266184e+00 1.742797118017270108e+00 2.419598633812292121e-02
1.843835722772716679e+00 2.431240873585874596e+00 2.445505708540878231e-01
2.290342540940512706e+00 1.648458921832032686e+00 1.224833341317186353e-01
1.956424315447103268e+00 2.168271851794171923e+00 4.023225736631665939e-01
2.198473552763053007e+00 1.595719557162025737e+00 3.491707577236269344e-01
2.310363571761282486e+00 1.768215425215354131e+00 2.706315922452677825e-01
2.245758840420812419e+00 2.073799842792391601e+00 8.053104775411767946e-02
1.586645143890104137e+00 1.911742542869056649e+00 1.717221001403022029e-01
3.357824114378342273e+00 1.566460129413076885e+00 3.932080605457901612e-01
2.750934969445301803e+00 2.382447644635924178e+00 7.420158844317370495e-02
3.158714259452795048e+00 2.370836626065818464e+00 2.816717907118722053e-01
3.255080747301645872e+00 1.977972515096737993e+00 3.452331216368342837e-02
3.444118769007623371e+00 1.583353424803252807e+00 1.859923566275458739e-01
3.135219575337956144e+00 1.926095663757529053e+00 1.514577531544141209e-01
3.366408513058217977e+00 1.789809200677073164e+00 4.873911409623765678e-02
3.008490028975574049e+00 2.353079820315613802e+00 4.272743198313975199e-01
2.595557533995219046e+00 1.897604074803647123e+00 2.160714492109416796e-01
2.685375177407909320e+00 2.239756369944947423e+00 3.380761645289656059e-01
2.590941255639540586e+00 2.194902036927752320e+00 2.430479546037300764e-01
3.903391807067848163e+00 2.489222698443935400e+00 1.860216259420113261e-01
3.521987750528065675e+00 2.161109992351958553e+00 3.576562511616980800e-01
4.036201653207282192e+00 1.549759080880669160e+00 4.353437954960348577e-02
3.895700276654828542e+00 2.279413435499055396e+00 4.536121042260390368e-01
4.494160673243474236e+00 1.909865928453465145e+00 3.436872661439398513e-01
3.513602309810130109e+00 2.061604518500306682e+00 3.203738381909158051e-01
3.521219508271354215e+00 1.610410596316512510e+00 4.154213056056956788e-01
4.466695369308510521e+00 2.345722608794055475e+00 2.564417519611978946e-01
4.109182632041449068e+00 1.935170866225741193e+00 1.972492929949520857e-01
3.750021179859023945e+00 1.785509417575374513e+00 3.877243959652663108e-01
3.892043076833115123e+00 2.183742824441694097e+00 2.894153814730984209e-01
4.064739789678293747e+00 1.750500036796974968e+00 2.317499595882530627e-01
4.316116511139954426e+00 2.284918254818691707e+00 2.034023988798008276e-01
4.396999655821336006e+00 2.191701482677961721e+00 1.341944818219698021e-01
4.012517612747274143e+00 2.001503589584039844e+00 2.840030217263542767e-01
4.498704597636836056e+00 2.105619754277448408e+00 6.938710105451662002e-03
4.046073498514454414e+00 2.126406575611630601e+00 2.443847468085458274e-02
4.277908460859933371e+00 2.187599485249840825e+00 4.785993095783140916e-01
4.344213316541440051e+00 1.700105575838890104e+00 3.483200151140035672e-01
3.916285589385401167e+00 1.663636701876573198e+00 3.721729241084474893e-01
3.505195566469588186e+00 2.392519332961857259e+00 8.333317606605739059e-02
4.667081595631877633e+00 2.446671079925568648e+00 3.845754450102507604e-01
4.598371996547715668e+00 1.774648753542358293e+00 4.284084680474613549e-01
5.123777530582284356e+00 2.184489072099459861e+00 1.906551893140715492e-01
5.412293049725567684e+00 2.459961071657211562e+00 4.142886215953485163e-01
5.074525455695143350e+00 2.198671369596844727e+00 4.075799885172450843e-01
5.073095165765561632e+00 1.632423391850974070e+00 6.041594742773881421e-03
4.911157678646839386e+00 1.680795911988047564e+00 4.695767954186731430e-01
5.419838701536139780e+00 1.799596440405290210e+00 8.362726851459711952e-02
5.217179513738813057e+00 1.691647390322188471e+00 3.047646322948356357e-01
5.151706883758228273e+00 2.183683458390451193e+00 2.335774784755173528e-02
4.770067312228384537e+00 2.022608454347142981e+00 2.713011381679724110e-01
4.922970305703273652e+00 1.566285273243664733e+00 2.354890911813409815e-01
5.481490376225897521e+00 2.249982395438145488e+00 3.244911690233642787e-02
5.126945235383283617e+00 2.256047085122332874e+00 3.771689434213296721e-01
5.104857276215923889e+00 2.276691588919604214e+00 2.774604832382951969e-01
5.196478644233021527e+00 1.681868868759879732e+00 2.367190475164999697e-01
4.728767066946934605e+00 2.359534631346718925e+00 4.869648153481058728e-01
6.275772503240673927e+00 2.440490484884216826e+00 2.733924923450654632e-01
6.135596591861515847e+00 1.806001685781517097e+00 4.111495084773899578e-01
5.763933373621586753e+00 1.633931634020569845e+00 4.952161142699118557e-02
6.313175060890234391e+00 2.301433673185576012e+00 3.035389550401266234e-01
5.952083189950760911e+00 2.008373361460019879e+00 3.529130168624323716e-01
5.536440518808188216e+00 1.950948676766826040e+00 9.853733198076675137e-02
6.014632582392177795e+00 2.314766259242427182e+00 3.919319431072025850e-01
5.502526108560079621e+00 1.795501956707331814e+00 2.085362326867770122e-01
5.812694070332057095e+00 2.035685923838947531e+00 7.068760901836235178e-02
5.954637808005820432e+00 1.656602199835367273e+00 2.667027253982858781e-01
5.949172182330549674e+00 2.031675470168405440e+00 3.147106668647250416e-01
6.407694026111578012e+00 2.056239613495684182e+00 1.321445472264173304e-01
6.414945378275820786e+00 2.307118493071300236e+00 3.708650757504994289e-01
6.312736651111986674e+00 2.117647681476100274e+00 2.509469206386185647e-01
6.441295393991406826e+00 2.410816966675350059e+00 3.652545926348302885e-01
6.418079960800520567e+00 2.249733174196901331e+00 1.297011240327243797e-01
5.561667860254072338e+00 1.579596143550380916e+00 3.296196950175573903e-01
6.131352992157445669e+00 1.607671756721964940e+00 1.700878258221383277e-01
6.472358877608607841e+00 1.971138704254503438e+00 2.600285434388585060e-01
6.224555316930050708e+00 2.364519440224324143e+00 1.575405493411423663e-01
6.474112921852452018e+00 2.112225499896851488e+00 4.923801117558923579e-01
6.212829595947145123e+00 1.729556323096410608e+00 1.734214277841132912e-01
7.018779162203653499e+00 2.108984112657941168e+00 4.030184635457878528e-02
6.760253045841594144e+00 1.878038707037465116e+00 2.554120087714348841e-01
7.362260268109206862e+00 2.263738828198562203e+00 1.412415372717230611e-01
7.191076793710561077e+00 1.500265061244508757e+00 2.003485911571338818e-01
6.725885826336359230e+00 2.397543405651841653e+00 8.735607526164024250e-02
6.952589023474843088e+00 1.812127290004259095e+00 1.163032534636521120e-02
7.006237132308015703e+00 1.903040933835971060e+00 6.369804301536596824e-02
7.110313003994336967e+00 1.768088750305626178e+00 3.849755369807610350e-01
6.829911666979974427e+00 1.547540061490147778e+00 6.292378377809626500e-02
6.717153420873149372e+00 2.372666553554086732e+00 4.767197835067946698e-01
6.927917696946078507e+00 2.171451114025215290e+00 2.399551441694836029e-01
6.556355811588282734e+00 2.122935885530374378e+00 4.505950970030276892e-01
7.211526837595402029e+00 1.854712781458491833e+00 4.143300647554859495e-02
7.356087788561508134e+00 2.087486805706790349e+00 3.194511093106768840e-01
7.405622360661471504e+00 2.170825349426394268e+00 1.239121132485436760e-01
6.617821941667870078e+00 1.954676992165421012e+00 1.722839575815395818e-01
6.838565626741569758e+00 2.265128439986328956e+00 9.540461402622923970e-02
7.371529867708879635e+00 1.656549082130769790e+00 1.406736304523850123e-01
6.703231757919699163e+00 2.210731517134242097e+00 1.011788314153712065e-01
-6.954054401653214867e+00 3.494879770881190950e+00 1.711105339280987181e-01
-7.161539457460199820e+00 3.230643712569204240e+00 8.572972387160326946e-02
-6.639364779398623462e+00 3.362498078362849085e+00 1.632245798016285221e-02
-7.482169038513093007e+00 2.696492895687056190e+00 1.998676202862910145e-01
-7.189668843547977417e+00 2.569907945917709213e+00 4.708784423493721505e-01
-7.429230485683595120e+00 2.961590812300931574e+00 1.279238969986327135e-01
-6.564510467563772877e+00 3.266597972620424173e+00 4.198532989982819430e-01
-7.030831589803114845e+00 2.581790139215492275e+00 3.333114738130102950e-01
-6.547283870579883924e+00 3.078652247580036416e+00 2.435837639935289900e-01
-6.678317295660129993e+00 3.410136303391650969e+00 7.803576099622056006e-02
-6.750166892542980968e+00 3.003679771906623941e+00 3.869243474597610088e-01
-7.258947230049058064e+00 2.810574073675258688e+00 3.162725537861863501e-01
-6.750747986829736647e+00 2.964116998325607710e+00 3.442676204729533396e-01
-7.436808523814308458e+00 3.004916905038570007e+00 2.718804309757647530e-01
-7.064054571621347201e+00 3.194759419403613521e+00 3.525665137181999143e-01
-6.793819988472196592e+00 3.228757840246426980e+00 2.794924868687527209e-01
-6.891212825144673815e+00 2.744869596311616533e+00 1.861962409732065282e-02
-7.206210981344529642e+00 3.191727932800556999e+00 7.147396282407392221e-02
-7.209195788819818596e+00 2.862336612601417585e+00 2.124653565420970835e-01
-7.484825282971520721e+00 2.844104777231335035e+00 1.566966645183232032e-01
-7.135866902354445429e+00 3.404998538696954569e+00 7.144123449761963229e-02
-5.577067711955493223e+00 2.836445020623928670e+00 2.871821538020320475e-01
-6.438911062599420809e+00 2.953685629004839441e+00 4.043449070111311272e-01
-6.106967972303486647e+00 3.332296656053564732e+00 1.037704773324144014e-02
-5.713364668591239592e+00 3.036967887643104547e+00 4.549221518301074241e-01
-6.399046937002735191e+00 2.912897214863754414e+00 2.774198406589505339e-01
-6.398097870153027777e+00 3.115797751253225556e+00 3.768660043623253131e-01
-5.919772963787906406e+00 2.950434425788412085e+00 3.874370499787254118e-01
-6.144182602215256139e+00 3.456049235682021603e+00 7.451953113888620805e-02
-5.985111614088093113e+00 3.235358651546395237e+00 4.176676665783674025e-01
-5.815820419467890190e+00 2.682452246602032631e+00 2.313538709816249650e-01
-5.504851291756085452e+00 3.218823283266829094e+00 3.217317159601780219e-01
-6.376637856240142455e+00 2.753781914512888562e+00 1.250775301942397277e-01
-6.199135022758560432e+00 2.597438318178555861e+00 3.539245698277095897e-01
-5.811045402910707480e+00 2.948530889217041207e+00 2.210866515406788579e-01
-5.500637561222736949e+00 3.241291551182740704e+00 1.983079462547667760e-01
-5.533540503185955473e+00 2.834634149338123521e+00 8.124015666125927737e-02
-5.902664432299433273e+00 2.734261728314866247e+00 6.910479135678215812e-03
-6.265586922686306792e+00 3.333045735409315924e+00 4.903652131233489087e-01
-5.861180838606302679e+00 3.224231168532689651e+00 3.747531399708421418e-01
-5.493558825907289389e+00 2.635359495140310315e+00 1.724893625872958580e-02
-4.512720441662240844e+00 3.040628958030517026e+00 2.815814537274885510e-01
-4.779149984748838342e+00 2.702691824498703710e+00 4.183249350464048888e-01
-5.053778219130258265e+00 3.021409615811956328e+00 6.964833908237011428e-02
-4.522960164593100352e+00 2.825951845154898834e+00 3.552996297475470300e-01
-5.496092147169261644e+00 3.277787935372217021e+00 4.132184652571062600e-01
-5.153902518484797746e+00 3.108482690865789877e+00 3.854783699824047005e-01
-4.842362505143269047e+00 3.016873100772709648e+00 2.193348370216163801e-02
-4.989557905746291766e+00 3.324788483804718808e+00 4.309883469126223332e-01
-4.690622399914285090e+00 2.934315611560215586e+00 3.179210785430672814e-01
-4.997247955823252319e+00 2.744094687957401746e+00 1.346529672495151431e-01
-5.332743823058861743e+00 2.751667509878741313e+00 1.451034821143135645e-01
-4.960425573829010837e+00 3.133901579635312018e+00 1.975033559469707711e-01
-5.062996756577942570e+00 3.443586267768804277e+00 1.666886060738903552e-02
-5.408568185270758555e+00 3.407417545599589204e+00 6.063199972158272999e-02
-4.695564809135693629e+00 3.327931704458134021e+00 1.908698889376285734e-01
-5.498323064801932780e+00 2.906878845017590862e+00 4.740094731685395857e-01
-4.874150032407293054e+00 3.162892927910455398e+00 1.282075943005089869e-01
-5.289734737357192351e+00 2.839169538431654871e+00 2.837990011660984635e-01
-4.881437868976082228e+00 2.978043016129674925e+00 4.556367358369879383e-01
-3.669932287531749271e+00 3.352975441975573290e+00 1.358545679285541041e-01
-3.763772048321300634e+00 3.183470097962260326e+00 4.596010373097847435e-01
-4.420742136537044509e+00 2.768593259251785454e+00 4.848570213044212096e-02
-4.419822939165882758e+00 2.543965329312772639e+00 2.494810787344921010e-01
-4.124392462676399695e+00 2.570092644353184852e+00 1.292133716301062663e-01
-4.296567753185329686e+00 3.065337138707267428e+00 5.136078304082225543e-02
-4.308884468747365304e+00 3.060185783031611706e+00 1.603770916953592973e-01
-4.138549598324732237e+00 2.998916536331007521e+00 1.910644865104718093e-01
-3.981501288365787428e+00 3.136970079391639743e+00 6.200846359318212819e-02
-3.852103824527304710e+00 2.558782872418039034e+00 1.318412175185024182e-01
-4.316980628197849335e+00 2.580664765550801931e+00 2.595304862912346522e-01
-3.592450567967995667e+00 2.729534419427643854e+00 1.781304671092929226e-01
-3.774290373219188144e+00 2.757993061690850567e+00 4.907919543721614986e-01
-4.172163507783762881e+00 2.783017575514618258e+00 3.694073258477832411e-01
-3.968798387961606000e+00 3.091100973689028919e+00 7.009648545157176613e-02
-4.120328622862978740e+00 2.916792519212261681e+00 3.818287317759700983e-01
-4.426334663322779583e+00 2.796855316725775253e+00 1.212488917321579152e-01
-4.285755679608609370e+00 2.747653175378230728e+00 1.579710436429042630e-01
-3.694919675457209784e+00 3.073555814127761465e+00 2.581725500158746911e-01
-3.907845190224859433e+00 2.561415913314673887e+00 1.077134116627025406e-01
-3.073882585188389527e+00 2.773333647305044281e+00 2.459483501088222113e-02
-3.159869154438063710e+00 2.817388791419720206e+00 1.549349584704557969e-01
-2.869243471518560185e+00 3.227465736903983640e+00 4.884336432033489217e-01
-3.418803112456165749e+00 2.910402615952246919e+00 4.832719164572338855e-01
-2.728603962193051125e+00 3.032029480270058031e+00 2.823361136094089119e-01
-3.267023644769754931e+00 3.135648600362509697e+00 4.576236024561186611e-01
-2.773642001965740178e+00 3.022930167981636274e+00 4.705130321215449385e-01
-3.167493322609583828e+00 3.019920064024709916e+00 5.904553869640594144e-02
-3.374670746174817992e+00 3.164794407017478051e+00 1.557801135208283227e-01
-3.380011423928790393e+00 2.694021314614897022e+00 2.954880513963988875e-01
-2.633909821165128839e+00 3.036825297479893493e+00 2.202654936792498575e-01
-2.894996544164221142e+00 2.874780068770252939e+00 6.129296257211791499e-02
-3.327316621404538211e+00 3.149602628609505572e+00 3.870458204952686998e-01
-3.421207733207413781e+00 3.065680162624977001e+00 1.936747617977481184e-01
-3.129272815923064499e+00 2.581830917724946772e+00 2.590714925426507165e-01
-3.189523232712216050e+00 2.734999138568962707e+00 4.298997300129627774e-01
-3.168034911970247336e+00 2.567928229912279647e+00 1.913118156374693513e-02
-3.331355590694975888e+00 2.745572308983089016e+00 3.530330093855749141e-01
-2.644292396388403077e+00 2.569483062574718701e+00 3.643530459520860632e-02
-2.842018623572345248e+00 3.110450591053965042e+00 2.222525310290119904e-01
-2.813904624465155990e+00 2.631868031352770032e+00 3.692894951577923024e-01
-2.173044168279809618e+00 3.229223784718943335e+00 1.070973123653988779e-01
-1.619634877450628174e+00 2.809622927517507307e+00 1.025711061321263884e-01
-1.986535817905395795e+00 3.214669690313971984e+00 3.980728485844995390e-01
-2.375046805721058973e+00 3.406284305148622238e+00 3.192285887553865109e-01
-2.111447021015493419e+00 2.702564310069588416e+00 1.378114280407594094e-01
-1.851462360309458433e+00 2.761023980709783388e+00 1.990311319492388265e-01
-2.104728044747238513e+00 2.639094195091153949e+00 2.154012206773572302e-01
-2.480228168792312005e+00 3.207575833326487214e+00 7.123077666916088901e-02
-1.874296233413290658e+00 3.406409204482679698e+00 1.836833733728244766e-01
-1.815379505937390725e+00 2.928653388024397231e+00 1.646114485460099530e-01
-2.149192204702259801e+00 2.839540830969681906e+00 1.123710159254507346e-01
-1.612389176674576596e+00 3.446407099874075897e+00 2.896240224044177580e-01
-1.964077297330771188e+00 2.871806568869283538e+00 4.936784278302148721e-01
-1.657654607089515508e+00 3.273529254753713147e+00 2.401550667813872053e-01
-2.234171423859383943e+00 2.753373937732172649e+00 2.503840731970718991e-01
-2.253078449612451628e+00 2.592710544472090817e+00 4.338183135706294991e-01
-1.971398419572230942e+00 2.822993568334908332e+00 3.759000888653165617e-01
-1.958241434369311307e+00 3.449175984547466101e+00 3.466322086401394387e-01
-1.545863641931603638e+00 3.234039173978128900e+00 3.308444415543245753e-01
-1.554106497425063793e+00 2.619679565791020792e+00 4.801997854271800037e-01
-8.607660532972012390e-01 2.581365612988884450e+00 6.431031801336573039e-02
-6.400594579395386674e-01 2.571658986560995785e+00 1.169230833249734758e-02
-7.163995577127817427e-01 2.816020903806570885e+00 4.712572478359806638e-01
-1.387501559529892958e+00 3.246497924009826619e+00 2.323072985773553256e-01
-6.570578577641565943e-01 2.841163090136529235e+00 3.219579601176878469e-01
-1.416297678357044454e+00 3.022354146230217253e+00 4.975324156624303384e-01
-5.165496130517173157e-01 3.033939103843696472e+00 1.869888466639899605e-01
-1.009363181497363371e+00 3.282036240150967288e+00 9.730974424915395105e-02
-6.192713189140937047e-01 3.291706892697003894e+00 3.456367345160042959e-01
-6.641561388031957947e-01 2.580386657767563818e+00 2.264617189534394726e-01
-1.482315541553457017e+00 3.060512987757171288e+00 1.508097656754010529e-01
-1.377783104047512808e+00 2.748269640763673749e+00 4.668383261664903472e-01
-1.419967284621939108e+00 2.958547997794056528e+00 6.254531388165318617e-02
-1.114312247243872456e+00 3.014533287058572597e+00 4.018791958890037819e-01
-8.996922125908994872e-01 2.954875841412647475e+00 8.993381168746950038e-02
-7.169265918934968340e-01 2.920285951665233526e+00 1.636031296165345594e-01
-1.346193421250386990e+00 3.450264250348450190e+00 3.300700367062034957e-01
-1.079410886948569015e+00 3.296014089788041446e+00 4.048521035334697871e-01
-1.216533977665657851e+00 3.458957083717525194e+00 3.233641339625776823e-01
-8.624768862917493450e-01 2.557185029152048372e+00 2.945712919178582467e-01
-9.812883132740664038e-01 3.463983183125316501e+00 2.044388870410731585e-01
-8.005940672824261028e-01 2.930095316618118062e+00 4.516587216461314114e-01
2.243174999110868484e-01 3.444875673755122492e+00 7.555586994059559913e-02
1.075021416038026700e-01 3.065798000987449257e+00 1.412226538245242580e-02
-3.731163705900897298e-01 2.876655521787977676e+00 3.932910532610307541e-01
2.239345570685378206e-01 2.694041421195187525e+00 2.306603991721498659e-01
-1.999462909005549349e-01 3.005865517753100846e+00 3.448063177177118632e-02
-2.881117399644992361e-01 3.087538904219435665e+00 6.326607785394777750e-02
1.294883048419137594e-02 3.247641491837979899e+00 2.464593723705341688e-01
3.387931997019091312e-01 2.592455956231834335e+00 1.288058036547177210e-01
-4.020755176093624428e-01 3.113968648316861376e+00 1.365649294031001659e-02
1.114363496848378432e-01 3.085729318048088032e+00 3.077748266879609673e-01
4.078475122832738720e-01 3.193588368720810422e+00 4.346650913361980173e-01
-2.668200225247021606e-01 2.643197096011284941e+00 3.473453969071993441e-01
4.825294065457397252e-01 2.985120289835935026e+00 2.864190797802468325e-01
4.285427459701081077e-01 3.312505956976771415e+00 2.652162844510730366e-01
-1.761573622774932346e-01 3.199702906073760289e+00 2.669007223395372108e-01
-3.629844220494948814e-01 3.219876098536040843e+00 1.473063171618615996e-01
5.164250058880490712e-01 3.121490192371830119e+00 3.882503708133757669e-01
1.221588147265716628e+00 3.364653079115512924e+00 3.323594107917333673e-01
1.063042432910506818e+00 2.828152516923601922e+00 1.268333051337027229e-01
1.166002602046114944e+00 3.188078325553153292e+00 5.469046887035489135e-02
8.418175256959532504e-01 3.418784742984179559e+00 3.363538375594892216e-01
1.295111392627074309e+00 2.573411839027775372e+00 1.763304013691353589e-01
1.172494789406124838e+00 2.651227018869665386e+00 4.186417660250878470e-01
1.307180035454670985e+00 2.901187206281155895e+00 1.326920514375800053e-01
6.082107962166727333e-01 2.708091810268996369e+00 2.300642257213265651e-01
9.245582209116189887e-01 2.884816942143620722e+00 4.957113746405727994e-01
6.770611497552643243e-01 2.868381825972969423e+00 1.449578176125854156e-02
9.574993636181510226e-01 2.683431003898636646e+00 4.863441123622411766e-01
1.295363148069267112e+00 2.840990077297181671e+00 1.273720533153799295e-02
6.864311691950000238e-01 3.444302611997628105e+00 1.904831432419342718e-01
7.264080051409589345e-01 3.207601394887561241e+00 3.566316649638920921e-01
1.326846032769189776e+00 3.435019735332197399e+00 4.244866191350347151e-01
1.331808996697521508e+00 3.095249860161253252e+00 1.681612633235118892e-02
1.192691608380107127e+00 3.076717615646796133e+00 4.778439443737561021e-01
7.848450762731147279e-01 2.818499997898026521e+00 4.421846018170754178e-01
1.221943636396547461e+00 2.728277371685244646e+00 3.946381894849615435e-02
8.444635565339240202e-01 3.031485607295252294e+00 4.119364325453478415e-01
2.041742370747478219e+00 2.542994475674547061e+00 1.287765739446200541e-01
2.119683593235331287e+00 2.555352767562343530e+00 1.834984549060596493e-01
2.373324198501924442e+00 3.028317334485233658e+00 1.956083223007052396e-01
1.950100815179865776e+00 2.771015883701652527e+00 1.886938589373219344e-01
1.681085829020528166e+00 2.883984007164443142e+00 3.202487544474390546e-01
2.341129851279516672e+00 2.713997725669383243e+00 2.326927276202344075e-01
1.951616143708337248e+00 3.267631638409106642e+00 3.519766551839680346e-01
2.414801739779068868e+00 3.251541423102356276e+00 4.790704229767381861e-01
1.659555620348651672e+00 3.412701877744648726e+00 8.584436407603845964e-02
1.627894624094478715e+00 2.513383058555316296e+00 4.845008476730967573e-01
1.568052006940412468e+00 2.507823986220346413e+00 3.513916438326702973e-02
1.619598585031587490e+00 3.192974594346816630e+00 3.964817561881339714e-01
1.964501235236731702e+00 2.954232887669679286e+00 2.213636268792082973e-01
2.315917278991879158e+00 3.272222372411761171e+00 1.739707028264216859e-01
2.239366075232828379e+00 2.629208999208428210e+00 8.167933306825148065e-02
1.964954936439186284e+00 3.232349267999993003e+00 2.552570996810192838e-01
2.308923399987872216e+00 2.554273432925302956e+00 8.769944044131072758e-02
1.894746037565496977e+00 2.926092521965696136e+00 1.762295754110070334e-01
2.515735827357516996e+00 3.455488748042844449e+00 4.147617046967155829e-01
2.715901556593811605e+00 2.686049989443002772e+00 1.886227606327057771e-01
2.880782943285394637e+00 2.593328245481037797e+00 2.640133456976556658e-03
2.742945072074281398e+00 2.948404314417564009e+00 4.660340142032737276e-02
2.620755219742580522e+00 2.939291820824198709e+00 2.592426729892629567e-01
3.337254188784337217e+00 3.219100970069973755e+00 7.247997710853759656e-02
3.035716626093233117e+00 3.140867454574163276e+00 1.854942306820284159e-01
3.086543919611468567e+00 3.468724710900795927e+00 4.902709885648288690e-01
3.191261222315347368e+00 2.964313085286594429e+00 1.615109743594800307e-02
3.061792292819946582e+00 2.970598675041053127e+00 1.270403527218757489e-01
3.378293640647516582e+00 3.332485096402676206e+00 4.819801136000201325e-01
3.303782259013694045e+00 2.512227679545691927e+00 3.990227198186548918e-01
3.267468948735238854e+00 2.632185289711596710e+00 2.827477509804054989e-02
3.225989875058145273e+00 3.441664433298775805e+00 1.763696802018355214e-01
2.525003316589831570e+00 3.211419401270324769e+00 2.896492591711243847e-01
2.864883055441000081e+00 2.970621542245881486e+00 3.435925838806213051e-01
3.257149738838480246e+00 2.863522564811823656e+00 1.657756316705594202e-02
3.403678360637993450e+00 3.029871871589755017e+00 3.773525385431746315e-01
3.737016785958111598e+00 2.644038542946674397e+00 1.592676065910652028e-01
3.877881544693538629e+00 3.398211414415094112e+00 1.919731720846264977e-01
4.415827030599839276e+00 3.363937465644218250e+00 4.000953858905873517e-01
3.611200875125382126e+00 2.689898273029918130e+00 4.133010187236259014e-01
3.883153931998940323e+00 3.050217329104899733e+00 1.498637807823772761e-01
3.881833793477834860e+00 3.151539934953758504e+00 2.631389334274185643e-01
3.793558806630681346e+00 2.657509767111251975e+00 4.612398257668441914e-01
3.878092886187349819e+00 3.161141403904494496e+00 2.095509012034835195e-01
4.027243798232216676e+00 3.240828303950760159e+00 3.150977927350790964e-01
3.551782303905332228e+00 2.563992324431222158e+00 2.000563518343838609e-01
4.128687597760368533e+00 3.124395572952208155e+00 1.263378425114662917e-01
4.151038407164083566e+00 3.100269808305618824e+00 5.576369753569920817e-02
3.575650109217964001e+00 3.306082747505888264e+00 3.446503537719713961e-02
3.520988574401014759e+00 2.625424996224321461e+00 3.893318728530559270e-02
3.550542570004635579e+00 3.236777184018274411e+00 2.759857182327465353e-01
4.196457623142322291e+00 2.516820854267116658e+00 3.606136654189153745e-01
4.021449856842576054e+00 3.280293972924106072e+00 1.693875469158427904e-01
4.078235700498840544e+00 2.760017073214662275e+00 2.877523111448070381e-01
5.427838063286333892e+00 2.932348956745189028e+00 3.919825405781516281e-01
5.174126518916136064e+00 3.275030009601378467e+00 2.890238925135495407e-01
5.499319643415109482e+00 2.577777410935853553e+00 1.841904389125730290e-01
5.374432092376558501e+00 2.880015761432806798e+00 3.660761117665938258e-01
4.534162776246878579e+00 2.945166538643471554e+00 2.978309849045235325e-01
4.916540844120667941e+00 3.250339798354307419e+00 3.157393082676929197e-01
5.022441201675166056e+00 3.007462355067065829e+00 8.761234257557326544e-02
5.018064320037979087e+00 2.648488802736778780e+00 1.190029427073895363e-01
5.187869518764488319e+00 2.905028033672424570e+00 2.054899245952679365e-01
5.492816229286917817e+00 2.801821787042893419e+00 3.489394413535222839e-01
5.314030153383690447e+00 2.854224384023790861e+00 4.700520244994610408e-01
5.290036382690303185e+00 2.654456650513260740e+00 8.064252702697949360e-02
4.707945776388827497e+00 3.042450272149629598e+00 3.761819293089452287e-02
4.882407665456462098e+00 2.829007213124764775e+00 3.572744854684213323e-01
5.200636302788122833e+00 2.885321750279764785e+00 4.734441011326762094e-01
4.699224641941924574e+00 3.165645089714915983e+00 1.644214090632694081e-01
5.112688745375017163e+00 2.944225342297201564e+00 4.719465000114713149e-01
4.738575707182475227e+00 3.313467178902794075e+00 4.222633413926644153e-01
5.166411110726107481e+00 3.123005411436178491e+00 2.931376938977550139e-01
4.667796240597409607e+00 3.026509555652605599e+00 1.196785750666915504e-01
4.595428792092659975e+00 3.341718464462026361e+00 4.980387195603448447e-01
4.839500466507946186e+00 2.799219443704165755e+00 4.690156607270825617e-01
5.294337501078889119e+00 2.505812902045796875e+00 1.088765427264455354e-01
4.733698502803466823e+00 2.590562453532786691e+00 2.758734409213836614e-01
6.446471786567400386e+00 3.123163482429880844e+00 1.480168534400156943e-01
6.194973230935904240e+00 3.408053733202361713e+00 2.117284305898810004e-01
5.902636117149244299e+00 2.718430064456988760e+00 1.750392730802392549e-01
5.984926800101884936e+00 2.849270010560333688e+00 3.334927500707944859e-01
5.865510764767321916e+00 3.285963954196530423e+00 4.628024672241686233e-01
5.583355791197380569e+00 3.293445643844917115e+00 6.068813222412927644e-03
6.268749838182639422e+00 2.647357095878945188e+00 4.061926249893410557e-02
5.897317510487624759e+00 3.423752401361555897e+00 1.973755149328493275e-01
6.148032070025919893e+00 2.856385108362704983e+00 3.204275551949287149e-01
6.157205598620191012e+00 2.862010908090770300e+00 4.055513803635761860e-01
5.681656747272562313e+00 3.422738896245295592e+00 9.788961032742804491e-02
6.005969305140611780e+00 3.009706839636717035e+00 4.659231112820894083e-01
6.478340348130426918e+00 3.091733774796715295e+00 7.105767083158731623e-02
5.541202269635959965e+00 3.411126790021068445e+00 4.980138942108531808e-01
5.891405249921195519e+00 2.821308764218102283e+00 4.055041219752197890e-02
6.310936638471948967e+00 2.550476392508223000e+00 3.839808131236281952e-01
6.391911130748743730e+00 3.392812752006284072e+00 3.447790475973704361e-01
5.659026393832803592e+00 2.743922533070087155e+00 1.117817165154857406e-01
6.202404319267444066e+00 3.257844589729991469e+00 4.967782425497961896e-01
5.522905899115105655e+00 3.023598085388295331e+00 4.547496385394378393e-01
5.768982920075762522e+00 3.165869430954199260e+00 2.000887767568819697e-01
7.087958101970141200e+00 2.555028107263494164e+00 3.784899185260268695e-01
6.767026370582788886e+00 2.591739263619739830e+00 5.234425535347142500e-03
6.559555929737024726e+00 2.725045246644867802e+00 1.600668138596521572e-01
7.442534276961769280e+00 3.477416787787046104e+00 1.025555317967015156e-01
7.474738415511836820e+00 3.153254114853471179e+00 6.899043462505893842e-02
6.689359525539483542e+00 2.958268782791357410e+00 2.848281515547661513e-01
7.435322475724131408e+00 2.877752502235798815e+00 4.929736786257059578e-01
6.552421617665084241e+00 2.814063064011335769e+00 2.522893184775778508e-01
7.496820495296956821e+00 2.807177771209204309e+00 3.901039953738667521e-01
7.459390861168824216e+00 2.815638436975707037e+00 3.221697791281670220e-01
6.686740193165663371e+00 3.356650005716860008e+00 1.057775391304112134e-01
6.593085571578150450e+00 3.294345986310890595e+00 3.270724158501288059e-01
7.319368885030932859e+00 2.560567338107746949e+00 1.430682954580557720e-01
6.700438034902195028e+00 2.894834047304227553e+00 4.417651332400271968e-01
6.855067328871021104e+00 3.079501453338666650e+00 3.268141444655885408e-01
6.751867643444242617e+00 3.317479374923323121e+00 3.935478910905700900e-01
7.264658169972085133e+00 3.262379089518020692e+00 2.143223598020451703e-01
7.152258009502816094e+00 2.756672609686432907e+00 4.851587958829419733e-01
6.850847149496564370e+00 2.594198506426970141e+00 7.773534194785725049e-02
-6.700288134510707039e+00 3.983761559187108503e+00 2.676845950590944767e-02
-7.169046263337160774e+00 4.395543373850721025e+00 3.803727178236133710e-01
-7.108911748688369059e+00 4.458109286313376884e+00 1.594641032911887635e-01
-6.585379651157410308e+00 4.158609810784611227e+00 2.512999454985820336e-01
-7.289523768302782258e+00 3.988831534483427532e+00 3.690163324861153171e-01
-7.149238661900932712e+00 3.715871451016829141e+00 4.112468742961574719e-01
-7.393158414365926134e+00 4.216583462167347918e+00 1.291087407429376555e-01
-7.099476921642067673e+00 3.990143254819027874e+00 2.365358185819861347e-01
-6.584019325568325698e+00 3.990913993697276396e+00 3.539488457599055948e-01
-6.770656023187980210e+00 4.162079754194296655e+00 1.714454150803668142e-01
-6.514520348623437762e+00 3.869141330354313624e+00 8.478239727581637908e-02
-7.111380836713008691e+00 4.208252700759274489e+00 8.875029123506195106e-02
-7.009244461765370637e+00 4.035409257721960685e+00 2.886420065497574683e-02
-7.073752349602062672e+00 3.980894570802034238e+00 4.005246626166503177e-02
-6.544610203465433429e+00 4.073450163767482479e+00 4.293805518945248423e-02
-7.213166147272261242e+00 4.100478727855866978e+00 4.390797273706077419e-01
-5.904767688748429499e+00 3.534547189951176449e+00 4.202252647793347506e-01
-6.494279189453581402e+00 4.436658415705426961e+00 2.593913129481126845e-01
-6.482440831520735358e+00 3.989832789832886917e+00 3.626428896761044740e-01
-6.176436843588148484e+00 3.975424408784201447e+00 1.321638798057378494e-02
-5.626504525442555860e+00 3.774327517204609350e+00 3.560569498080194961e-01
-6.435949544995250626e+00 4.448214559687633241e+00 3.963917128998026840e-01
-6.117009054470179841e+00 3.906902764018022722e+00 1.808026928647752385e-01
-5.992258298758678770e+00 4.059837346191851992e+00 2.470634008539356330e-01
-5.537955010983607096e+00 4.166885506266899242e+00 4.781739942681824118e-01
-5.615650919922104300e+00 3.555796502239436663e+00 9.478287258093942569e-02
-5.985892306314063660e+00 4.226098722432030996e+00 8.703175339359070506e-02
-5.939513087327935814e+00 4.089384334822391054e+00 2.226055914867881569e-01
-6.272318496349126526e+00 3.934531997356328858e+00 2.669987817160475174e-01
-5.601169453566940959e+00 4.194514947261016147e+00 1.874233568495249358e-01
-5.664862993414117476e+00 4.022622932298260068e+00 2.609490468560480281e-01
-5.502900545752519967e+00 3.578344110687519120e+00 3.218913029773791123e-01
-6.165803581193172178e+00 3.772797945340558456e+00 2.943314722010974549e-01
-6.143907131238833585e+00 3.955569432538968755e+00 3.588414606526395545e-01
-6.209792105323947986e+00 4.167426351951547758e+00 3.629694089526402934e-01
-5.850360941791871383e+00 4.017447775577153379e+00 3.372011773518828193e-01
-6.412359243451424717e+00 3.623344934070610535e+00 9.442415759930966601e-02
-6.196501863807154287e+00 3.853608792005964290e+00 7.896898602932012068e-02
-6.121663758179029635e+00 4.071501331554086889e+00 4.794018883432062950e-01
-5.624022781522088010e+00 4.242144190418599692e+00 3.955792888296087995e-01
-5.934971745127351817e+00 4.336090156712469224e+00 3.823438694685759032e-01
-5.456020820838986651e+00 3.852826207729835417e+00 2.691148405336658556e-01
-4.962615271679990947e+00 3.869410010686998191e+00 3.268025101702001223e-01
-5.465383743732390442e+00 3.978316755224039269e+00 4.157552425005395236e-01
-4.537878793122846588e+00 3.941856066252679369e+00 6.015406285811231157e-02
-5.212036467989003441e+00 3.517368901182440055e+00 1.768822040973851983e-01
-4.848822669602630420e+00 3.684746504453590532e+00 4.951740331974896492e-02
-4.986458088907912867e+00 4.075514045879700120e+00 1.682765358919926513e-01
-5.073423358943236927e+00 3.641638775022254748e+00 1.616957155507154908e-01
-4.993441668369835718e+00 3.784224469894171605e+00 1.752001723945149081e-01
-4.985741933120008795e+00 4.320572924783153468e+00 2.481387877630538696e-01
-5.491576534756079653e+00 3.840709380170766352e+00 1.270104970573981973e-01
-4.620314614864607705e+00 3.904460266997364926e+00 4.644878170005171114e-01
-5.327660818855245672e+00 3.623364028142333382e+00 3.265949375663730336e-01
-5.213255838883968707e+00 4.454885718206867296e+00 2.841711283841981128e-01
-4.787380794865935485e+00 4.021460424751298390e+00 3.799343916786988018e-01
-5.363407634401986535e+00 4.226343033932487003e+00 4.890409708239555897e-01
-5.148471108229136561e+00 3.850031731734231855e+00 4.578024107674956156e-01
-5.103231740334083000e+00 4.273561327380427599e+00 1.544113620348870342e-01
-4.565023292524158727e+00 3.934127811254025886e+00 2.782812840746444749e-01
-3.977543821801243773e+00 4.343970367097082175e+00 3.477799728093842191e-01
-4.099742779805788828e+00 3.883892425219027444e+00 3.690865691888678413e-01
-4.046507192949994725e+00 4.434222711571941034e+00 1.715186934178625222e-01
-4.017254794506176729e+00 3.599720768562381323e+00 5.485138403503420079e-02
-3.624995754239522139e+00 4.483404810790844408e+00 2.449866428868450186e-01
-4.305612882695905697e+00 4.236509067175159515e+00 4.188737786718910172e-02
-3.886705102884205232e+00 3.532597675408494453e+00 7.058073981619727988e-02
-4.179130162258492653e+00 3.623871277061503804e+00 5.713728095480519187e-02
-4.151852924534741085e+00 3.936306390571402858e+00 3.178179269067662460e-01
-3.526026034284106103e+00 3.866104303754466898e+00 3.197372862076672817e-01
-3.550409514039190029e+00 3.900076582323681151e+00 2.753371890460289961e-01
-3.795722398837552358e+00 4.268852632112473344e+00 4.092299108921295669e-01
-3.562018995250699760e+00 3.546310595448080250e+00 1.855982600280441375e-01
-4.198797558560355192e+00 4.191765092265224979e+00 1.434080720087376193e-01
-4.279525200997120749e+00 4.284919434605908961e+00 6.210468161007298704e-02
-4.220886380399905491e+00 3.554582003666265422e+00 2.312104908097545319e-01
-4.172737456666143707e+00 3.920513627584107041e+00 1.567595753450721219e-01
-4.232753729319520097e+00 4.371654844179095889e+00 2.542194054796631519e-01
-4.393219950008588448e+00 4.178283397411643563e+00 3.524944380809920119e-01
-3.661621783466052715e+00 4.212276229709365438e+00 1.437181904622164552e-01
-4.456560795963340205e+00 3.794374028879065719e+00 3.362477128461893727e-01
-2.920450291108981133e+00 3.823887245048418038e+00 3.985199612914254175e-01
-3.216871346038359114e+00 4.288361485825046060e+00 2.506109898809896208e-01
-3.280204436768997311e+00 4.404761831997394239e+00 3.490130630223422514e-01
-2.556429690255184184e+00 3.741424002050075970e+00 2.234993833328111634e-01
-3.039691294508545027e+00 3.860653882546150939e+00 9.530277053795188635e-02
-3.384534695759293221e+00 4.433680791776215102e+00 3.538940784916686511e-01
-3.056767351096595142e+00 4.437658112640963992e+00 1.973391360785292648e-01
-2.695398110750570453e+00 4.366307887070165705e+00 5.229690225757188671e-02
-2.653392764445189123e+00 4.256176855404630643e+00 3.895343721193338382e-01
-3.159261230382474750e+00 3.696719731982836876e+00 2.504068302330999529e-01
-3.210146535476869900e+00 3.698000739454087693e+00 1.289928231663051150e-01
-3.069228114184790357e+00 3.510790720917498220e+00 3.753679950534145604e-01
-3.289387586189699064e+00 3.929814002985787980e+00 1.406633383423194772e-01
-3.096085411656712694e+00 4.277081818601823571e+00 2.866089702612431012e-01
-2.887699775306463934e+00 4.136761900202881037e+00 3.607018645220545494e-01
-2.779267017408363571e+00 4.225096696622836490e+00 4.967121013763957649e-01
-2.832069789636360468e+00 3.907398961274978433e+00 2.165102976566171122e-01
-3.240044076470977252e+00 3.618648142467369766e+00 4.179024266148214650e-01
-2.687711211737495276e+00 3.539499159697637509e+00 1.668958267471563062e-01
-2.505014104554181387e+00 4.215059639423383686e+00 4.255818825984487574e-01
-3.252759963600007076e+00 4.026488465426419694e+00 5.735107148487017525e-03
-2.273011280971186210e+00 3.982055960523096516e+00 4.420978473369459039e-01
-2.453813532140857845e+00 3.749261066376105234e+00 3.024614201702835459e-01
-2.187948595936058283e+00 3.700059075766894523e+00 2.445435338485548726e-01
-2.101166467666869764e+00 4.009682954036996705e+00 4.794439703674413522e-02
-2.126178996669441545e+00 4.479388175543014938e+00 4.447683193939813151e-01
-1.663719683041167130e+00 4.028220618176122869e+00 4.153415237826845186e-01
-2.003018742703137178e+00 4.048257743904041916e+00 1.767602081953913995e-01
-2.096748687612783435e+00 4.097442547034734872e+00 4.036385679168308371e-01
-1.722189945494752905e+00 4.185251298939476783e+00 1.159040342799428913e-01
-2.323042383144248824e+00 3.603442080924706303e+00 4.864525402663915088e-01
-1.768848201214966664e+00 4.484324133273705826e+00 3.072161195265117328e-01
-1.911569591988645733e+00 3.826385630896645296e+00 1.958341125153086892e-01
-1.655407883283912973e+00 3.741116991169691985e+00 2.632453055952339582e-01
-1.610488363287531755e+00 3.561610450513098769e+00 8.152287793279988648e-02
-1.504833404782209172e+00 3.628728678684712605e+00 1.399406888829446416e-01
-2.432438465559364715e+00 4.183170902396458501e+00 2.871448730804644356e-01
-2.413633761069198691e+00 3.640667647813639718e+00 4.638059376477805529e-01
-2.138417970612605856e+00 4.414941686831742373e+00 1.223740079115849255e-01
-1.861636566080855815e+00 4.267117887772666762e+00 2.864577348983345928e-01
-1.738505293782553807e+00 3.992817856715364044e+00 2.150195290041381213e-01
-2.096566337911561995e+00 3.549632739079221722e+00 4.330368675008386958e-01
-1.046492805687351257e+00 4.096261982727874340e+00 7.699846399551901754e-03
-5.044972656181911930e-01 3.855999192332070891e+00 4.508263465564965600e-01
-7.469462258918557751e-01 3.598458682527811092e+00 3.628700135097808754e-01
-5.771769227072640618e-01 3.659515581851209731e+00 4.203633226284786417e-02
-5.422740104345322720e-01 3.858653725728034445e+00 1.000200584015509264e-02
-1.168134502896129412e+00 4.060654392449983163e+00 2.335893215859954353e-01
-1.044254740964367656e+00 4.205774600621911219e+00 3.667705695341183514e-02
-1.283386346940528888e+00 4.470371374768046024e+00 1.315508200992372423e-01
-5.609748804580014792e-01 4.057898161701011475e+00 6.761550819579831284e-02
-1.212799436965900313e+00 4.156644378076151725e+00 3.214651803834520649e-01
-1.491545040764788332e+00 4.182445510099093156e+00 3.100173415282920786e-01
-1.038432322988378509e+00 4.180649614666165803e+00 3.269581144658317839e-02
-1.098745749035581198e+00 4.301169562078515085e+00 4.021102857127960561e-01
-8.009285819931122319e-01 3.602113377744897704e+00 4.664764640848861887e-01
-8.403772418721029425e-01 4.254964959063968877e+00 3.866464783975267494e-01
-1.400494047265215869e+00 4.181250233980446041e+00 4.720032944813699061e-01
-6.031442266442850197e-01 4.026067024933503546e+00 4.214144190797508571e-01
-1.122332272142585019e+00 3.916731274627519355e+00 8.435841837296287338e-02
-1.109424886780479014e+00 3.951738850437441997e+00 4.380525831112187518e-01
-1.012708097983625599e+00 4.119706373765431806e+00 4.732525441402017918e-01
-1.315924829265324725e+00 3.848257699153920797e+00 4.296315768621106201e-01
-1.212381106689196741e+00 3.759802883970273513e+00 1.551344586020420024e-02
-5.196523728721080815e-01 3.509900257329688245e+00 4.504953659114505626e-01
-1.254211717133978610e+00 3.618119453554470510e+00 2.803656858606977664e-01
-9.193209368245280899e-02 4.173234083764837621e+00 1.951445358622052595e-01
1.867114794822439805e-01 3.611800210703748348e+00 3.050120570759009553e-01
3.493865498015491511e-02 4.232155035527220832e+00 1.460832350592227158e-01
-2.766289557036936131e-01 3.513631994404494918e+00 2.832175605657560880e-01
-2.113151219108848622e-01 4.189696177936319543e+00 3.097881015190502296e-01
2.001190157412846560e-01 3.603448764304856056e+00 2.540470430904360200e-01
-2.909586314584950983e-01 4.351183778630877796e+00 2.252231751938715831e-01
4.976710335277916286e-01 4.141266926478937904e+00 3.978312221455162501e-01
-1.012607223602213224e-01 3.762432439039958609e+00 2.458817016293082247e-01
-3.199020958316296515e-01 4.070958789123025667e+00 1.422990340111205398e-01
-2.029394910428585774e-01 4.349891991132057711e+00 3.590257527607434440e-01
1.655793674096681656e-01 3.957151034977503201e+00 3.975183668915960311e-01
7.451631658642998701e-02 4.017959393933754342e+00 1.682532309555799799e-01
1.383036803841886098e-02 3.722005303926641417e+00 7.755824227380081481e-02
1.170442702706910865e+00 4.013242606918687727e+00 2.815906328358686039e-01
1.279757263889365504e+00 3.633859336491736869e+00 1.690578812537246733e-02
9.922174396244791694e-01 4.430504933632830600e+00 1.381471473445046172e-01
1.021689945053559256e+00 4.134225152231234546e+00 1.721586458102297712e-01
1.058798070722701823e+00 4.305285498672843048e+00 8.658792132109915940e-02
1.035144073008424925e+00 3.558022233653192146e+00 3.625789766119122959e-01
1.366856897712292351e+00 4.204880392977162984e+00 2.298914461891836680e-01
1.072067717630888595e+00 3.953432015068894856e+00 1.474947107306796568e-01
8.791032802765030851e-01 3.834581786440192985e+00 1.905872125859353616e-02
1.034871029830268796e+00 4.348620415653556392e+00 3.697960203092804932e-01
1.422496214107839663e+00 3.626732145343382285e+00 1.007465892933261387e-01
8.431317095171397824e-01 4.330054389932239900e+00 4.541437028107253582e-02
6.331625161837077798e-01 4.448843978349373174e+00 2.164525104560439672e-01
1.467228731347004711e+00 4.341996367688498282e+00 4.658238997728290087e-01
8.508983407649157726e-01 3.610968233939402694e+00 7.463478089326613940e-02
9.774597134651781261e-01 4.001477702157817617e+00 2.208530904611052392e-01
8.893070976600547795e-01 3.685006514281335299e+00 1.426742584451634599e-01
1.297191683152249198e+00 4.331504405353621578e+00 4.421607597467165363e-01
1.477812003245738026e+00 4.176920654903625518e+00 8.271851937248442255e-02
1.174679467031786828e+00 4.410460775771944952e+00 4.037740348514091693e-01
1.051205068418337163e+00 3.876657035959789610e+00 3.779279001467212851e-01
2.211118011963211671e+00 3.509564233999544314e+00 6.232675261698084057e-02
1.682603718248547153e+00 3.567900369623812296e+00 2.706498898165978773e-01
1.773835280687947602e+00 4.167028134733129718e+00 1.719466930520923142e-01
2.295096083991456481e+00 3.519196857810047874e+00 2.502827431274106118e-01
2.464818845311754103e+00 4.047678417537287743e+00 3.051783991604466451e-01
2.261967869299185807e+00 3.621079351824036507e+00 1.004629858059811198e-01
1.592525074776803606e+00 3.655131932662314398e+00 1.033119957616577267e-01
2.005686711259881960e+00 4.289507572274558811e+00 3.076544040403561553e-01
2.432383377062516061e+00 4.370430886648213331e+00 6.771554717686534275e-02
1.813681741497690680e+00 3.719591604632112691e+00 4.062081780571027423e-01
2.377614853125034955e+00 4.065770926465134494e+00 2.456021618148902519e-01
2.139840244536353353e+00 3.721240192831061222e+00 1.484563290500222621e-01
1.735534836343488152e+00 4.319322695632020981e+00 2.131951607803674875e-01
2.061923786447756868e+00 4.364548537018833940e+00 2.637941337381342066e-01
1.852067807070689298e+00 3.847678523402139561e+00 3.077699358923826622e-01
1.757593233741935990e+00 3.706555026115523788e+00 2.482980684945719219e-01
1.986364127344907970e+00 3.765166039889596306e+00 3.034811470535814237e-01
1.721019221956209933e+00 4.350970435380475010e+00 4.280000991542749489e-01
1.969290583400237438e+00 4.352047030185030252e+00 4.836525160106326382e-01
1.626191947262027426e+00 3.682675613257908154e+00 1.866794540996110641e-01
1.819249477686717853e+00 4.319839192389315130e+00 3.969782441971823062e-01
1.802018781436146355e+00 4.193901767829524729e+00 4.185259026752348177e-01
2.646424765220183772e+00 4.009429607702408305e+00 1.669239251399048385e-01
2.895714593000633386e+00 3.631050759092010694e+00 1.363777116569231396e-01
2.892466048381745480e+00 3.802141768098385555e+00 3.837896685409862840e-01
2.625090138739629708e+00 3.823911618084352426e+00 3.446108292591727462e-01
2.951563662191853510e+00 4.275369418121362841e+00 3.520228910618339313e-01
2.817945401313068032e+00 3.607981635313436186e+00 4.693780589577940532e-01
3.449822519992308045e+00 3.608568542144960034e+00 3.815376820940681313e-01
2.678762736625103003e+00 3.519213350245783190e+00 3.360998987379417713e-01
2.600918203861260380e+00 3.809261168757153371e+00 2.367440789555264047e-01
3.066227074107587214e+00 3.705656877853048314e+00 4.286644890692592469e-02
2.643056186488632164e+00 3.895154259930977858e+00 3.729749532270947299e-01
2.924829536231083438e+00 3.823100305206896365e+00 2.065862459046190480e-01
3.261616191001950327e+00 3.908264061520348776e+00 2.045087773936593578e-02
2.596234282249493930e+00 3.599910006674848617e+00 2.146140053319545160e-01
3.228011732677254386e+00 3.533791535317869048e+00 4.156646467791986765e-01
3.475944460662244495e+00 3.787878547640325166e+00 3.723075216524662778e-01
3.274550821109430743e+00 4.083381529710642610e+00 7.009020371790164461e-02
2.973461922169134297e+00 4.472780722961241295e+00 4.007799388389745587e-01
3.103329798513481563e+00 3.553968650736347712e+00 4.289890042627853006e-01
3.328886693007390818e+00 4.420817095605475089e+00 7.048888290943722268e-02
2.810586278065690280e+00 4.107173466423855501e+00 1.356499027331707907e-01
3.281632746296246239e+00 4.460913278408543903e+00 1.690493080528003844e-01
2.822689536014898692e+00 3.673699876345978055e+00 4.627000210078389131e-01
3.281834005601172777e+00 4.249351791490857622e+00 3.200058730646215821e-01
3.950242870823064578e+00 3.547443377757851124e+00 2.670702684661083737e-01
3.675070963169476457e+00 4.223151105804799244e+00 4.568073823277298828e-01
3.956456467267017274e+00 3.839068886913118206e+00 3.867275314134541730e-01
4.267494215239009847e+00 4.062485850205987958e+00 2.330898865421051624e-01
4.348046475356852625e+00 3.771533491425010709e+00 5.808435626490116022e-02
4.401434869096419789e+00 3.946935451107139059e+00 3.628700978916405973e-01
3.886292155197086373e+00 4.018797519733233514e+00 1.785272451752319967e-01
4.278510931901781333e+00 4.098789285948871708e+00 4.104919025777231667e-01
3.668276785196434631e+00 3.651279717625360632e+00 6.204729285670396166e-02
3.559375605298860989e+00 3.886237316683953225e+00 3.459664223566143448e-01
4.422479712388707185e+00 3.640599668066212047e+00 4.489386097331156122e-01
4.142109976373905766e+00 3.777412507049884738e+00 2.931008958397587350e-01
3.844186785456468414e+00 3.721484064823425086e+00 1.317583366288914704e-01
4.142319423527890621e+00 4.482434912347773803e+00 1.010515553382873577e-01
3.599022212912453611e+00 4.297574364286141702e+00 6.393301682319219026e-04
3.583543931186337517e+00 4.097949944006478162e+00 1.437214247713924919e-03
4.256203694362868717e+00 3.662166648919033207e+00 2.926845053116871043e-01
4.088713758136094611e+00 4.493753002849402378e+00 4.274683279507769385e-01
3.640859442744018182e+00 3.859883705380958929e+00 5.494948586070691476e-02
4.117570008343273358e+00 4.295131252258357790e+00 3.311083699224575128e-01
5.140699702033577623e+00 3.911107530836936519e+00 2.428847768493564985e-01
4.900386585632034553e+00 4.385122296498643379e+00 1.632953291713512556e-01
5.296445216259815680e+00 3.941378366817437140e+00 2.508314688815200810e-01
4.717558865951577474e+00 4.071880197118520783e+00 1.350864410577248265e-01
5.091158177581959876e+00 4.201383398376261624e+00 4.977763225985931683e-02
5.303613701099997968e+00 4.204348817518674508e+00 2.829333681711094783e-01
5.013656286878337198e+00 3.729167943795006934e+00 2.918789159720578397e-01
5.206159917261244274e+00 3.935026354906828061e+00 4.143236496698463611e-01
5.126516719991661475e+00 4.120532315237447563e+00 7.183021347805507162e-02
4.642134483991355864e+00 3.802855692664333986e+00 2.527683372371534176e-01
5.478983696142996962e+00 3.998144195700696457e+00 4.153228062106748553e-01
4.910465591191975676e+00 3.679275138600155870e+00 3.981498264466374337e-01
4.576568238559405088e+00 3.719970875190016457e+00 4.914863245998546404e-01
4.649894854801956967e+00 3.957384358826612214e+00 3.306226811742725147e-01
5.030098589314086155e+00 3.617679101933919839e+00 2.515004710314787673e-01
4.636372229878972462e+00 4.362332553691611992e+00 3.536279200715561899e-01
4.764278580572906208e+00 3.946978702014172669e+00 3.130907290178459590e-01
5.166769943174656987e+00 4.066717851281158147e+00 3.249698390466999598e-01
5.493839654968933672e+00 3.548600151205636877e+00 3.352244105489230463e-01
4.934988174220807267e+00 3.565825832771572834e+00 3.007474798316973619e-01
4.606681675814849442e+00 3.766354140305333331e+00 3.216260588146404586e-01
4.789502471262622407e+00 4.046783692833555435e+00 3.600360985751240861e-01
5.345330599146103978e+00 4.059131633752542712e+00 1.173874438678765841e-01
6.187091271485360977e+00 3.844918653096932815e+00 4.132090095029301580e-01
6.442342427968156926e+00 4.272196982830440248e+00 9.165052847982657624e-02
6.019388719811956889e+00 4.377513967687011842e+00 2.864587676335190736e-01
5.777047422180780600e+00 4.090331026550314775e+00 4.806897669362975023e-02
6.431764617781150051e+00 3.902963873634600844e+00 4.238121856436745105e-01
5.635878186354712938e+00 4.148754791983289891e+00 3.123631400343658271e-01
6.113479158367731259e+00 4.063962091488368955e+00 4.487610973301165984e-01
6.100409391021479166e+00 4.440280977549122099e+00 3.941942776067364207e-01
5.596839360799631180e+00 4.333407543482195479e+00 4.040894761197986185e-01
6.466262818584732841e+00 4.026146765492466528e+00 1.803575277791740206e-01
5.642841303721564117e+00 3.693635191971440079e+00 4.239556918858369272e-01
6.202918570978985358e+00 4.336959504755199646e+00 1.615029434249759532e-01
5.734027774660500398e+00 3.798125392029062297e+00 4.606227700076797049e-01
5.809850281918894410e+00 4.047076239622256821e+00 8.029280354334211722e-02
6.386073014628609101e+00 4.170055097451907500e+00 7.732380854046994045e-02
5.897800022247700724e+00 3.503069723981710126e+00 4.634060278725495863e-01
6.083634389281671773e+00 3.812292149261352847e+00 1.340869354048717099e-01
5.637967122714098167e+00 3.724226792719324663e+00 1.320254696658160753e-01
5.642330245745379003e+00 4.160040775579229688e+00 2.627824241675682515e-01
6.146891403979720891e+00 3.885293056724503202e+00 1.116323869000233060e-01
5.598849392143108616e+00 4.488513408043369068e+00 4.989697919750799571e-01
5.766041032275666112e+00 4.406338183855869062e+00 3.539768144683588247e-01
5.827625418667345514e+00 4.242898999891034251e+00 1.234070187638618421e-01
7.251899309430854146e+00 3.650526358585445053e+00 4.265784592732657643e-02
7.166167768955238770e+00 3.765549911872673405e+00 1.063739388480868797e-01
7.476317490728057180e+00 3.765878808169116354e+00 3.620366594681847516e-01
6.669569178326808512e+00 3.673227568384010766e+00 2.497493183315615539e-01
6.869280158768884093e+00 3.699351049158995153e+00 4.945857222386766949e-01
7.213800901916631148e+00 4.278150915982818603e+00 4.343649611489226459e-01
6.507641674303435764e+00 3.734530658039979301e+00 1.389448817244076650e-01
6.991848565219964229e+00 4.119234095676299390e+00 2.911866638960027842e-01
7.127949621827472271e+00 3.618275983622257996e+00 2.148293290027893931e-01
7.067440839382497231e+00 3.944195491385087848e+00 3.766399523085688372e-01
7.053695848893005049e+00 3.822527503033782637e+00 3.659518138279516108e-01
6.564405822218930098e+00 3.606072865019335438e+00 1.816824128388283555e-02
6.944562079485532280e+00 3.678218944768389065e+00 3.846359955396039254e-01
7.204048405503002073e+00 4.076423540235030174e+00 4.160975792321064404e-01
7.163608677213959552e+00 4.239864448058533242e+00 4.970503151665894848e-02
7.334531201297565417e+00 3.684051325301807012e+00 4.116160215563162694e-01
7.423939896171839692e+00 3.796104307591045668e+00 4.727372037006212224e-01
7.408622362848884535e+00 3.735645946132464701e+00 3.238002909579655864e-01
-6.571892449132604952e+00 4.554805270548817120e+00 8.384082683155824611e-02
-6.762738261044311194e+00 4.910137872471008080e+00 5.869904075620269168e-03
-7.015285914714722182e+00 4.707614328715312269e+00 3.546973825500661093e-01
-7.467180929611155094e+00 4.801917876527387108e+00 2.122012467275702363e-02
-6.501616493765396854e+00 4.757248317099968205e+00 1.383337663995725109e-01
-7.126097052137547294e+00 5.162433559014177220e+00 9.065294967971482265e-03
-6.787367689965350337e+00 4.642967566821535996e+00 1.392343477056172674e-01
-7.249629251067587710e+00 4.771634511191653161e+00 1.064309301483952197e-01
-7.383729827326733997e+00 5.104920851773529833e+00 3.332915921492052291e-01
-7.316778940377699492e+00 5.338315226406894709e+00 3.330420059947769573e-01
-6.580394873927972732e+00 5.044489098990069920e+00 1.657341296940177955e-01
-6.740663749800253512e+00 5.446963522550230863e+00 1.587931019820629785e-01
-6.510455763101696824e+00 5.190543483945575076e+00 1.613128537958008479e-01
-7.431238675901163937e+00 5.409443776333347387e+00 1.506282311258377860e-01
-7.085978416306834227e+00 4.858797350183813535e+00 8.648172630677386508e-02
-5.753847086842111658e+00 4.976820268663715296e+00 4.759202519960492594e-01
-6.349745156186106243e+00 4.725490306143790065e+00 1.414848835896140855e-01
-5.839074301893409036e+00 5.294568829785454511e+00 6.114480876919792252e-02
-5.507136399971236607e+00 4.578500067005474961e+00 4.852166821824575038e-01
-6.422387562688217422e+00 4.722037722145827843e+00 3.262343751206842057e-02
-5.656280363732096639e+00 5.241927113970124452e+00 6.199976812300889151e-02
-6.450472356896485238e+00 5.476179516507768241e+00 4.535928122809416152e-01
-5.684758456216199463e+00 4.799958284019949062e+00 3.314175485679484723e-01
-6.293308371876803697e+00 5.289394736192882363e+00 2.541193956678888810e-01
-6.190659718806697853e+00 4.579773827902917205e+00 3.503932099918340981e-01
-5.596672766293422363e+00 5.128819796421755228e+00 4.103673335328750227e-01
-6.440500299132773776e+00 4.822113703577466381e+00 1.670542640092556042e-01
-6.238382432872090710e+00 5.234986218257406065e+00 1.600459620377439052e-01
-6.400392298778637468e+00 4.519634557768901217e+00 3.890792606009298993e-01
-6.387991870402862205e+00 5.350230689930032923e+00 7.772508587246207412e-03
-5.655176491724052568e+00 4.650679078096354502e+00 7.831980210048072877e-02
-5.039851700487266051e+00 4.595916518308863274e+00 6.320716496556855191e-03
-5.439743109228366791e+00 5.416796710960401384e+00 3.088517821590102130e-01
-5.384842285006816276e+00 5.203640696144958611e+00 4.632702475993468738e-01
-4.630831903504085467e+00 4.824212833153563196e+00 3.775678351407076860e-01
-5.061901963450006647e+00 4.769510249926216972e+00 4.827288973988181908e-01
-4.646155963241707987e+00 4.535852569706499082e+00 2.545656368157622751e-01
-5.050425987639354908e+00 5.088010708243643876e+00 3.308121882159174021e-01
-5.429747519097751329e+00 4.774574793012805074e+00 1.728285032154648349e-01
-4.956321379411748218e+00 4.820470184973956407e+00 4.810211092655567455e-01
-4.545055288889210843e+00 4.648968962296041951e+00 3.661529440186477302e-01
-4.713189763400197130e+00 4.956992464321569258e+00 8.229598854885544768e-02
-4.995565242723305488e+00 5.067502835778887160e+00 3.464609939229266189e-01
-4.538817678977602910e+00 5.241586816115139769e+00 2.906247965876573858e-02
-4.870895126715103274e+00 5.483661698244876703e+00 2.480424545311166185e-02
-5.095543026788996954e+00 4.526813597690125590e+00 4.425467037007173587e-01
-4.715716145632229406e+00 4.872157608843004084e+00 4.241084032746229582e-01
-5.485255004333051687e+00 5.423612582800437565e+00 1.651203104094829399e-01
-4.805209672731306725e+00 5.065083975335195277e+00 3.057609540246826185e-01
-5.432861338959778408e+00 5.094802715561279172e+00 2.352324304408366373e-01
-5.371607133458564221e+00 4.962263632606136454e+00 2.232923584122659122e-01
-4.944381721233101601e+00 4.587909835804769187e+00 3.305906655105772529e-03
-5.336933502552197339e+00 4.653056552320974149e+00 6.329489461684900675e-02
-4.731202751185062283e+00 5.218055052489072310e+00 1.099342114205636989e-01
-3.500503997155820279e+00 5.203969094554565800e+00 4.835369393828958806e-01
-4.024261624043958818e+00 5.407282689362396866e+00 2.115306366900959745e-01
-3.695662840748976219e+00 4.899294091606311241e+00 3.278470624638849529e-01
-4.064441132020932379e+00 4.572725580941130019e+00 4.236049142405562407e-02
-4.454443374703101810e+00 4.588024039035975221e+00 1.546784989226726026e-01
-4.137296115299827548e+00 5.439805959349609310e+00 4.509481603438167951e-01
-4.236342552415385931e+00 4.537361364151006882e+00 3.822640841006208490e-01
-3.534580866154125367e+00 5.365214244388770481e+00 3.438828723199325310e-01
-4.238028718055672606e+00 5.317313763621511313e+00 2.128417962186635037e-01
-4.048241797580566015e+00 4.510662640110531640e+00 5.727867264318575735e-02
-4.307471839003774505e+00 5.227992979742627000e+00 2.751673551378210902e-01
-3.584639234962385235e+00 4.844253781804816583e+00 4.082296970721124296e-01
-3.626880646058588731e+00 4.504318984807810011e+00 2.316855748337847132e-01
-3.937683059212457426e+00 5.267348423062117035e+00 2.452939898751598236e-01
-4.454396013565550483e+00 4.942335099171984325e+00 2.454796900918712055e-01
-4.224851376888093313e+00 4.712275709182272010e+00 3.910766211307432627e-01
-4.184008964667666142e+00 4.584821740929285738e+00 3.695398571171413238e-01
-4.412825475843686007e+00 5.338440889188364125e+00 1.772299761708246990e-01
-4.230423427052920182e+00 4.985283784138651697e+00 2.961708346347879939e-01
-4.307154211949795197e+00 5.046402516894854529e+00 4.408446292523873211e-01
-2.770459560292476198e+00 4.998592322023291956e+00 1.386698036019673452e-01
-3.418698028253812637e+00 4.772967772707664480e+00 1.018947063289878940e-01
-3.049175976559380885e+00 5.238383262052561662e+00 5.306109220780186320e-02
-2.918975120888795516e+00 4.700200763627126577e+00 1.467860688974447214e-01
-3.269488358400584715e+00 4.641374525154841280e+00 6.085152063464249750e-02
-2.677212612402383840e+00 5.146566791161120591e+00 1.680356132104741107e-01
-3.021887884099729860e+00 4.630060686442334372e+00 3.450635475931065344e-01
-2.674066747696645763e+00 4.668240575128756120e+00 1.355481745493580803e-01
-2.750264346938927851e+00 5.110820434758300834e+00 3.298049757800622928e-01
-3.161434682777612082e+00 4.772926674990472407e+00 2.893955759647326431e-02
-3.182554785678397558e+00 4.677912393016471881e+00 2.617466815987032902e-01
-2.741748620165084915e+00 4.550162552832984986e+00 3.634816528246123113e-01
-2.941362934766697634e+00 4.712007913886747446e+00 1.514908562203487463e-04
-2.829521344974446961e+00 5.393980674539234244e+00 2.485831151320958554e-01
-2.594820183539128244e+00 5.322013498578609614e+00 3.712787831010917472e-01
-3.260769323366325523e+00 5.183474565417732549e+00 1.139368389620134536e-01
-1.958166142995507286e+00 5.425729653109179651e+00 4.775245817815818583e-01
-1.575976307383506914e+00 5.030292577704793544e+00 1.440368081394591826e-01
-2.421667854465678893e+00 4.656564560887012760e+00 3.063793937077523566e-01
-2.243163085962706305e+00 4.711839245185007741e+00 1.785127205611392043e-01
-2.288389864351369596e+00 5.344954070594816642e+00 9.428190073688291761e-02
-2.428335839199291080e+00 4.520218286903112670e+00 1.698420944944558642e-01
-1.988799718616800050e+00 4.866917694294432550e+00 4.890092304803701495e-01
-2.076278245021727642e+00 5.473032797952457784e+00 2.979158963361125956e-01
-2.283402245222379889e+00 5.126981715062280287e+00 2.400000866851623726e-01
-1.991140088071885472e+00 4.806001451437305505e+00 6.286735596580328433e-03
-1.948523531493046690e+00 4.896332828950644256e+00 1.726434341642271164e-01
-1.741949948639422985e+00 4.773425244011860968e+00 4.805265738121136110e-01
-2.038618362261541250e+00 5.321027949043623195e+00 2.920564215220302628e-01
-1.606358005563503610e+00 5.336863761828732677e+00 1.956029563928165516e-01
-2.207846988896426055e+00 4.798281942075817597e+00 7.037074565625189848e-03
-2.387472808615550335e+00 5.275802015187936789e+00 3.866235782972360369e-01
-1.732046224943606383e+00 4.874558274375647926e+00 2.273379188303135123e-01
-2.391454276722802419e+00 5.146609693927416629e+00 1.056215744677011514e-01
-1.594579508337858442e+00 5.265546225016180415e+00 3.394144319072083249e-01
-1.579597880529524545e+00 4.720612703643016772e+00 2.878442214663188281e-01
-2.152288666622106383e+00 4.964932324423569909e+00 1.645783242921439182e-01
-1.633541815050265633e+00 5.357547329181652884e+00 6.835417415568834087e-02
-2.068292341994087735e+00 5.483809358944959911e+00 4.987083379685994800e-01
-1.134109530220681172e+00 5.439321957052140277e+00 3.715588750289100517e-02
-1.388105146967154369e+00 4.822376094920677758e+00 2.697385092313950850e-01
-9.582940481974233649e-01 4.730825505440883205e+00 2.925180710197885503e-01
-8.721853760508366804e-01 5.476921176502528965e+00 7.171485295884849620e-03
-8.520938265341779783e-01 4.547326420263747337e+00 1.722994086693852012e-01
-6.331582751935194153e-01 4.578469335867199064e+00 2.137458837784560473e-01
-7.014009165781480704e-01 5.072166920311047988e+00 2.888100787913590040e-01
-6.569490220725393570e-01 4.793170429005307653e+00 2.692654676344012898e-01
-1.153238869732791549e+00 5.028388460798412396e+00 1.476422748136112517e-01
-8.038080674391787639e-01 4.902670433783253401e+00 4.685110465398345525e-01
-7.904262997580460137e-01 5.125660007137689433e+00 4.503464076806942273e-01
-5.735331590269217017e-01 5.123051649936853025e+00 3.400277588765714398e-01
-5.818445340445261849e-01 4.925800036987697084e+00 4.156304775492003500e-02
-9.171024872874493639e-01 4.839113654758762095e+00 4.870515302490296961e-02
-1.013600107997474353e+00 4.959717061382733050e+00 3.121717829326975391e-02
-1.369507717333709351e+00 4.644729615359384667e+00 2.366478311632569387e-01
-1.116336709336581023e+00 4.956222583564596107e+00 3.085703371514085802e-01
-7.184193216984002817e-01 4.894959027918559968e+00 2.858209018525492695e-02
-3.017073041736990646e-01 5.366344176964371826e+00 4.823096190963909180e-01
4.836038893711087638e-01 4.593460656004264564e+00 9.736059380590056378e-02
-3.782516881760207283e-01 4.579263726521517697e+00 3.306109967082342393e-01
-3.053360290765052554e-01 4.890650242303074435e+00 3.789509883106845223e-01
4.056504863226377822e-01 4.582578918090632669e+00 5.577146425303247668e-02
-3.523017900241578459e-01 5.234181519829721907e+00 3.453491077776273954e-01
4.869763772661173107e-01 4.642685569019157299e+00 4.802129508181707251e-01
3.623058704266703955e-01 4.675281633702535800e+00 2.010151033426037515e-01
-2.656962242714486777e-01 5.408565580340837897e+00 1.511563125464654433e-02
-9.954579369440885728e-03 4.852113852437096142e+00 2.468048500680684043e-01
-4.223893363030990500e-01 5.102329936391573284e+00 3.402347312402937973e-01
1.240155421594941743e-01 5.335643815289019543e+00 1.122676726549709514e-01
8.063225871321133553e-02 5.362508982123340928e+00 6.762237340551457976e-02
2.816829814553489797e-02 5.099018692258963981e+00 1.483182214163036861e-02
-1.148173476990352881e-01 5.339930652086366081e+00 4.268757220824426213e-02
4.307768841593055953e-01 5.031310250347077684e+00 2.024325239104918239e-01
-1.259128279958598995e-02 5.094777155712998606e+00 4.191885023130268451e-01
-2.631871837006780623e-01 4.681569523921075060e+00 3.476854005276628357e-01
9.118406121692945732e-02 4.626152867943993385e+00 2.967032595020313579e-02
-2.299392023990343148e-02 5.477676997727492392e+00 1.543318019069097602e-01
-1.633949483933525570e-01 4.593282656357946081e+00 3.486516489455731005e-01
-4.034348484114396172e-01 5.443845139616680484e+00 4.099208525214592669e-01
-3.421131817831346567e-01 4.813989799916065238e+00 1.424933301727904222e-02
-2.246789226312451149e-02 4.644862165379176844e+00 4.932470727637614516e-01
7.064437195876980269e-01 4.911499857203954988e+00 2.726222919219605245e-01
8.459816214780424559e-01 4.744866885202240425e+00 9.294821017980758882e-02
6.555935457742396721e-01 5.489054464725025895e+00 5.026617087050766486e-02
1.379481508132505141e+00 4.747283807911962583e+00 4.489389111257633402e-01
5.270094638457027969e-01 4.824768668874284572e+00 4.667602105624286679e-01
5.554855685816626476e-01 5.001180820004849537e+00 4.709258694955913427e-01
5.995754480179744661e-01 5.404736465736689865e+00 3.683777954849798419e-01
7.505015548747593357e-01 4.698206625133535042e+00 3.513470843442476621e-01
9.860355561974980532e-01 4.650259156094826096e+00 6.062034658184778380e-02
9.852108318373176132e-01 4.912564285330052627e+00 1.079146913710928857e-01
6.151897956176135551e-01 4.965223510710423227e+00 1.984007075341374104e-01
1.196822742137472417e+00 5.220033931041673014e+00 6.203809850386932112e-02
9.091423358612988892e-01 5.390180080674070950e+00 2.438177870152316018e-01
1.372357739794031417e+00 5.107728849078618794e+00 1.729540505624633795e-01
9.285058005950883597e-01 4.891401681846934579e+00 2.588898644012793682e-01
1.463575944526700923e+00 5.268896117513282462e+00 3.456766068748429177e-02
9.171757130736466479e-01 4.934211261589707576e+00 4.979718665411461131e-01
2.365486139130904775e+00 4.774783235099562262e+00 2.480200932768692468e-01
1.648136012071104162e+00 5.486610262773698565e+00 7.302095940847230793e-02
2.293157330759671098e+00 4.885457287049804975e+00 4.643039481963224802e-01
1.985534261843813653e+00 4.973048834031665422e+00 4.442248404889781455e-01
2.121390418516508447e+00 4.919008125257569475e+00 1.731551801888890907e-01
1.807042366805672984e+00 4.705269086661598266e+00 1.598618617278404486e-01
2.180348137092542160e+00 4.936391457642006486e+00 4.860800478279188042e-01
1.995611516090828985e+00 5.430389750011478611e+00 4.396608246663724628e-02
1.895159563796360302e+00 5.406859511324888956e+00 2.292568465241995312e-01
2.352770199466238665e+00 4.740215085201635148e+00 6.583597891738790508e-02
1.546004394593973430e+00 4.511556076374048985e+00 2.270080652419874667e-01
1.582908614514963119e+00 4.715845090080929225e+00 1.585625133570438550e-01
2.341577466961862086e+00 4.975908500806028201e+00 3.604598449672522520e-01
1.711067417132817070e+00 4.533901972273881142e+00 1.438569077725002643e-01
1.516805357104917817e+00 4.771569398598721534e+00 2.481864120636263493e-01
1.768676903264829292e+00 5.279429302485464603e+00 3.063511853063918267e-01
2.019788271885712305e+00 5.247286793714284414e+00 1.353098221818989089e-01
2.169891454963561728e+00 5.217951606289176425e+00 6.062859625277994269e-02
2.469748307126188536e+00 5.245613790583469438e+00 1.533674062905969748e-01
1.669316625756703587e+00 4.934633059201749106e+00 4.864886661023550829e-01
1.643081212795785007e+00 4.824315632900484374e+00 2.056931729793500807e-01
1.982147310147293950e+00 4.815113466072865833e+00 3.725530632903790718e-01
2.273877974491391285e+00 5.234998970595045265e+00 3.836975054546201136e-01
3.058138259163930783e+00 4.651206707067579771e+00 3.240845872465811794e-01
3.289328556354981004e+00 5.034051693546704342e+00 2.656316731142904786e-01
2.585943800650170488e+00 5.031628118705915753e+00 1.432527390974698278e-01
2.711355332286423447e+00 4.587679496292015102e+00 1.267043209821139271e-02
3.097317360551675947e+00 5.269684424632092856e+00 3.210414928746434526e-01
2.778025398598678919e+00 4.602348907248330789e+00 1.523798898000627844e-02
2.825562970025073284e+00 5.214821075035555253e+00 1.654828260944469775e-01
2.507440384652488419e+00 5.269723618434964507e+00 3.434979551624675054e-01
3.482232864685885332e+00 4.958327626571467306e+00 3.094855676733985206e-01
3.166435813988162096e+00 4.920820047821703014e+00 3.058889219972815710e-01
3.039071537705819281e+00 5.476010609180946176e+00 1.764860691775105295e-02
3.286729838725070962e+00 5.040916631539420933e+00 1.284858190889721641e-01
3.299263196364190520e+00 4.864857447169258720e+00 3.292707668314580616e-01
3.022984543215773812e+00 5.283925771108979319e+00 2.266468033336970223e-01
2.727050092234311052e+00 4.932727982030733926e+00 2.107504498558903094e-01
2.994951653506410238e+00 4.869122214537410898e+00 2.564519924450880950e-01
3.302231656707437679e+00 4.539436957273840889e+00 2.402671754745924204e-01
3.933694696340790387e+00 4.994561418451864299e+00 7.011426543190424354e-03
3.709074679423498111e+00 4.505771873486867918e+00 1.610899789776567559e-01
4.363415686037303232e+00 4.733834226150262836e+00 3.171749286196803297e-01
4.112751064693608072e+00 4.994174316186425600e+00 2.089489500756034346e-01
4.270963868019826748e+00 5.440944252908714418e+00 5.191506664493417134e-02
3.598902535980498030e+00 5.434747156177202498e+00 2.574726312252550997e-01
4.213069577636694873e+00 4.637415125681812356e+00 3.638710652869523443e-01
3.853206854875333320e+00 4.529916707360698069e+00 2.789783309384201715e-01
4.096358638796953500e+00 5.443438849393524848e+00 1.312213364929100123e-01
3.750298130485809622e+00 5.304071622340380543e+00 1.886814841211617022e-01
4.449684233298583536e+00 4.523624511072981136e+00 1.979763918485595298e-01
4.200830399545907312e+00 5.178241071818250774e+00 1.523688247930543582e-02
3.806206525896882908e+00 5.185011418329620980e+00 2.454135127378691550e-01
3.844073104693153553e+00 4.950450746045092387e+00 1.851216025596986725e-01
4.026693815380394170e+00 5.307799886502166942e+00 3.595070742191577295e-01
3.718874572616700291e+00 5.280799017349160351e+00 3.375422996287813504e-01
4.198183596971450271e+00 4.608497343689521131e+00 1.187160959305977315e-01
3.999223743074859172e+00 4.522428159011541382e+00 4.623647881735841736e-01
3.872321017299622525e+00 5.495549648505697604e+00 4.549053004746959061e-01
5.255093289274809010e+00 5.334583687161940091e+00 4.992797668030508618e-01
4.678321268513624176e+00 4.755780289718854803e+00 1.304659699175587662e-01
4.660484250526698347e+00 4.913929838382003368e+00 4.904142047690793760e-01
5.232049328105107477e+00 4.757809594208495696e+00 1.463512250427712047e-02
5.340264219608714669e+00 4.782033424757660356e+00 4.977207563926686618e-01
5.094233173676915527e+00 4.819443198434154141e+00 9.605884492997418533e-02
4.794457485600007729e+00 4.975522958777045091e+00 2.802179903311934339e-01
5.107552681212114365e+00 5.401344685057043904e+00 2.699991216165624763e-01
4.641698186168035534e+00 5.075567928236269566e+00 4.766608351843544256e-01
5.341830614141127143e+00 4.745360599715098715e+00 2.175009180285929489e-01
4.984987278034775926e+00 5.288768027362792168e+00 1.889117019359218830e-01
4.505114932893363289e+00 5.205031935424775824e+00 4.050611810128810220e-01
5.323665795410397195e+00 4.614530105896188061e+00 1.657900108517118554e-02
5.439144544488392796e+00 4.789678319000207907e+00 4.101299374544122855e-01
4.960579624472565285e+00 5.206848430804418726e+00 1.618971144116585492e-01
4.926320949724118492e+00 4.994254877512338098e+00 3.969863225507541671e-01
4.957586898834950517e+00 4.622039430361208900e+00 1.949241897871640816e-01
6.338748057647634937e+00 4.581960647341777104e+00 1.788313866386079809e-01
5.876274647721412947e+00 5.285549338034218891e+00 4.141001595511131228e-01
5.513170358962177886e+00 5.139446616534090850e+00 7.464540140608200147e-02
6.054150441151094242e+00 4.781351998174002915e+00 1.468238339880354459e-01
5.806478190645952608e+00 5.318398706703403533e+00 3.656518239054484809e-01
5.644297346683480043e+00 5.348045294014251994e+00 1.698474797067284214e-01
6.223754454929721902e+00 5.297940377673064916e+00 4.074557584252591624e-01
6.317451015928591929e+00 4.955972369572524627e+00 1.877120538982630649e-01
5.928893913205705246e+00 5.022851772898683009e+00 1.901172649395483916e-01
6.129410656395961610e+00 5.220951819167865438e+00 3.267321009112844621e-01
6.422071910916070436e+00 4.801220911021140125e+00 5.176172417060698194e-03
6.106867027534374159e+00 4.897618041872155104e+00 3.804564107206296342e-01
5.539287857109249202e+00 4.982675058552553438e+00 3.427468741083394832e-02
5.634752198260844835e+00 4.555029649686989757e+00 2.489600049805638093e-01
6.261609653431939648e+00 5.051516121003590598e+00 1.648195448650042749e-01
6.290245376249064435e+00 4.771146962706904304e+00 2.051564185062026979e-01
6.253188216103058750e+00 4.692058364122903669e+00 1.497155972140387092e-01
6.487375563693962732e+00 5.456379303663752012e+00 2.732949555590700186e-01
6.738071331548326270e+00 4.857644664235436949e+00 3.799384907578797765e-01
6.969179701888865708e+00 5.049880855006046332e+00 4.275463882951058281e-01
7.116197187580919348e+00 4.723914341384528370e+00 2.935994530120957791e-01
6.766616309215873315e+00 4.883356524503721374e+00 3.568577197434628090e-01
6.915640793917139817e+00 5.478610098322164390e+00 3.776961997894616729e-01
6.957898337989490756e+00 4.742625088196476213e+00 8.114860224147513179e-02
6.680235822090136111e+00 5.106123346218758741e+00 3.981570112959413876e-01
6.937467725824884468e+00 4.769080311053265575e+00 4.281803268057764456e-01
7.011953774856674926e+00 5.317521329079465175e+00 2.756179147778983207e-01
7.282803328838571844e+00 5.376876664728104771e+00 2.176503269725547085e-01
6.850908432685356431e+00 4.643179134800639929e+00 3.028040237327527251e-01
6.801866164934239123e+00 5.225918292205697924e+00 3.543214705378900931e-01
7.245941944799668022e+00 4.746029342845886845e+00 1.964434217657728965e-01
7.158745557617061550e+00 5.204329272805059858e+00 4.158486459489516562e-01
7.010239433537879705e+00 5.408460884451109507e+00 4.843669490788897747e-01
7.001635912737334877e+00 5.299267253594248217e+00 3.790347398016464808e-01
6.856691344106163655e+00 5.327921506130095963e+00 6.970495671670029481e-02
6.807903928540675054e+00 4.543106212200241245e+00 1.652490425366046622e-01
6.598378436849056783e+00 5.296955245850368144e+00 2.668903968549329875e-02
7.253462526697045831e+00 5.123775506044790262e+00 2.395987220519586458e-01
-7.152415720668344967e+00 5.699290933498698308e+00 3.666272820191398552e-01
-6.856175692778355923e+00 6.010722597298297387e+00 1.443539743707233924e-01
-6.786507778202809149e+00 6.301762008797775039e+00 1.873113301340936232e-01
-7.269146241546946996e+00 5.678760510287133911e+00 2.940369709443793056e-01
-7.222961329343675629e+00 5.724065597163148666e+00 9.330477637166367799e-02
-6.764835162538360258e+00 6.294568669409486006e+00 3.071079637762430536e-02
-6.505155043821793548e+00 6.030641416520360565e+00 3.930712595296323997e-01
-6.931720065530202923e+00 5.902364261371660703e+00 3.817689252869218564e-01
-7.202681977417616288e+00 6.194449787180772660e+00 4.859264691713196527e-01
-7.494995676533374507e+00 6.444754887633061813e+00 1.542420109489093250e-01
-7.131657145078036386e+00 6.456096844824145364e+00 3.908926539497450392e-01
-6.538691926813920752e+00 5.825459479546740482e+00 4.028522753698116077e-01
-6.712226790252981523e+00 6.196110723648883933e+00 3.536891131662400767e-01
-6.654501746508135973e+00 6.060785437245179708e+00 1.067088131416440433e-01
-7.230101878311006480e+00 5.545142912673487245e+00 3.007548738380059206e-01
-6.963824818058717447e+00 5.671460812564168563e+00 1.785237581873264645e-01
-6.707743273726033628e+00 6.214543898926429222e+00 2.616230324239854355e-01
-7.446719048490757054e+00 5.899856606518747881e+00 6.847041577056245387e-02
-7.178387130684177997e+00 6.336140667170219842e+00 1.724208796913124786e-01
-7.240780735392106315e+00 5.560012857969251598e+00 3.124934338469813611e-01
-6.267590736968355003e+00 6.321356447506087051e+00 4.911933436126929564e-01
-5.799287485180601109e+00 6.405457993847706533e+00 8.267886190998474660e-02
-5.521285192421104604e+00 6.228782691332856558e+00 3.076573436423384322e-01
-6.405478316276619566e+00 6.477474954171064780e+00 2.848900969753724866e-01
-5.606049552582279105e+00 6.167843315114886593e+00 3.089764788130402451e-01
-6.115277400034986321e+00 5.879294821126279658e+00 1.598409784050112137e-01
-5.709168278952907016e+00 6.008330001859832237e+00 2.082764194410788861e-01
-5.507442830193117977e+00 5.862985813862307438e+00 1.403057897837456380e-01
-5.847833192138775615e+00 6.443840184704749063e+00 2.005780472636100598e-01
-6.011284553624810734e+00 5.826350199956667808e+00 2.045695565077636502e-01
-5.835336842408426428e+00 5.550944187259789331e+00 1.757089730347871637e-02
-5.658536355063322532e+00 6.008453368065840294e+00 5.364320069339889585e-02
-5.633916286003122664e+00 6.475376480371140886e+00 1.441866329371848110e-01
-6.343356900481969873e+00 5.870485794415166936e+00 4.494208218122679455e-01
-6.090641406986776474e+00 5.519002797259396687e+00 4.109885098825110106e-01
-6.347874631730054062e+00 5.713419806789474364e+00 2.698548933243500869e-01
-5.755299204660274448e+00 5.950890399559778388e+00 2.023634363785049572e-01
-6.493617564663098030e+00 5.716873016465248369e+00 4.978036657955389188e-01
-6.295034410467380326e+00 6.445515276383549264e+00 4.247182767125039504e-01
-5.878191641632525055e+00 5.601226411949742356e+00 1.866122554145341894e-01
-5.824380890658391152e+00 6.196664797294417326e+00 2.761670435697070047e-01
-6.302357480151237645e+00 5.838999411242273396e+00 4.637013719750093799e-02
-5.020529582001238111e+00 6.383009499451103963e+00 3.756026384106423421e-01
-5.112017073195295858e+00 5.886654206933311428e+00 2.672292516502121629e-01
-5.199112087893909440e+00 5.934851046165087851e+00 2.000527557227211872e-01
-5.119290626135708067e+00 6.229151218788704369e+00 6.866338262172000384e-02
-5.352474775271643281e+00 6.363187531487469073e+00 4.542528631649531690e-01
-5.176656312540888649e+00 5.614264139945721155e+00 3.301318753981004051e-01
-5.016580206468688630e+00 5.655998083046128500e+00 2.692952065372899995e-02
-4.594460678017262545e+00 6.010845597711950816e+00 9.568953300481375379e-02
-5.369153015920406169e+00 6.422837717764917187e+00 2.596741952471397497e-01
-5.315119113053023980e+00 6.483058354977401905e+00 2.690369358106430298e-01
-4.961896032895956488e+00 6.420168457522159144e+00 2.109071115672431773e-01
-4.653213850533937546e+00 6.155329099884891519e+00 4.465607779769467101e-01
-4.631251575737674209e+00 6.333436949306404884e+00 4.427785873694514152e-01
-4.551620735202650536e+00 6.312752055082611946e+00 4.666268805425772825e-01
-4.987589562173650570e+00 6.435187858226058211e+00 3.072259484822836839e-02
-4.528581968606580688e+00 5.970572421609009695e+00 1.726811770808378554e-01
-4.999471047713454297e+00 5.883941410373545011e+00 3.629184239247376098e-01
-4.571379177540080718e+00 5.526327517550155832e+00 4.428837550190340977e-01
-5.421293343997863445e+00 6.081433935011329339e+00 4.327243165058618501e-01
-4.416392729655528093e+00 5.666708091901885069e+00 1.332017501445506014e-01
-4.255736485394589153e+00 5.814211490390807313e+00 7.741438597479444184e-03
-4.341069377301397303e+00 5.865126295436486004e+00 2.707458073650848007e-02
-3.744139818379038864e+00 6.420195011478437408e+00 7.503692204204526206e-02
-4.439354825064710575e+00 6.470349129906477259e+00 4.794657981452790096e-01
-3.652846928874801780e+00 6.438274590580393308e+00 3.741622818933496575e-01
-3.531831366637678826e+00 5.543909061907253744e+00 4.825454492888727742e-01
-3.746081905592172134e+00 6.237762391744851698e+00 3.916473341318784662e-01
-4.137756767950212300e+00 6.024890820860608898e+00 6.558580862108875920e-02
-4.229908957897804633e+00 6.151857443405857495e+00 5.293969676696264060e-04
-3.953113046655729601e+00 6.122150269488873420e+00 1.959784121908167975e-01
-4.389788229489438365e+00 5.724853849602945743e+00 1.970401183920245103e-01
-4.193201930368903874e+00 5.906088714535002282e+00 3.412205065205249355e-01
-4.377702719595014891e+00 6.310516266935557894e+00 4.306558319885862574e-01
-4.274038310601157242e+00 5.739378057628410801e+00 8.409847135237491500e-02
-4.044518080914541791e+00 6.446222775839611785e+00 4.467341077031239394e-01
-3.971892035748723959e+00 5.617237657475040891e+00 1.238940644633466093e-01
-3.733531560244318204e+00 6.482110637888350624e+00 2.212965123380534749e-01
-3.775164242237208256e+00 5.630617209128589096e+00 2.415406363261531908e-01
-3.567854139887105536e+00 5.610859502442421487e+00 1.659545295337849780e-03
-3.656145704766903481e+00 5.845105262133733603e+00 4.085229445654636748e-01
-3.145588935875825776e+00 6.419560454876785727e+00 2.554883625919543988e-01
-2.979262507846476282e+00 6.129743363959839542e+00 2.170472914385488394e-01
-3.047619001307474207e+00 5.521163380748028260e+00 3.729066914026937241e-01
-3.303558930674529215e+00 6.453087333150445914e+00 3.970138616274159205e-01
-2.617286649913759256e+00 6.488869374268777079e+00 3.525694616696029016e-01
-3.000169763458227834e+00 5.663440228086713546e+00 4.885104102784580959e-01
-2.548888183308031685e+00 5.910170941010949974e+00 2.969889839613610860e-01
-3.018061970676761518e+00 6.081522494359528963e+00 2.655973342294153383e-01
-2.923996358230073866e+00 5.874268668052296860e+00 4.250677641563171960e-01
-2.964344932517098741e+00 5.910401891204442038e+00 3.038029507017849795e-01
-2.553333305604553516e+00 5.927000523355612671e+00 3.979122056396384721e-01
-3.153503394225882772e+00 5.678225262627869085e+00 8.969615489442617218e-02
-3.459905448007027928e+00 5.523739324532890294e+00 2.922263871194239471e-01
-2.902669606829606508e+00 6.332399479725062008e+00 4.331342100273207762e-01
-3.237246108927195110e+00 6.408957850148492952e+00 7.684477348878182568e-02
-3.120234464247911177e+00 6.416394321037032000e+00 2.956647634109721423e-02
-2.800269109242062626e+00 6.135824349131592470e+00 2.022289191026125366e-01
-3.054408843553521713e+00 5.590551254801113146e+00 3.126679468113700011e-01
-2.517375898095771447e+00 5.514471935447268436e+00 2.538564536135545779e-02
-2.771407305244531827e+00 5.888471795018237032e+00 5.447986212130828676e-02
-2.950623565064312004e+00 5.577475996417668114e+00 4.600154881568148113e-01
-3.207278301830681855e+00 5.877713770126781867e+00 8.396768303419932522e-02
-3.460255569211145854e+00 6.221358217378295308e+00 2.602687767367548588e-01
-1.580112652415505359e+00 6.199995047542804727e+00 8.132027859197599184e-02
-2.076172181224615443e+00 6.429361410621467599e+00 2.005605408265864753e-02
-2.499742376909469321e+00 5.646969258254896928e+00 3.094610219304865240e-01
-1.652283915870697228e+00 6.240227179095249710e+00 4.824184977268295427e-01
-1.527337027423487648e+00 6.291100866251259305e+00 1.921270705630639952e-01
-1.559587847447701847e+00 5.772826925248665475e+00 7.978632166414989513e-02
-1.891984610042180215e+00 5.771932180823947434e+00 1.738540649989293030e-01
-2.373438123139646194e+00 5.685889621197304677e+00 3.615341854863807214e-01
-2.446765977021286176e+00 5.906443780524782028e+00 4.946199048171404655e-01
-2.255572471799245804e+00 6.012783123060881252e+00 3.717158766755801480e-02
-2.488885520512771343e+00 6.355872648279426329e+00 1.325486718239332617e-02
-1.696092528101130981e+00 6.379174683481295460e+00 2.576897623901235335e-01
-1.801218203138310159e+00 6.108504647533955279e+00 2.622623338777430035e-02
-1.658734344689289486e+00 6.497492692201205955e+00 4.358169339259401198e-01
-1.885047158839435077e+00 5.544697937778746422e+00 3.351884886348290848e-01
-2.387148660898911423e+00 5.895895629522531323e+00 2.212458959699574734e-01
-2.300119305378622414e+00 5.517036343816952737e+00 1.533671853199578550e-01
-2.358572398412434268e+00 6.439792603431598650e+00 1.338069448437213538e-01
-1.838478138886360469e+00 6.012591535477550764e+00 1.232201637731602517e-01
-1.629508282057988033e+00 6.076188267334925897e+00 2.831826868578950496e-01
-1.232028233547138640e+00 6.158147531900345584e+00 4.312990191454186828e-01
-6.166943789522356667e-01 6.164415419164054555e+00 2.561398621570027956e-01
-1.089669157658192056e+00 5.720618304395244991e+00 4.635785844306354875e-01
-5.239402963691226489e-01 6.042459284594400515e+00 2.948513114792206125e-02
-5.782969203482197784e-01 6.076012946039984541e+00 3.218933935102636923e-01
-1.148839702711008215e+00 5.836880876313829347e+00 3.411912428886765269e-01
-6.026724846481803510e-01 5.978800468575162341e+00 1.936015761761922249e-01
-1.353157822123884912e+00 6.293775464434350653e+00 4.413489789231324067e-01
-1.167552834438707166e+00 6.130248397836236762e+00 3.436314570374356947e-01
-8.376805308909673897e-01 5.538722982142722628e+00 1.835469977141723774e-01
-5.587127970335892257e-01 6.093994619040483229e+00 4.574181908616630210e-01
-7.920424268931851586e-01 5.898204715325018554e+00 4.647394138266065511e-01
-1.003774847968722739e+00 5.766398054262221962e+00 3.966069195198507202e-01
-1.226303556364202407e+00 6.475628889399706267e+00 1.607012737225126386e-01
-1.020870969933172390e+00 6.028437242692881171e+00 4.399102268108752156e-01
-8.603694247896305214e-01 6.341304132659356441e+00 1.056057852493061944e-01
-6.280384143986186274e-01 5.519875959966018542e+00 3.448016349179869877e-01
-1.121378514094686807e+00 6.428534344372028642e+00 1.351084144941410159e-01
-9.630690886097390546e-01 6.096125023690689204e+00 2.718422133073676861e-01
-9.241950914412067064e-01 6.089165217619875392e+00 4.401256883140405307e-01
-9.491759929025187503e-01 5.902819036087956661e+00 3.066448643647028405e-01
-9.940393606387267766e-01 6.309815649086624845e+00 1.678564322497191341e-01
-7.919931818499312826e-01 5.579659439087803818e+00 1.665905118269730423e-01
-9.023178513358018904e-01 6.001375437010661784e+00 4.512324066604431749e-01
-9.363789761853968940e-02 6.277847099331706815e+00 1.204873388839349246e-01
4.632703595582103873e-01 5.699091281732073355e+00 5.626297331050622574e-02
9.683531140012036076e-02 6.460568318207659644e+00 4.202459493538235336e-01
9.891269374721378682e-02 5.934234822935726683e+00 3.462895653038327026e-01
9.031946546753566452e-02 6.038337944333857621e+00 2.600232857125437391e-01
4.251190048237285524e-01 6.360345028245575350e+00 7.019097729463297242e-03
6.455653235591896077e-02 6.263943872132845314e+00 2.076028488348153900e-01
-1.098076698138417129e-01 6.286380277805417194e+00 4.688235319985150085e-01
1.389802633673786758e-01 5.569872154439060807e+00 1.978607170442909791e-01
3.031300300855077623e-01 6.238542285408211541e+00 1.329491636515527375e-01
-1.802832801951259611e-01 5.798005778798396292e+00 2.068194108317360502e-01
-1.031237869248569083e-01 5.771481553475290127e+00 1.036024742859176229e-01
-3.115841572758801803e-01 5.524230881878452237e+00 6.111232391111265372e-02
2.364783667738379336e-02 6.098465363241293957e+00 3.600772543051604657e-01
-3.429168073158246344e-01 5.895945848408414847e+00 1.302870083722851291e-02
-3.370833496544767272e-01 5.524388077305113498e+00 3.491530232403210476e-01
-3.973588066627344872e-01 5.706070114990826170e+00 4.416409043078797225e-01
2.623005803530746860e-01 5.943997945670258076e+00 3.198769187155949822e-01
5.145720276279224237e-01 5.771059472103550192e+00 1.175576328453455943e-01
1.068670706253467273e+00 6.476696464379831042e+00 4.194545573477732603e-01
7.816570624460688066e-01 5.665209557774931071e+00 2.351372700492397882e-01
6.148188108944232511e-01 5.698165565882906236e+00 2.342052105378211735e-01
5.541580976852600315e-01 5.539892142387847329e+00 1.525250746407600388e-01
1.364338255900864993e+00 5.550135620191415597e+00 1.341311075393747387e-01
9.055653564392613930e-01 5.738385647660983579e+00 4.120349661833166977e-01
5.183346683903238272e-01 6.312871224193273179e+00 4.799957883022756278e-01
5.073606099465504116e-01 6.413485822347205101e+00 4.118839542715218016e-01
7.643691529121863226e-01 5.650349625659153219e+00 4.706435572831608738e-01
1.162408123889232314e+00 5.935993511123108135e+00 3.795851123402016469e-02
1.004046056894168260e+00 6.389050113177688672e+00 4.057608842247120151e-01
1.401473309530352651e+00 5.873369267542322802e+00 4.028806156445288167e-01
1.443441668038662584e+00 5.658835338276389848e+00 4.583301934662742383e-02
9.855789285857419202e-01 6.166635233453675369e+00 4.493928003261835613e-01
1.452755887508679677e+00 6.104313686653149773e+00 1.329853894837551564e-01
1.412267808822232240e+00 6.077195757915561103e+00 3.765646443895498408e-02
8.152226878390802511e-01 6.389886279942921021e+00 4.485600507568179296e-01
9.558790749364316497e-01 6.114858379172057212e+00 4.646551645966177091e-01
1.217247559995564998e+00 6.160150385906881354e+00 4.889732357361289417e-01
8.465250340419299135e-01 6.391454603744143981e+00 4.434731701183221020e-01
2.136548267779454946e+00 5.504043629350229949e+00 1.663961610044051298e-01
1.551934487919652383e+00 5.740521832588925122e+00 2.979393154113960662e-01
1.649522248929519819e+00 5.942063106778029180e+00 3.590959995213811595e-01
2.244678012753070107e+00 6.262136964361374680e+00 3.004989475089558937e-02
2.112770119082028941e+00 6.001623434644605126e+00 4.495426425895789890e-01
1.697976435063701217e+00 5.718125130762318875e+00 3.808251773784157024e-01
2.007313791820633853e+00 6.089263225398990897e+00 2.429213471458808726e-01
1.542781859207472905e+00 5.684751967941066297e+00 4.089999889860340687e-01
1.746233190248901224e+00 6.151460932228047795e+00 2.237107118032888309e-01
2.179915398040972008e+00 6.408376962562492452e+00 6.921131641000322077e-02
2.151820968178121518e+00 5.690188959927443335e+00 8.913900365053883945e-02
2.158887890547756427e+00 5.936219417045354163e+00 3.633800054794882328e-01
1.554185928297599162e+00 5.509280588594890560e+00 2.226090376217921829e-01
1.756427140004035437e+00 6.230807921370576707e+00 4.439227493751829456e-01
1.819061097956209849e+00 6.047505401923192636e+00 1.349580376196701792e-01
2.122188693874681675e+00 6.309149930173617804e+00 4.348122459305052701e-01
2.302614547938926393e+00 6.059669165417837178e+00 4.266666159880418974e-01
1.664699093161191357e+00 6.041999032622836552e+00 4.393414086430293963e-01
2.324963818335934462e+00 5.775517110437910162e+00 3.886136560439918952e-01
3.081186472890806272e+00 6.425917665437847148e+00 3.395593782936501270e-02
3.047979884242428383e+00 6.205263317568446624e+00 2.387014269276797052e-01
2.693734079518016244e+00 6.470466752541049971e+00 3.133678672585542557e-01
2.812949875748499196e+00 5.623890392395118454e+00 1.705838933344061559e-02
2.861866673722412102e+00 5.689575801426112633e+00 4.318123865624716728e-01
3.212964993848625994e+00 6.348481562414194812e+00 2.941987885340520137e-01
3.383805131311010683e+00 6.410115232952941611e+00 4.003062419387877213e-01
3.340054547775425320e+00 6.444027127944378819e+00 4.038668450407101318e-01
3.486436992030874649e+00 6.228170547006573798e+00 4.236899745727669142e-01
3.176562946178474789e+00 5.748343944314997955e+00 3.143646344664645653e-01
2.519925411331364273e+00 6.494071071494781577e+00 1.332228544450444474e-01
3.369449189480970830e+00 6.099201227097911016e+00 4.498572407546497232e-01
3.038225696388769492e+00 5.832733447281725603e+00 3.435511829631821001e-02
2.717287236204805723e+00 5.825765951837560408e+00 6.631875523679120477e-02
3.352142586677643976e+00 6.381796652907063105e+00 4.243647185412537937e-01
3.690937220597540147e+00 6.323037128594553025e+00 1.173058333171166367e-01
4.085214723935528980e+00 6.442499361993405671e+00 4.534009629917790107e-03
3.907656955332178939e+00 5.872677952739362439e+00 4.131628693172899602e-01
3.917478331217136400e+00 6.057489948786557221e+00 1.485154258427900942e-01
3.883660987289619726e+00 6.420369897822016725e+00 1.666806790040631370e-01
3.563609682424335290e+00 6.167545524238823518e+00 3.007604764969862288e-01
3.825911557700376164e+00 6.214917222209754399e+00 4.951255643187568722e-01
3.904196504049313177e+00 5.602185415705637439e+00 2.284505950130721885e-01
3.757636861035663856e+00 5.631562180293418152e+00 4.558452920847066991e-02
3.955724875230119508e+00 5.731713348717240919e+00 4.766119765561498411e-01
3.705541017186035901e+00 5.950561331655592312e+00 3.249694126738589262e-03
3.870413309811658209e+00 5.816222843118136865e+00 2.086022653684356243e-01
3.545519120549053937e+00 5.846907374451152606e+00 2.592224234950464279e-01
3.987909095062974529e+00 6.499174793797873662e+00 2.475997259687936491e-01
3.870378036645092834e+00 6.169870765898419762e+00 4.140907255506203200e-01
4.481268270374554774e+00 6.178990977203769219e+00 2.412997671034808889e-01
4.042824078865203674e+00 6.030224624555474477e+00 2.947876215782336828e-01
3.599503578771537704e+00 5.897897645925828769e+00 2.339690304129486975e-01
4.497344893992963222e+00 5.869452132960930157e+00 3.294630378953300465e-02
3.884796511839219590e+00 6.006503329431485128e+00 1.972869549812994450e-01
3.886327717655252201e+00 6.321682270718504526e+00 3.830761986124269214e-01
4.486225198143063864e+00 6.408747078687810017e+00 4.012210575000096924e-01
5.065209939254531335e+00 5.883594100972196372e+00 3.024566759345876932e-01
4.504043342580303033e+00 6.497651472228328728e+00 1.658358509522184221e-01
4.916559295637009441e+00 6.363464372478874864e+00 3.757901396471936550e-01
5.144364930457923535e+00 6.219103351145680136e+00 3.858871973270474598e-01
4.950169916535900327e+00 5.947298038988360958e+00 4.122549750657285017e-01
4.785311886486145028e+00 6.273823001489375883e+00 1.672764113505103012e-01
4.988138304509028842e+00 5.781200889005067012e+00 9.024434180302520758e-03
5.027802761626858796e+00 6.147181298524387216e+00 1.471303449832852550e-01
4.903310569239659245e+00 6.375497510259307887e+00 3.814101120246480292e-01
4.728402876103249497e+00 5.947224336906973718e+00 1.499349727481362748e-01
5.146882670617586086e+00 5.705515882613394041e+00 4.508765834071546408e-01
4.535946567883549108e+00 6.343310800369707181e+00 1.043553465935058711e-01
4.714934418041796249e+00 5.614212538243858575e+00 4.221217387043640912e-01
4.608033883382166351e+00 6.459905666439205163e+00 4.203863412868802385e-01
4.821135696388008540e+00 6.125899268657175156e+00 1.495579224277783226e-01
4.656526718313923396e+00 5.922188631067456299e+00 2.062916482071379676e-01
5.202819347983588472e+00 5.556308909795506068e+00 3.315945527379682289e-03
5.422516693261645315e+00 5.859410724239225488e+00 3.161727492273183060e-01
4.846263877895605532e+00 5.946506657990017430e+00 1.987415646794232771e-01
4.542272545090177971e+00 5.666754896273527464e+00 6.535321400528815161e-03
4.785492670221174194e+00 5.503637578848778134e+00 2.045491716449543418e-01
4.648314763236253810e+00 5.577165051373256688e+00 8.271221756004543124e-02
4.552508258327682356e+00 6.454299395461204014e+00 9.364456293153011757e-02
4.826877396969788236e+00 5.911570844693780913e+00 1.508971037204336341e-01
5.358178002988758237e+00 6.194379081558626154e+00 1.254573226853512580e-01
4.933704815404976074e+00 5.903481729371254261e+00 3.040603185764361172e-01
4.559834074379462976e+00 6.060014871905925915e+00 4.890089071166840995e-01
6.348051852184484645e+00 6.345952409796538518e+00 3.007546169642907330e-01
5.883043935521193646e+00 6.230397537380699902e+00 8.738531060175525056e-02
5.562151490489455341e+00 6.418350209721484845e+00 1.045548083206693235e-01
6.378521154765508072e+00 6.241507687871216348e+00 4.581473739751427132e-01
5.569322340821170059e+00 5.526141899935730351e+00 1.759817334913549303e-01
5.836973790816252006e+00 5.563163208837586637e+00 7.137830040573334145e-02
5.918578735183375628e+00 6.315361349064117391e+00 3.680903026132931188e-01
5.951648099694466509e+00 5.635082452369264416e+00 1.547996909632498586e-01
5.865286167729040656e+00 6.379277338271009512e+00 2.021955442272798109e-01
5.593536431540531595e+00 5.710858616854208591e+00 9.349263912952210376e-04
6.128954730037616372e+00 5.608538106929323419e+00 3.544281442217940281e-01
6.279483952750025466e+00 6.148155481237125741e+00 1.038857125939696147e-01
6.273662392700149582e+00 5.517695124967485043e+00 3.109053929966343333e-02
6.326184153431428925e+00 5.919856453925739004e+00 2.613472228825521881e-01
5.679549104769632706e+00 5.557982429613119280e+00 3.615904067321817905e-01
5.563091432452344165e+00 6.041923694677574730e+00 1.130685654481471403e-01
5.974206938167341718e+00 6.397486868893736300e+00 1.092596240957970366e-01
6.025664316046764668e+00 6.117257181229884822e+00 4.105010779837687807e-01
6.972755716983744634e+00 5.712384727424073105e+00 4.758346694168800184e-01
7.249693611063172227e+00 6.024652506526100737e+00 4.275755406431969163e-01
6.887809753621843001e+00 6.326085087583209088e+00 2.297491150917174707e-02
6.809027204959310353e+00 5.726278429409710213e+00 1.889191387277406875e-01
7.164178428525630693e+00 6.222031571162347063e+00 1.408730325816698326e-02
7.019055832700242803e+00 6.082366699976532232e+00 1.967274337710041010e-01
7.167990207483978082e+00 5.842374972677637501e+00 1.083105840761042771e-01
7.454841010044498617e+00 5.587500928831619973e+00 2.544066978890118236e-01
6.578432122940277793e+00 6.448219690693113293e+00 2.080445960350161272e-01
7.162185335307270861e+00 6.284451029748527873e+00 4.552754027494820832e-01
6.839072026523396630e+00 6.175110033125138287e+00 1.467966972906680212e-01
7.407571981931349470e+00 5.926243682996933160e+00 4.110430487168823532e-01
6.779995633566620938e+00 6.415541778271506956e+00 2.172287853776708744e-01
6.700693714251542588e+00 5.984916264681789499e+00 2.812523187580460160e-01
7.011957269973365214e+00 5.745817275014225345e+00 1.929875183939735450e-01
6.823355140943505148e+00 6.034600150048202494e+00 1.697923913618062386e-01
-6.657593058514450490e+00 7.091475109493671880e+00 9.090208978916614058e-02
-6.527050633427245785e+00 6.504407935023195364e+00 2.031966142282719545e-01
-6.568328065126613602e+00 7.463856680295714696e+00 2.224770238456947880e-01
-7.132718490996468041e+00 7.332525216220268760e+00 2.475707801144348963e-01
-6.761923715882302233e+00 7.382695516753877030e+00 1.917264413772201692e-01
-7.311854757987164888e+00 6.623874559800910333e+00 4.313685388641275154e-01
-7.004349602440099076e+00 6.825768242586981671e+00 3.257985241157861367e-01
-6.878274318427489042e+00 6.826997305350744227e+00 4.148812749750199202e-01
-7.250098652629946905e+00 7.037521351355817245e+00 9.459514220135467610e-02
-7.123424983123941345e+00 7.441899734965303992e+00 1.450424359481345959e-01
-7.375475248439769871e+00 7.194058344133006599e+00 1.423444778523688115e-01
-6.662191435387912364e+00 7.093331034098270038e+00 3.676904558527560596e-02
-7.384212317030387496e+00 7.095090024415453556e+00 2.932372635759055157e-01
-7.068543420711237424e+00 6.938008903019568407e+00 3.857661634937059603e-02
-7.249227456119563762e+00 6.757320051326161092e+00 2.825109895801052318e-01
-6.792490868281455541e+00 7.119142570341718823e+00 3.145538936606087077e-01
-6.552995942984820132e+00 7.132121389153260438e+00 4.692719715236126632e-01
-7.389659322508623340e+00 6.687403999961425427e+00 7.459870895385201095e-02
-7.260077271955950984e+00 6.804229192825875572e+00 3.982786687961645811e-01
-6.662318089915110875e+00 7.097819085155677499e+00 3.625065032102465779e-01
-7.396735096179414271e+00 6.782840937768677136e+00 3.326637553196327701e-01
-7.113394685340005630e+00 6.753816341783057453e+00 2.601564052393765536e-01
-6.686082043536477393e+00 7.392256668667197772e+00 2.401663731725847128e-01
-6.298377394543261509e+00 7.146797812559253060e+00 4.315228085523319379e-01
-5.646543459413330801e+00 6.954852838605068754e+00 2.051298078676833114e-01
-5.842259304232924499e+00 6.684966054352432963e+00 2.291099459248204795e-01
-5.679670725043473922e+00 7.317489636346008908e+00 2.953251193292132371e-01
-5.944960697032245278e+00 7.125101823018823666e+00 3.087687268673526830e-01
-5.645529161764203607e+00 7.176650167747066433e+00 6.878753896291556202e-02
-5.558231526111887533e+00 6.868075080191161419e+00 2.724054911908044829e-01
-6.033115229720547923e+00 6.650804647731618502e+00 4.220681608097596182e-01
-6.044447255696784538e+00 6.887639657850829877e+00 2.150076537001588406e-02
-6.014080941489735821e+00 7.179492086666714457e+00 4.246507013396847441e-01
-6.352784345396246479e+00 7.020262952344305418e+00 8.632800558878983566e-02
-5.547327087048642191e+00 7.165677666022668646e+00 2.074731128077225151e-01
-6.144363142011769696e+00 6.919895462953245868e+00 5.164633570495702486e-02
-4.962575449496677393e+00 6.971111277961792752e+00 1.965167963971001797e-01
-4.920692757759847602e+00 6.566017989605889227e+00 3.798043628807779015e-01
-4.976838207369588041e+00 6.660247320921683922e+00 8.851682488197454290e-02
-4.804836328956938019e+00 7.047347291781836276e+00 1.864846491283831398e-01
-4.783425949166957736e+00 7.012771054707201301e+00 4.303919135039322441e-01
-4.667987772730814555e+00 7.215550625237781901e+00 1.921999130064211414e-01
-5.024705910182656332e+00 6.834902580936715211e+00 4.323878331169481726e-01
-4.503257365317916872e+00 6.649158399330428182e+00 4.806124623132514984e-01
-5.403690349536077520e+00 6.574979338241545790e+00 1.760063141094541095e-01
-5.382606459392609288e+00 7.243110844896044398e+00 4.019756988329525882e-02
-4.810537901311230158e+00 7.115673692777154002e+00 1.332095920250733201e-01
-5.107616027760032651e+00 6.501379826498528303e+00 1.930685470846178475e-01
-4.919839569321816874e+00 7.354871938221531735e+00 1.571828678545283964e-01
-5.335717836112868540e+00 7.114406956603509968e+00 1.247852259296120536e-01
-5.050547367372788976e+00 7.487608053775371530e+00 3.702988441795618257e-01
-3.840863559197449817e+00 7.442442883167984746e+00 1.900311310513860263e-01
-3.979636705244236072e+00 7.074096407126731378e+00 1.478671486838720739e-01
-3.852112259673242889e+00 7.182811087171884878e+00 4.476638235797221199e-01
-3.504379259334168939e+00 7.025279914979051910e+00 4.738497524288689533e-01
-4.369161704866473706e+00 7.129590282412285873e+00 3.580129942411964805e-01
-4.334583038547605405e+00 7.305453512886664669e+00 4.081091966248493463e-01
-3.725508476191826457e+00 7.369626709223535244e+00 7.407367360454131244e-02
-3.500746891162639152e+00 6.996900045609375951e+00 3.368853795663664386e-01
-4.096087445690860918e+00 7.170112256824221930e+00 2.720706405737445266e-01
-4.021542852244072819e+00 7.005287131841889448e+00 1.842072493241886377e-01
-4.093512156854399286e+00 7.387510785844117578e+00 4.466367004200044732e-02
-4.363022128326663029e+00 7.366942422765031750e+00 2.910441115761130959e-02
-3.900332704666538586e+00 7.242617386594023543e+00 2.433932900573179126e-01
-3.710603198656023061e+00 7.038435616385378069e+00 3.548325098886788709e-01
-3.696344520451371629e+00 6.619065165421655905e+00 1.033620335948093327e-02
-4.361354511647954624e+00 6.870033960738865630e+00 1.528001253187980524e-01
-4.104198422485827891e+00 7.158640634974265282e+00 3.584572333269377964e-01
-3.652430574355787662e+00 7.482374483524349529e+00 6.343314564780300202e-02
-4.034444783363359655e+00 6.756390064453100308e+00 1.130149160814859499e-01
-3.777202668381772099e+00 6.684517528466532355e+00 4.361824899414692425e-01
-4.027576344203474434e+00 6.574361269770530924e+00 1.703077119337930156e-01
-4.089302245828193350e+00 6.861556048030031718e+00 7.759395380076128390e-02
-2.860171861594054121e+00 6.782266735215763731e+00 2.545182436708337548e-02
-2.523711093582852172e+00 7.309831585512782226e+00 1.502531689361230605e-01
-3.001167952395849881e+00 6.569477269201183134e+00 2.423281065591282868e-01
-3.243110463642471686e+00 6.692234819275526547e+00 8.500264727608453086e-02
-2.778234632518175928e+00 7.485087205015020118e+00 4.020394075093829400e-01
-2.715600308359631399e+00 7.279451891355996906e+00 2.750247680927468963e-01
-3.168527376747343638e+00 6.777354961223718277e+00 4.027780214850444906e-01
-3.324108684815270998e+00 7.249917988943259672e+00 2.807253575889490094e-01
-2.547482070808941401e+00 7.029145107626973754e+00 5.174457368895346576e-02
-2.827470261511749072e+00 6.838538585026686434e+00 5.347572947212064776e-02
-2.712539934986817336e+00 6.830763329377404602e+00 4.000940222854119099e-01
-2.614982793419049045e+00 7.481626470426842701e+00 1.548526189916756834e-01
-3.182248300856359791e+00 6.663075784897371179e+00 2.667071260919620102e-01
-2.898452367969714061e+00 7.061838961309106821e+00 2.668546706348795539e-01
-3.057609749112045527e+00 7.225628341014814993e+00 4.207289532977274149e-01
-3.052374704638227243e+00 6.532325698756658028e+00 3.900607493277128413e-01
-1.928589149040409012e+00 7.273647720960930485e+00 1.863692672834886821e-01
-1.759171152569010133e+00 7.415341562681817322e+00 4.856327855448121511e-01
-1.962112306487775903e+00 7.009253398332884188e+00 3.980046780718495825e-01
-2.410916044971954442e+00 7.323751507214922185e+00 2.841344794621303294e-01
-1.922342247521303449e+00 7.332433672722631357e+00 2.997353596938925335e-01
-1.717553509354295294e+00 6.545176744448930606e+00 2.521920678065647792e-02
-1.518521489024493576e+00 7.293928150027703339e+00 1.798972332493793402e-01
-2.245638813769160080e+00 7.444467890000645127e+00 4.556501095389364764e-02
-1.705144385445129807e+00 7.285256736105077735e+00 1.293028110176752676e-01
-2.084337886455031708e+00 6.615756139319808327e+00 1.411578578100520787e-01
-1.950050198509206467e+00 7.444687757516820881e+00 3.963655068699143413e-01
-1.700609203266721714e+00 7.496975372475439769e+00 8.304516909859849250e-02
-1.611155117089980493e+00 7.050551414785475757e+00 7.818615728416311583e-02
-1.752177518797975786e+00 6.846725509978519142e+00 2.762200200740210221e-01
-1.634420854172287108e+00 7.137325836295389081e+00 1.678813622133485950e-01
-1.946648428046880319e+00 6.586591680657230441e+00 4.753461099510349896e-01
-1.615354843640108840e+00 6.830203799462470471e+00 7.559667233483224891e-04
-2.360551275172873886e+00 6.910405648887113728e+00 5.110311443652193475e-02
-1.859092385087559585e+00 6.994728921871329774e+00 4.512872855910252667e-01
-1.798545281403574947e+00 6.807192086517428464e+00 7.706486395761835695e-02
-2.482132320823088101e+00 6.725268781551045905e+00 2.255599228242637366e-01
-2.106664408932047650e+00 6.626974703647359632e+00 3.466918493720640981e-01
-7.911778305567667147e-01 7.073769680106966717e+00 1.125739089408401838e-01
-1.118414782034006016e+00 6.720687040196539286e+00 4.560647185755453137e-01
-7.391015632832367288e-01 7.072325164072605475e+00 1.909581344999864427e-01
-6.589580306981002167e-01 6.668681462340993349e+00 3.752126974984584251e-01
-1.193546246188422089e+00 7.189064008777279469e+00 1.588761043178692489e-01
-7.259169446400655090e-01 7.284064011407938466e+00 8.566019634697674690e-02
-1.479565122301896629e+00 6.792892636358718761e+00 9.744990054018209946e-02
-8.510250470365994246e-01 7.120412256490467939e+00 3.511192154753484118e-01
-1.392036224842090775e+00 7.056371263298697016e+00 1.763444713906920924e-01
-6.793876594471370822e-01 6.612275918346927739e+00 3.045974450924973098e-01
-1.125649006644148464e+00 7.245825032336984606e+00 2.471966987995521947e-02
-5.498763944193250097e-01 7.304218525806179585e+00 4.737181030301034212e-01
-1.212577770506923613e+00 6.980452944607774768e+00 2.124426802733676567e-01
-7.542162843552926432e-01 7.323906766204965280e+00 3.396502095049509506e-01
-1.296930213145011557e+00 6.961197891644427926e+00 1.906662782295960312e-01
-8.233970475026479718e-01 6.569845582897865910e+00 1.662137320374554861e-01
-1.104042844908828869e+00 6.920557500806046036e+00 4.414419772691111632e-01
-1.440507949110002350e+00 6.875203603119969031e+00 4.816291596491719673e-01
3.409380352326518704e-02 7.339308896197033860e+00 3.674296091314150914e-01
-4.892508097105174869e-02 7.335057619295099585e+00 4.673592278161358138e-01
-3.950558992836166183e-01 6.952256211529315166e+00 2.763347453815949706e-01
3.734383021085294629e-01 7.095241542622478192e+00 3.125627206998995433e-01
1.280963608094385364e-01 7.346137320670928617e+00 3.345056840908178231e-01
-1.034527208614965943e-01 6.612608023422763992e+00 2.510103142126833831e-01
-1.123250551731906910e-01 7.142095873259769689e+00 9.133812024145271380e-02
1.952181272269983836e-01 7.467277682977684350e+00 3.964495733201189864e-02
-1.115972082365717100e-01 7.372433267156626613e+00 5.368122856691925904e-02
-1.193947183059380635e-01 7.433348008153929598e+00 1.593787284567760310e-02
-8.280036454103090193e-02 7.375561569460083788e+00 5.563512632540756897e-02
3.820722116060020213e-01 7.025870386289511771e+00 2.969963277508149702e-01
1.589911762292244291e-01 6.927329969310893176e+00 2.358728269895706831e-01
-4.242620888134496226e-01 6.780463231219339804e+00 1.627219565046083005e-01
2.065555105780765288e-01 6.991868569012639867e+00 2.226994236817070316e-01
6.272567881792667777e-02 6.688284714704611389e+00 1.096927030048249208e-01
2.572322134919007297e-01 6.694681085654995201e+00 3.962572429413064867e-01
2.344003957825622209e-01 6.576319035370678634e+00 2.347523260731776418e-01
4.532966731965242246e-01 7.220574081275135114e+00 1.786265525651593578e-01
-2.314616933786854958e-01 7.239810092046921497e+00 1.777096839863467892e-01
1.783616037173842983e-01 6.664027633997388733e+00 4.137879122077361416e-01
7.701863754493736280e-01 7.468469536530083275e+00 3.924890750024445651e-01
1.259011212356256237e+00 6.645372193360437052e+00 4.383373020450846980e-01
1.469576703452109001e+00 7.240074362329689706e+00 4.574134911179950080e-01
1.428089213556150483e+00 7.423297503207290760e+00 4.316378707205466014e-01
1.149750806634827427e+00 6.622187327467823792e+00 5.901376580052186682e-02
1.499610183277235720e+00 6.525301067875222572e+00 4.453354655025396625e-01
9.579095819860832250e-01 6.693971597049831246e+00 2.590227455955513847e-01
5.929723490125731189e-01 6.901583973830772933e+00 2.080461665584181219e-01
5.245443961781912634e-01 6.637572425518840191e+00 7.694791676471268715e-02
8.750770860892806979e-01 7.336360177906220414e+00 2.748229049998620610e-01
9.528477572997307021e-01 6.885069963716217600e+00 4.477543649453252783e-02
6.105793135371690994e-01 6.724438795696670468e+00 4.906244487182007674e-01
1.177563603414590432e+00 6.524205763946397951e+00 1.607534314562997224e-02
8.592421439328354893e-01 6.794347573765104897e+00 2.565869791601294025e-02
1.243903575546980278e+00 7.314034870343032679e+00 3.271377627152798340e-01
1.253579932798544405e+00 6.671641942591055141e+00 2.398992347436230688e-01
1.072431790370876215e+00 6.978793157234861155e+00 4.495955125473969360e-01
1.424477442239778568e+00 7.132391277362000181e+00 7.181935763529700978e-02
1.432154075986780128e+00 7.286483018143913526e+00 4.869464339363940297e-01
8.351218031867393421e-01 6.822001084047069952e+00 2.079620071337373588e-02
1.419106598448546919e+00 6.555071399003772115e+00 1.347768995013254312e-01
5.132862552857879734e-01 6.953305594626970176e+00 3.005860578476315936e-01
5.538828085134834822e-01 6.605338831464676375e+00 2.814646386785319976e-01
1.596081030892207764e+00 6.540041245252400159e+00 1.560634330603960507e-01
2.387594585925862489e+00 6.536040306480927597e+00 3.484073865933527969e-01
2.295151202405520507e+00 7.326396883148859729e+00 3.943881644146856047e-01
1.909407708582032015e+00 6.915759778567743155e+00 8.788170412284301847e-02
2.181092615915385835e+00 7.132975892941264107e+00 4.989958310024711352e-02
1.741048032075365626e+00 6.539505773861474580e+00 2.928245929036048523e-01
1.624367219805225915e+00 6.967373833091482282e+00 1.916790160470398519e-01
2.057217943941818561e+00 6.913332459282624853e+00 1.918023591325983546e-01
1.823835322996629316e+00 7.329800735390112010e+00 4.573226017696487844e-01
2.044438652632708298e+00 6.646250239883009669e+00 8.293632844627829570e-02
1.886915832865764031e+00 7.118131600408304394e+00 3.098761069061186646e-01
1.631095663358539838e+00 6.687651856680467688e+00 2.055158168032722443e-01
1.845217017596086251e+00 6.521781743920133323e+00 5.856553325429558754e-03
2.430232190014354643e+00 7.328323617422345393e+00 4.191284385867746209e-01
2.460815341998452865e+00 6.961253257871852895e+00 3.514916665324641087e-01
2.028329716752399037e+00 6.992387920611278673e+00 2.572066671479191768e-01
2.250833305325635081e+00 6.517154020785399737e+00 1.824238873054184751e-02
1.502500457706943848e+00 6.966160535261698428e+00 4.743206548193796834e-01
2.110761485442457897e+00 6.824928584942076881e+00 4.232503722135660951e-01
1.668447861686187750e+00 6.778163768601549677e+00 6.685340900502545480e-02
1.726515558471815481e+00 6.722921402320098494e+00 1.361935649235590517e-01
3.410602550380092524e+00 7.387447052644775525e+00 4.183540429431999996e-01
2.619318983114084176e+00 6.973297928586109862e+00 4.691011448068493905e-02
3.275815723699505355e+00 6.897405086858178436e+00 1.237758620837539070e-01
2.591191488935738363e+00 6.566491296561537183e+00 8.891211041230917544e-02
3.139789254077745895e+00 6.501378173371147540e+00 1.953903450802449981e-01
2.732442725055094002e+00 7.068358450984526087e+00 2.087288808288008113e-01
2.521174021510638852e+00 7.066617253522199604e+00 1.085605438557379898e-02
3.057072073958330805e+00 6.975329622033818566e+00 4.472748625810023526e-01
2.561994016737134672e+00 7.178099998492598388e+00 4.569729734050831382e-01
3.457290782629183212e+00 7.438924377318958392e+00 3.087158801517766449e-01
3.185504305053296292e+00 7.390124436558291876e+00 2.481812320532590377e-01
2.920315149751056438e+00 7.372864823781686283e+00 1.492588848742570917e-01
2.737392656976650684e+00 7.259181787079189263e+00 1.184450235278191599e-01
3.010884966126049278e+00 7.340710895602510888e+00 4.829882577728543680e-01
3.394097606900265518e+00 6.756755703803570157e+00 2.659247183654471769e-01
2.624568446177683256e+00 7.140665811826494291e+00 3.191760148480575765e-01
3.263972880927365594e+00 7.322185150422431121e+00 1.596313706174417035e-01
3.388905443358883218e+00 7.237128491178445699e+00 1.862975743118493455e-01
2.664267858485651175e+00 7.494321549402013005e+00 3.956510230834560105e-01
3.101309653872206695e+00 7.338468772666026041e+00 4.246433468299422032e-01
3.440906392244357903e+00 6.636645594524509306e+00 4.286308292830209865e-01
2.537383063941177852e+00 6.526657672258355802e+00 3.053213539559429535e-01
2.989764549529690285e+00 6.791194904187488390e+00 3.388524508437367189e-01
3.971839730921940870e+00 7.333034729065111890e+00 2.622967414434267397e-01
3.637119340166247383e+00 7.369375284390923042e+00 4.368049136552834000e-01
3.941342315393827178e+00 6.732195758298434640e+00 3.724473458865187325e-01
3.792307690231417894e+00 6.573549301794141542e+00 9.368053054204672492e-02
4.383653386968060062e+00 6.762072087187535274e+00 4.661788900867342988e-01
3.986167734430427601e+00 7.217029014839702938e+00 2.029706324071849366e-01
3.720218603068378371e+00 6.918610310134010177e+00 3.310348936710560963e-02
4.381982474206214562e+00 7.414442700941842546e+00 4.984718238717569250e-01
3.679643885586674656e+00 6.736434263850881621e+00 2.307737748576688119e-01
3.633890323154442825e+00 7.155687214106702498e+00 1.307687023918191471e-01
4.482654274621028279e+00 7.237727633049344078e+00 4.638874235044969652e-01
4.040954450504141704e+00 6.746548443352917701e+00 4.770594180053997491e-01
3.620070093889516727e+00 7.335553681053452735e+00 1.614264776657243772e-01
4.388797830764136876e+00 6.796839318580641276e+00 3.851548222625922335e-02
4.043777434715032371e+00 6.859955959720663188e+00 2.394680583420552011e-01
4.198012068783212314e+00 6.961024031012874147e+00 2.950728353068328147e-01
3.634481139723456877e+00 7.259827230775581342e+00 3.612943077405699199e-01
3.581620653055658465e+00 7.183765953214457767e+00 3.656990741694308156e-01
5.220267575710799690e+00 6.612735482771407547e+00 4.655994613881038191e-01
5.467199228596346217e+00 7.372307304699329933e+00 3.867204199201719206e-01
5.329453836663072153e+00 6.909166847117223398e+00 3.407136024931975982e-01
4.812815065793074609e+00 6.888513363435308179e+00 1.348585634078762752e-01
5.274126834828376076e+00 7.134477814883720015e+00 1.699039747027644154e-01
5.357677995066564947e+00 6.774503419073234056e+00 7.548541331682834254e-02
4.988662146035931499e+00 6.905158409318083557e+00 3.912161391187751747e-02
5.438319011185225094e+00 7.451095889846957476e+00 2.835648920260958050e-02
5.317456265139098193e+00 6.672877198929201725e+00 1.899955543172708872e-01
4.563296139052241074e+00 7.129389367452226622e+00 3.745791167920504705e-01
4.796740436691546705e+00 6.669139178728496375e+00 3.030742060635454038e-01
5.325816957080359515e+00 7.362767658458885478e+00 4.592096627799566733e-01
5.129497277253191712e+00 7.018457708366405257e+00 3.127182319221155637e-02
5.050445866468550093e+00 7.003163045605628412e+00 2.270696631189927928e-01
4.993312132040468754e+00 6.954163136102078369e+00 4.616456419532575239e-01
4.826794241409940511e+00 6.819169956906097951e+00 3.392518926878000940e-01
4.592408563678130662e+00 6.802962299922567624e+00 1.003853658415891914e-01
5.483767191058216639e+00 6.667213321844881690e+00 8.200455893965319376e-02
4.985813143470544162e+00 7.371064205802738911e+00 7.424025259815714151e-02
4.587530684554646854e+00 6.975554924881745222e+00 3.674027717588508324e-01
5.300051800288859027e+00 7.042723765061698060e+00 4.707952036907414595e-02
4.770459994194645503e+00 6.805932002700478378e+00 6.113842640584898902e-02
5.550401566138464915e+00 7.494070693497516089e+00 4.394024518884513952e-01
5.612220674254889019e+00 7.445148356105363519e+00 3.780663769751591019e-01
6.441848389875584502e+00 6.770477794115848269e+00 1.665045388392805137e-02
5.834070630842031591e+00 6.960267038233313386e+00 2.389274000838881307e-02
6.067725316895632659e+00 6.712630844183985701e+00 2.599290065670718519e-01
6.237478167657712902e+00 7.147526412482182678e+00 4.906271412367910756e-01
5.563929138667905505e+00 7.249573486814654188e+00 4.131346673642415368e-01
5.734505256869560696e+00 6.721696961553899285e+00 4.578399488770923398e-01
6.447821306619944792e+00 7.116144234528551493e+00 1.177599442304817501e-01
6.192087329178395549e+00 6.873477059204137873e+00 4.858027707622749602e-01
6.127123771671147523e+00 7.147620275088607755e+00 3.373780854773702487e-01
5.924622811415744650e+00 7.055190700464464726e+00 3.303688391612062958e-01
5.812672798096425453e+00 6.896950860814943240e+00 4.898563602359420344e-01
5.699098246048620808e+00 6.981000379131632627e+00 2.233119623985704294e-01
6.190688558963399757e+00 6.617402166940294705e+00 3.760229277379121271e-01
5.712600066338810123e+00 6.833638230257911061e+00 1.987616236150913096e-02
5.631026887905937528e+00 7.361045331265749780e+00 8.879810300240897902e-02
6.363215981049840764e+00 6.578104734382446139e+00 7.488661070031454869e-02
7.068940211748898861e+00 7.223036097672943967e+00 3.471911923848516324e-01
6.580191568915047640e+00 6.681754422101082724e+00 2.742292652718703039e-02
6.828407015231558574e+00 7.498258915614377074e+00 3.524174639547794641e-01
6.564069649438110332e+00 6.941369989659568418e+00 2.083417652469439219e-01
7.071989122954288831e+00 6.704464880710245822e+00 4.667395056686292065e-01
6.715229148431541617e+00 6.744967546185343110e+00 9.643125683401798653e-02
6.881521010474319411e+00 6.925995420298082905e+00 3.553054061778091466e-01
6.850331080458477828e+00 6.752971244789424787e+00 4.107882751573708191e-01
7.011187213699537679e+00 6.842366773742455166e+00 3.414143276213366107e-01
6.668714331680778429e+00 6.641267413810767906e+00 4.554273597397049400e-01
6.559337161047618991e+00 7.385044658401472617e+00 1.756292071832277202e-02
6.873529392967702378e+00 7.143854450372888465e+00 4.100886858206465035e-01
6.521118663281978201e+00 7.414620026060973146e+00 2.312138693530734201e-01
6.504367639996036843e+00 7.301897384543696745e+00 2.127500069185561671e-01
6.961722909690035266e+00 7.022941213114339831e+00 4.707259268572308031e-01
6.544238543459622193e+00 6.738781865517204039e+00 4.019873114247314305e-01
6.688308215234478382e+00 6.779430438031219808e+00 3.540139285732912811e-01
6.923768520788929237e+00 6.841595633729134818e+00 4.351096414267985324e-01
7.459673803065413722e+00 6.765150569126806346e+00 2.664283911071212430e-01
